{
"type": "FeatureCollection",
"name": "Global south_clip",
"crs": { "type": "name", "properties": { "name": "urn:ogc:def:crs:OGC:1.3:CRS84" } },
"features": [
{ "type": "Feature", "properties": { "name": "Ma'tan al-Sarra", "iso3": null }, "geometry": { "type": "Polygon", "coordinates": [ [ [ 34.15064, 21.99603 ], [ 34.05218, 21.78432 ], [ 33.60049, 21.74406 ], [ 33.25104, 21.99977 ], [ 34.15064, 21.99603 ] ] ] } },
{ "type": "Feature", "properties": { "name": "Sudan", "iso3": "SDN" }, "geometry": { "type": "Polygon", "coordinates": [ [ [ 36.87558, 22.0001 ], [ 36.911380000000179, 21.608610000000112 ], [ 37.306590000000142, 21.063260000000128 ], [ 37.2475, 21.00166 ], [ 37.10319, 21.20791000000014 ], [ 37.24159, 19.56458 ], [ 37.435690000000136, 18.85389 ], [ 38.6075, 18.010830000000169 ], [ 38.2575, 17.53277 ], [ 37.512070000000108, 17.321180000000197 ], [ 37.42329, 17.03421 ], [ 36.993810000000174, 17.06489 ], [ 36.96687, 16.25993 ], [ 36.44328, 15.149950000000104 ], [ 36.54282000000012, 14.26205 ], [ 36.14254, 12.71485 ], [ 35.70108, 12.666120000000205 ], [ 35.083610000000135, 11.805550000000153 ], [ 34.97527, 10.86444 ], [ 34.80055, 10.723330000000203 ], [ 34.594440000000134, 10.887780000000134 ], [ 34.286110000000122, 10.554160000000138 ], [ 34.348330000000203, 10.23847000000012 ], [ 34.091164701214836, 9.490077470535425 ], [ 33.901794434000124, 9.498694420000163 ], [ 33.975711822000051, 10.085887909000064 ], [ 33.489158630000077, 10.650457382000184 ], [ 33.21904373100017, 10.735004425000056 ], [ 33.13528823900009, 11.625874518000046 ], [ 33.297737121000011, 12.21197414400018 ], [ 32.737613678000116, 12.235768318000169 ], [ 32.741420746000131, 11.946901320000109 ], [ 32.106578827000021, 11.944997787000034 ], [ 32.388309480000203, 11.685636520000116 ], [ 32.470626831000175, 11.042722703000095 ], [ 31.973049164000088, 10.627176285000075 ], [ 31.340013504000126, 9.792304991000037 ], [ 30.827327728000057, 9.718909264 ], [ 29.93661499000018, 10.285398483000108 ], [ 29.539020537000056, 10.079194069000096 ], [ 29.538087846000053, 9.750135422000142 ], [ 29.089797973000032, 9.751563072000124 ], [ 28.977008543000068, 9.64116089200013 ], [ 28.975285768000106, 10.117692578000174 ], [ 27.815060492000157, 10.143390627000088 ], [ 27.913839391978115, 9.603191025667968 ], [ 27.11077131749056, 9.62103698287882 ], [ 26.703883493083424, 9.488976899518718 ], [ 26.354102731750913, 9.592483451341423 ], [ 25.854415929847619, 10.438381823135046 ], [ 25.115593301318995, 10.324167696985796 ], [ 25.01208674949612, 10.013648041517285 ], [ 24.726551434122712, 9.738820300470422 ], [ 24.530245904803508, 8.842953248486424 ], [ 24.231240371192882, 8.642367490160552 ], [ 23.529650000000174, 8.708330000000103 ], [ 23.581670000000202, 8.99375 ], [ 23.44833, 9.019580000000133 ], [ 23.6493, 9.275970000000143 ], [ 23.66917, 9.866940000000113 ], [ 22.866510000000176, 10.92245 ], [ 22.97139, 11.28028 ], [ 22.55903, 11.62903 ], [ 22.61139, 11.99278 ], [ 22.43903, 12.347220000000107 ], [ 22.4643, 12.61486 ], [ 22.223330000000203, 12.74722 ], [ 21.95278, 12.64389 ], [ 21.8291, 12.7972 ], [ 22.285, 13.34056 ], [ 22.08444, 13.77917 ], [ 22.55618, 14.12979 ], [ 22.38653, 14.56264 ], [ 22.69993, 14.7041 ], [ 22.669170000000122, 14.853750000000105 ], [ 22.92937, 15.114020000000153 ], [ 22.937220000000138, 15.56194 ], [ 23.11816, 15.7102900000001 ], [ 23.99756, 15.702850000000183 ], [ 24.00583, 19.99882 ], [ 25.00083, 19.99912 ], [ 25.001420000000167, 21.9997 ], [ 31.2743, 21.998750000000143 ], [ 31.44833, 22.23222 ], [ 31.46027, 21.998190000000136 ], [ 33.25104000000016, 21.999770000000126 ], [ 33.60049, 21.744060000000104 ], [ 34.05218, 21.78432 ], [ 34.15064, 21.99603 ], [ 36.87558, 22.0001 ] ] ] } },
{ "type": "Feature", "properties": { "name": "Egypt", "iso3": "EGY" }, "geometry": { "type": "Polygon", "coordinates": [ [ [ 25.15222, 31.63514 ], [ 25.31444, 31.50146 ], [ 25.94722, 31.61778 ], [ 27.32319, 31.37611 ], [ 27.43889, 31.22278 ], [ 27.84416, 31.24375 ], [ 27.92139, 31.09805 ], [ 28.42972, 31.07889 ], [ 29.06944, 30.82166 ], [ 29.48333, 30.93778 ], [ 30.06444, 31.32027 ], [ 30.28972, 31.23736 ], [ 30.35545, 31.50284 ], [ 30.95611, 31.57569 ], [ 30.54417, 31.39319 ], [ 30.9025, 31.42028 ], [ 31.12646, 31.49666 ], [ 31.01222, 31.59701 ], [ 31.55694, 31.44222 ], [ 31.8717, 31.53492 ], [ 31.92148, 31.52989 ], [ 32.20249, 31.29093 ], [ 31.90965, 31.52757 ], [ 31.77746, 31.27739 ], [ 32.14307, 31.07417 ], [ 32.27979, 31.1243 ], [ 32.21475, 31.28243 ], [ 32.7118, 31.03354 ], [ 33.11562, 31.1925 ], [ 33.14361, 31.05833 ], [ 33.74389, 31.13333 ], [ 34.21666, 31.32333 ], [ 34.9038, 29.48671 ], [ 34.40916, 28.31875 ], [ 34.44194, 27.99694 ], [ 34.25444, 27.72861 ], [ 33.76333, 28.02194 ], [ 33.24277, 28.55444 ], [ 33.17256, 28.99507 ], [ 32.74139, 29.45472 ], [ 32.57562, 30.00271 ], [ 32.34083, 29.59486 ], [ 32.59638, 29.34055 ], [ 32.68861, 28.86778 ], [ 33.55888, 27.88305 ], [ 33.49472, 27.64389 ], [ 33.83736, 27.23666 ], [ 33.93833, 26.65528 ], [ 35.13861, 24.5175 ], [ 35.81117, 23.90701 ], [ 35.48583, 23.94291 ], [ 35.49187, 23.49458 ], [ 35.728817406000076, 22.890446280000049 ], [ 35.31578, 22.61641 ], [ 35.08571, 22.68351 ], [ 34.76939, 22.21378 ], [ 34.23845, 22.14668 ], [ 34.15064, 21.99603 ], [ 31.46027, 21.99819 ], [ 31.44833, 22.23222 ], [ 31.2743, 21.99875 ], [ 25.00142, 21.9997 ], [ 24.99778, 29.24889 ], [ 24.7068, 30.15916 ], [ 25.0175, 30.78924 ], [ 24.86812, 31.37083 ], [ 25.15222, 31.63514 ] ] ] } },
{ "type": "Feature", "properties": { "name": "Hala'ib Triangle", "iso3": null }, "geometry": { "type": "Polygon", "coordinates": [ [ [ 34.15064, 21.99603 ], [ 34.23845, 22.14668 ], [ 34.76939, 22.21378 ], [ 35.08571, 22.68351 ], [ 35.31578, 22.61641 ], [ 35.728817406000076, 22.890446280000049 ], [ 36.22902, 22.63541 ], [ 36.89569, 22.03416 ], [ 34.15064, 21.99603 ] ] ] } },
{ "type": "Feature", "properties": { "name": "Algeria", "iso3": "DZA" }, "geometry": { "type": "Polygon", "coordinates": [ [ [ 8.62203, 36.94137 ], [ 8.63805, 36.83111 ], [ 8.18167, 36.50527 ], [ 8.37639, 36.42014 ], [ 8.26056, 35.85638 ], [ 8.40111, 35.19222 ], [ 8.25271, 34.65521 ], [ 7.52889, 34.10431 ], [ 7.4925, 33.8875 ], [ 7.74306, 33.22916 ], [ 8.15778, 33.02805 ], [ 8.34861, 32.53333 ], [ 9.05722, 32.09555 ], [ 9.53711, 30.23439 ], [ 9.31139, 30.12722 ], [ 9.83972, 29.16 ], [ 9.79028, 28.27055 ], [ 9.95583, 27.84625 ], [ 9.73444, 27.31604 ], [ 9.91694, 26.67333 ], [ 9.87167, 26.51416 ], [ 9.49944, 26.3575 ], [ 9.39833, 26.15333 ], [ 10.03208, 25.32944 ], [ 10.05444, 24.83805 ], [ 10.25222, 24.60583 ], [ 10.41458, 24.48333 ], [ 10.71528, 24.56722 ], [ 11.55889, 24.3025 ], [ 11.98647, 23.5223 ], [ 7.46377, 20.85667 ], [ 5.8125, 19.44611 ], [ 3.33194, 18.97639 ], [ 3.11701, 19.14555 ], [ 3.27806, 19.40583 ], [ 3.23306, 19.81715 ], [ 2.42167, 20.05305 ], [ 2.20361, 20.28305 ], [ 1.78972, 20.31291 ], [ 1.6275, 20.57111 ], [ 1.17639, 20.73375 ], [ 1.1708, 21.10085 ], [ -4.52528, 24.825 ], [ -8.66679, 27.29046 ], [ -8.66722, 28.70944 ], [ -7.64236, 29.38611 ], [ -7.43639, 29.39611 ], [ -7.12625, 29.63583 ], [ -6.5834, 29.56833 ], [ -6.40028, 29.80444 ], [ -5.53069, 29.90597 ], [ -4.91514, 30.50986 ], [ -3.62222, 30.97361 ], [ -3.60014, 31.09083 ], [ -3.82389, 31.1616 ], [ -3.81347, 31.69805 ], [ -2.99944, 31.83333 ], [ -2.85944, 32.08652 ], [ -1.18056, 32.11222 ], [ -1.29188, 32.17229 ], [ -1.25042, 32.32347 ], [ -1.01181, 32.50555 ], [ -1.38278, 32.72444 ], [ -1.66667, 33.25888 ], [ -1.65444, 34.08361 ], [ -1.79333, 34.37833 ], [ -1.69258, 34.48908 ], [ -1.85497, 34.61437 ], [ -1.7576, 34.75465 ], [ -2.20944, 35.08583 ], [ -1.78056, 35.11722 ], [ -1.36931, 35.31291 ], [ -1.16889, 35.5775 ], [ -0.79167, 35.765 ], [ -0.61806, 35.71833 ], [ -0.37313, 35.90277 ], [ -0.05222, 35.80611 ], [ 0.20417, 36.10333 ], [ 1.1825, 36.51222 ], [ 2.5725, 36.58916 ], [ 2.90021, 36.79479 ], [ 3.47917, 36.76805 ], [ 3.90167, 36.91472 ], [ 4.78875, 36.89389 ], [ 5.32806, 36.64027 ], [ 6.23333, 36.9136 ], [ 6.39833, 37.08639 ], [ 6.92042, 36.8843 ], [ 7.17056, 36.92 ], [ 7.22972, 37.08639 ], [ 7.87667, 36.84749 ], [ 8.62203, 36.94137 ] ] ] } },
{ "type": "Feature", "properties": { "name": "China", "iso3": "CHN" }, "geometry": { "type": "MultiPolygon", "coordinates": [ [ [ [ 109.61081, 19.99389 ], [ 110.92602, 20.00375 ], [ 111.02155, 19.63829 ], [ 110.48322, 19.16761 ], [ 110.57947, 19.13929 ], [ 110.52554, 18.80083 ], [ 110.1072, 18.54222 ], [ 110.05026, 18.3852 ], [ 109.75944, 18.39152 ], [ 109.72221, 18.21611 ], [ 109.56667, 18.16888 ], [ 108.68706, 18.50562 ], [ 108.62832, 19.28028 ], [ 109.29387, 19.76 ], [ 109.16526, 19.7236 ], [ 109.2572, 19.89972 ], [ 109.46582, 19.82861 ], [ 109.61081, 19.99389 ] ] ], [ [ [ 110.54844, 21.06069 ], [ 110.49803, 20.95583 ], [ 110.24846, 20.98055 ], [ 110.32916, 21.07555 ], [ 110.54844, 21.06069 ] ] ], [ [ [ 110.44249, 21.15708 ], [ 110.46506, 21.18048 ], [ 110.6115, 21.19382 ], [ 110.53693, 21.09749 ], [ 110.44249, 21.15708 ] ] ], [ [ [ 111.99524, 21.61527 ], [ 111.83861, 21.64139 ], [ 112.00082, 21.65375 ], [ 111.99524, 21.61527 ] ] ], [ [ [ 112.86887, 21.76319 ], [ 112.767340000000104, 21.57611 ], [ 112.70276, 21.68472 ], [ 112.86887, 21.76319 ] ] ], [ [ [ 113.58804, 22.75055 ], [ 113.45055, 22.82638 ], [ 113.38921, 22.89423 ], [ 113.4922, 22.89444 ], [ 113.58804, 22.75055 ] ] ], [ [ [ 117.10055, 23.4893 ], [ 117.0336, 23.40389 ], [ 116.94511, 23.43451 ], [ 117.10055, 23.4893 ] ] ], [ [ [ 117.36984, 23.76222 ], [ 117.50665, 23.72569 ], [ 117.31053, 23.58194 ], [ 117.36984, 23.76222 ] ] ], [ [ [ 118.18852, 24.49194 ], [ 118.06302, 24.45472 ], [ 118.09685, 24.55215 ], [ 118.18852, 24.49194 ] ] ], [ [ [ 119.82667, 25.58277 ], [ 119.76034, 25.40367 ], [ 119.69638, 25.42805 ], [ 119.72304, 25.63889 ], [ 119.82667, 25.58277 ] ] ], [ [ [ 121.23944, 28.08694 ], [ 121.12109, 28.13583 ], [ 121.23804, 28.2011 ], [ 121.23944, 28.08694 ] ] ], [ [ [ 122.109290000000101, 29.78861 ], [ 122.18193, 29.69805 ], [ 122.16846, 29.65389 ], [ 122.03367, 29.71354 ], [ 122.109290000000101, 29.78861 ] ] ], [ [ [ 122.32402, 30.02083 ], [ 122.27811, 29.93125 ], [ 122.00804, 30.00444 ], [ 121.96367, 30.13902 ], [ 122.32402, 30.02083 ] ] ], [ [ [ 122.20984, 30.33958 ], [ 122.14249, 30.25 ], [ 122.07888, 30.295 ], [ 122.20984, 30.33958 ] ] ], [ [ [ 121.831100000000106, 31.45277 ], [ 121.401930000000107, 31.59833 ], [ 121.20386, 31.80054 ], [ 121.854290000000105, 31.54528 ], [ 121.831100000000106, 31.45277 ] ] ], [ [ [ 119.835, 32.25027 ], [ 119.89735, 32.07111 ], [ 119.78532, 32.12881 ], [ 119.8196, 32.19235 ], [ 119.71274, 32.26674 ], [ 119.835, 32.25027 ] ] ], [ [ [ 121.3372, 39.4786 ], [ 121.40942, 39.36138 ], [ 121.259010000000103, 39.38041 ], [ 121.3372, 39.4786 ] ] ], [ [ [ 130.60437, 42.42186 ], [ 130.24678, 42.71415 ], [ 130.25142, 42.88794 ], [ 129.90459, 43.00457 ], [ 129.69553, 42.43582 ], [ 129.34927, 42.44624 ], [ 128.92692, 42.02736 ], [ 128.05664, 42.00124 ], [ 128.30025, 41.58284 ], [ 128.1529, 41.38124 ], [ 127.27083, 41.47249 ], [ 126.90471, 41.79222 ], [ 126.56607, 41.61176 ], [ 126.51026, 41.38999 ], [ 126.01179, 40.89694 ], [ 124.88512, 40.47037 ], [ 124.128020000000106, 39.82777 ], [ 123.40694, 39.73443 ], [ 123.24221, 39.8143 ], [ 123.21666, 39.67388 ], [ 122.39862, 39.41166 ], [ 121.94671, 39.0352 ], [ 121.64804, 38.99638 ], [ 121.69818, 38.8611 ], [ 121.18734, 38.71909 ], [ 121.08867, 38.91221 ], [ 121.67943, 39.09013 ], [ 121.59943, 39.2186 ], [ 121.7511, 39.35166 ], [ 121.22834, 39.52846 ], [ 121.533, 39.62322 ], [ 121.46832, 39.81138 ], [ 121.88095, 40.00305 ], [ 122.29866, 40.50562 ], [ 122.05213, 40.73874 ], [ 121.36373, 40.93138 ], [ 120.96986, 40.81534 ], [ 121.03242, 40.71103 ], [ 120.82582, 40.6611 ], [ 120.44679, 40.1961 ], [ 119.52645, 39.87242 ], [ 118.97152, 39.15693 ], [ 118.60915, 39.18929 ], [ 118.32728, 39.04083 ], [ 118.05526, 39.22305 ], [ 117.743880000000104, 39.105 ], [ 117.53638, 38.67555 ], [ 117.67221, 38.38666 ], [ 118.11053, 38.14639 ], [ 118.83776, 38.15291 ], [ 119.035530000000108, 37.87832 ], [ 118.95665, 37.30054 ], [ 119.23275, 37.14361 ], [ 119.76722, 37.15138 ], [ 119.8529, 37.35228 ], [ 120.73706, 37.83499 ], [ 121.57999, 37.42458 ], [ 122.12817, 37.55256 ], [ 122.181380000000104, 37.41833 ], [ 122.55858, 37.39624 ], [ 122.59721, 37.20999 ], [ 122.40054, 37.02583 ], [ 122.53915, 37.01978 ], [ 122.50471, 36.89361 ], [ 122.19234, 36.84298 ], [ 121.95665, 37.00028 ], [ 121.59444, 36.75889 ], [ 121.511170000000106, 36.77929 ], [ 121.58527, 36.84423 ], [ 121.01575, 36.581 ], [ 120.77638, 36.61666 ], [ 120.96, 36.52638 ], [ 120.87526, 36.37582 ], [ 120.70624, 36.42277 ], [ 120.69563, 36.14075 ], [ 120.34359, 36.0419 ], [ 120.30781, 36.26345 ], [ 120.08885, 36.19998 ], [ 120.23776, 35.95943 ], [ 119.64745, 35.57893 ], [ 119.17609, 34.88499 ], [ 119.19747, 34.76971 ], [ 120.24873, 34.31145 ], [ 120.88582, 32.97499 ], [ 120.83749, 32.63889 ], [ 121.33485, 32.42958 ], [ 121.44123, 32.11333 ], [ 121.73888, 31.9986 ], [ 121.8902700000001, 31.76194 ], [ 121.82747, 31.67833 ], [ 120.94442, 31.86639 ], [ 120.60193, 32.09361 ], [ 120.09901, 31.94555 ], [ 119.861720000000105, 32.27465 ], [ 119.76179, 32.32729 ], [ 119.61311, 32.19065 ], [ 119.7872, 32.18804 ], [ 119.76802, 32.11984 ], [ 119.88504, 31.99194 ], [ 120.13638, 31.90389 ], [ 120.70262, 31.98833 ], [ 120.71963, 31.81944 ], [ 121.668050000000108, 31.30889 ], [ 121.86971, 31.00833 ], [ 121.8747, 30.87069 ], [ 121.43678, 30.80014 ], [ 120.99151, 30.56889 ], [ 120.87526, 30.36388 ], [ 120.45858, 30.39298 ], [ 120.14998, 30.19694 ], [ 120.50819, 30.31027 ], [ 120.61511, 30.11048 ], [ 120.79158, 30.06465 ], [ 121.2808, 30.30458 ], [ 121.67776, 29.96305 ], [ 122.1045, 29.90083 ], [ 121.69179, 29.56083 ], [ 121.448310000000106, 29.51167 ], [ 121.4397, 29.41694 ], [ 121.97436, 29.58916 ], [ 121.93359, 29.19528 ], [ 121.8119200000001, 29.18388 ], [ 121.79692, 29.37236 ], [ 121.74436, 29.19729 ], [ 121.5611, 29.29111 ], [ 121.41352, 29.1634 ], [ 121.69136, 29.02194 ], [ 121.6822, 28.91645 ], [ 121.49081, 28.9359 ], [ 121.65957, 28.83194 ], [ 121.6113, 28.72798 ], [ 121.14638, 28.84215 ], [ 121.48443, 28.66993 ], [ 121.64166, 28.34722 ], [ 121.45527, 28.33805 ], [ 121.34193, 28.13889 ], [ 121.16513, 28.38277 ], [ 120.93525, 27.98222 ], [ 120.59082, 28.07944 ], [ 120.83999, 27.87229 ], [ 120.58117, 27.59319 ], [ 120.66554, 27.45083 ], [ 120.50749, 27.20777 ], [ 120.18956, 27.28278 ], [ 120.4211, 27.14764 ], [ 120.03318, 26.89805 ], [ 120.12796, 26.64465 ], [ 119.86026, 26.51778 ], [ 120.073310000000106, 26.78822 ], [ 119.92297, 26.78979 ], [ 119.86679, 26.64888 ], [ 119.78791, 26.79611 ], [ 119.68797, 26.8127 ], [ 119.70375, 26.6943 ], [ 119.55027, 26.75625 ], [ 119.55262, 26.6175 ], [ 119.73707, 26.60805 ], [ 119.82041, 26.44222 ], [ 119.57748, 26.47388 ], [ 119.65804, 26.33861 ], [ 119.94887, 26.36777 ], [ 119.66888, 26.2818 ], [ 119.42526, 25.99694 ], [ 119.097490000000107, 26.14041 ], [ 119.354020000000105, 25.93788 ], [ 119.705830000000105, 25.99069 ], [ 119.580740000000105, 25.67996 ], [ 119.45221, 25.68222 ], [ 119.6454, 25.35333 ], [ 119.31495, 25.60649 ], [ 119.10527, 25.42097 ], [ 119.35256, 25.25319 ], [ 119.27263, 25.17208 ], [ 119.09207, 25.10555 ], [ 119.06137, 25.27305 ], [ 118.874870000000101, 25.2426 ], [ 118.96776, 25.17725 ], [ 118.84707, 25.08298 ], [ 119.011440000000107, 24.94763 ], [ 118.57291, 24.88291 ], [ 118.76311, 24.75673 ], [ 118.62276, 24.54389 ], [ 118.43997, 24.62833 ], [ 118.23971, 24.53639 ], [ 118.1688, 24.68194 ], [ 117.98248, 24.5643 ], [ 118.01988, 24.44024 ], [ 117.79473, 24.46019 ], [ 118.12373, 24.25875 ], [ 117.76332, 23.91722 ], [ 117.76263, 24.06 ], [ 117.6147, 23.86361 ], [ 117.3047, 23.75833 ], [ 117.19568, 23.62437 ], [ 116.91794, 23.65919 ], [ 116.76033, 23.35499 ], [ 116.532200000000103, 23.42024 ], [ 116.78707, 23.23666 ], [ 116.51389, 23.21083 ], [ 116.48171, 22.93902 ], [ 115.79775, 22.73916 ], [ 115.64026, 22.88416 ], [ 115.53665, 22.65889 ], [ 115.16138, 22.80833 ], [ 114.8889, 22.70277 ], [ 114.93666, 22.65 ], [ 114.87221, 22.53305 ], [ 114.71805, 22.64028 ], [ 114.77818, 22.81402 ], [ 114.52083, 22.69972 ], [ 114.61359, 22.50423 ], [ 114.36595, 22.6093 ], [ 113.86081, 22.47444 ], [ 113.52334, 23.01665 ], [ 113.8219, 23.11724 ], [ 113.68359, 23.1527 ], [ 113.47928, 23.05083 ], [ 113.362890000000107, 22.87986 ], [ 113.56477, 22.54944 ], [ 113.51465, 22.17888 ], [ 113.16873, 22.56701 ], [ 113.38679, 22.17965 ], [ 113.22262, 22.04069 ], [ 113.08485, 22.20486 ], [ 112.94005, 21.8693 ], [ 112.82402, 21.96472 ], [ 112.28194, 21.70139 ], [ 111.89214, 21.91611 ], [ 111.96693, 21.75139 ], [ 111.85852, 21.67326 ], [ 111.67623, 21.77819 ], [ 111.78317, 21.61264 ], [ 111.64395, 21.5268 ], [ 111.02845, 21.52528 ], [ 110.65109, 21.25445 ], [ 110.76182, 21.42617 ], [ 110.62775, 21.36944 ], [ 110.53276, 21.21138 ], [ 110.39435, 21.37322 ], [ 110.3906, 21.16298 ], [ 110.15358, 20.98527 ], [ 110.15936, 20.84381 ], [ 110.37553, 20.84083 ], [ 110.32388, 20.63999 ], [ 110.52736, 20.48618 ], [ 110.27887, 20.24611 ], [ 109.92443, 20.23361 ], [ 109.88275, 20.36 ], [ 110.00686, 20.4318 ], [ 109.7511, 20.64111 ], [ 109.6629, 20.92416 ], [ 109.76915, 21.33472 ], [ 109.94109, 21.44694 ], [ 109.76343, 21.57982 ], [ 109.66046, 21.50569 ], [ 109.57332, 21.72333 ], [ 109.53443, 21.49499 ], [ 109.14276, 21.39666 ], [ 109.13749, 21.58305 ], [ 108.91096, 21.61611 ], [ 108.87025, 21.79889 ], [ 108.74026, 21.59889 ], [ 108.63084, 21.88421 ], [ 108.46922, 21.93562 ], [ 108.55911, 21.68371 ], [ 108.46623, 21.55875 ], [ 108.3336, 21.69 ], [ 108.20797, 21.49916 ], [ 108.20444, 21.59444 ], [ 107.96888, 21.53569 ], [ 107.78305, 21.66694 ], [ 107.36273, 21.60526 ], [ 107.02402, 21.82062 ], [ 107.0211, 21.93916 ], [ 106.69332, 22.03083 ], [ 106.55171, 22.45682 ], [ 106.75749, 22.82194 ], [ 106.52196, 22.93267 ], [ 106.29429, 22.85708 ], [ 106.13472, 22.98861 ], [ 105.87707, 22.91253 ], [ 105.35872, 23.32416 ], [ 104.9075, 23.18027 ], [ 104.73193, 22.81805 ], [ 104.37471, 22.6875 ], [ 104.25916, 22.82788 ], [ 104.11129, 22.79812 ], [ 103.96866, 22.50387 ], [ 103.65381, 22.78287 ], [ 103.52242, 22.58436 ], [ 103.33368, 22.79451 ], [ 103.0647, 22.44083 ], [ 102.50097, 22.7718 ], [ 102.14074, 22.39629 ], [ 101.69136, 22.47222 ], [ 101.57443, 22.20916 ], [ 101.76527, 21.83444 ], [ 101.78595, 21.14451 ], [ 101.2536, 21.21041 ], [ 101.12056, 21.77052 ], [ 100.6397, 21.47694 ], [ 100.37317, 21.53819 ], [ 100.20568, 21.43546 ], [ 99.97763, 21.72555 ], [ 99.95741, 22.05018 ], [ 99.16785, 22.15592 ], [ 99.38457, 22.50694 ], [ 99.34457, 22.70999 ], [ 99.56484, 22.93659 ], [ 99.5113, 23.08204 ], [ 98.92747, 23.18916 ], [ 98.6799, 23.97076 ], [ 98.89073, 24.16007 ], [ 98.06449, 24.08909 ], [ 97.64998, 23.8517 ], [ 97.5372, 23.9486 ], [ 97.74845, 24.16125 ], [ 97.71277, 24.37527 ], [ 97.54304, 24.47666 ], [ 97.55255, 24.73992 ], [ 97.82735, 25.2509 ], [ 97.94498, 25.21618 ], [ 98.19109, 25.61527 ], [ 98.36137, 25.56944 ], [ 98.54078, 25.84489 ], [ 98.7104, 25.85597 ], [ 98.56944, 26.12527 ], [ 98.73109, 26.18472 ], [ 98.77554, 26.60583 ], [ 98.69699, 27.52972 ], [ 98.45887, 27.6725 ], [ 98.31991, 27.54014 ], [ 98.14499, 28.14889 ], [ 97.7061, 28.51903 ], [ 97.55887, 28.54652 ], [ 97.34888, 28.22277 ], [ 96.65387, 28.46749 ], [ 96.40193, 28.35111 ], [ 96.34027, 28.525 ], [ 96.61373, 28.79569 ], [ 96.47083, 29.05666 ], [ 96.17532, 28.90139 ], [ 96.14888, 29.05972 ], [ 96.39172, 29.25757 ], [ 96.23317, 29.25597 ], [ 96.08315, 29.46444 ], [ 95.38777, 29.03527 ], [ 94.64751, 29.33346 ], [ 94.23456, 29.07348 ], [ 93.96172, 28.6692 ], [ 93.35194, 28.61876 ], [ 93.22205, 28.3193 ], [ 92.71044, 28.1419 ], [ 92.64373, 27.91625 ], [ 92.01443, 27.73472 ], [ 91.65776, 27.76472 ], [ 91.66277, 27.945 ], [ 91.30138, 28.08111 ], [ 91.08693, 27.96999 ], [ 90.3765, 28.07958 ], [ 90.38898, 28.24256 ], [ 89.99819, 28.32369 ], [ 89.48749, 28.05777 ], [ 88.91693, 27.32083 ], [ 88.76464, 27.54243 ], [ 88.83576, 28.00805 ], [ 88.62435, 28.1168 ], [ 87.72054, 27.805 ], [ 87.19275, 27.82305 ], [ 86.69527, 28.11166 ], [ 86.45137, 27.90888 ], [ 86.22305, 28.01139 ], [ 86.19769, 28.15805 ], [ 86.0054, 27.88625 ], [ 85.72138, 28.27916 ], [ 85.11095, 28.30666 ], [ 85.19518, 28.59104 ], [ 84.84665, 28.54444 ], [ 84.48623, 28.73402 ], [ 84.23693, 28.91888 ], [ 84.11651, 29.26097 ], [ 83.5479, 29.18902 ], [ 83.19108, 29.63166 ], [ 82.87206, 29.66694 ], [ 82.17525, 30.06923 ], [ 82.11123, 30.33444 ], [ 81.42623, 30.385 ], [ 81.38082, 30.1725 ], [ 81.11943, 30.01944 ], [ 80.99352, 30.26395 ], [ 80.23276, 30.57416 ], [ 79.86695, 30.96858 ], [ 78.86825, 31.16133 ], [ 78.71248, 31.50271 ], [ 78.84248, 31.6075 ], [ 78.69289, 31.77972 ], [ 78.77075, 31.96847 ], [ 78.47594, 32.24304 ], [ 78.39707, 32.53456 ], [ 78.74677, 32.71145 ], [ 78.78554, 32.47176 ], [ 78.97109, 32.3508 ], [ 79.314, 32.60536 ], [ 79.15359, 33.18172 ], [ 78.94845, 33.37895 ], [ 78.89293, 33.59669 ], [ 79.08741, 33.62366 ], [ 78.89098, 33.95443 ], [ 79.37968, 34.02498 ], [ 79.52887, 34.45641 ], [ 79.73997, 34.41514 ], [ 79.72615, 34.52443 ], [ 80.07789, 34.68748 ], [ 80.36568, 35.45579 ], [ 80.24037, 35.55502 ], [ 80.03006, 35.42959 ], [ 79.36835, 35.9768 ], [ 78.62531, 35.91654 ], [ 77.88883, 35.44156 ], [ 76.89526, 35.6125 ], [ 76.59414, 35.75722 ], [ 76.55304, 35.90665 ], [ 76.18061, 35.81458 ], [ 75.92887, 36.07082 ], [ 76.04165, 36.23749 ], [ 75.85983, 36.66339 ], [ 75.45178, 36.73166 ], [ 75.37636, 36.92486 ], [ 74.39499, 37.14646 ], [ 75.18749, 37.40658 ], [ 74.9036, 37.65243 ], [ 74.9865, 37.78657 ], [ 74.79248, 38.19521 ], [ 74.85443, 38.47257 ], [ 74.35471, 38.67438 ], [ 74.12276, 38.66688 ], [ 74.07874, 38.54507 ], [ 73.84221, 38.59104 ], [ 73.70819, 38.88653 ], [ 73.85235, 38.97257 ], [ 73.62005, 39.23569 ], [ 73.65569, 39.45483 ], [ 73.95471, 39.59965 ], [ 73.8429, 39.76896 ], [ 73.99096, 40.04202 ], [ 74.88089, 40.32792 ], [ 74.85879, 40.51723 ], [ 75.23394, 40.45042 ], [ 75.58284, 40.64452 ], [ 75.70374, 40.298 ], [ 76.3344, 40.35324 ], [ 76.87067, 41.01258 ], [ 78.08083, 41.04079 ], [ 78.67082, 41.53189 ], [ 79.87318, 42.01343 ], [ 80.26944, 42.05426 ], [ 80.15803, 42.63245 ], [ 80.25795, 42.81565 ], [ 80.57226, 42.88545 ], [ 80.38405, 43.02906 ], [ 80.81527, 43.1683 ], [ 80.36887, 44.11378 ], [ 80.38499, 44.6358 ], [ 80.51589, 44.73408 ], [ 79.87106, 44.90282 ], [ 81.67928, 45.3497 ], [ 81.94803, 45.15748 ], [ 82.29693, 45.23776 ], [ 82.56637, 45.13303 ], [ 82.64624, 45.43581 ], [ 82.32179, 45.5831 ], [ 83.03443, 47.20062 ], [ 83.93026, 46.97332 ], [ 84.67804, 46.99361 ], [ 84.80318, 46.8277 ], [ 85.52257, 47.0591 ], [ 85.70139, 47.26222 ], [ 85.53707, 47.93721 ], [ 85.73915, 48.35638 ], [ 86.59791, 48.54278 ], [ 86.77888, 48.7211 ], [ 86.73103, 48.972 ], [ 86.87602, 49.1102 ], [ 87.8407, 49.17295 ], [ 87.89291, 48.98304 ], [ 87.7611, 48.88103 ], [ 88.05942, 48.735 ], [ 87.99193, 48.56541 ], [ 88.51679, 48.40582 ], [ 88.61179, 48.21193 ], [ 89.08514, 47.99374 ], [ 89.54873, 48.04208 ], [ 89.78554, 47.82926 ], [ 90.07096, 47.88791 ], [ 90.3512, 47.62797 ], [ 90.54415, 47.24444 ], [ 91.04331, 46.72485 ], [ 90.92151, 46.29694 ], [ 91.02651, 46.01735 ], [ 90.68193, 45.57972 ], [ 90.89694, 45.25305 ], [ 91.56089, 45.07729 ], [ 93.55471, 44.95722 ], [ 94.71735, 44.35499 ], [ 95.41061, 44.29416 ], [ 95.34109, 44.01937 ], [ 95.53339, 43.99311 ], [ 95.87901, 43.28388 ], [ 96.35693, 42.90694 ], [ 96.38207, 42.73499 ], [ 97.1654, 42.79582 ], [ 99.51012, 42.57194 ], [ 100.84248, 42.67707 ], [ 101.8147, 42.50972 ], [ 102.0772, 42.23333 ], [ 102.71249, 42.16138 ], [ 103.41638, 41.88721 ], [ 103.84943, 41.80249 ], [ 104.52666, 41.87721 ], [ 104.52374, 41.67069 ], [ 105.00651, 41.58666 ], [ 105.85527, 41.9875 ], [ 107.47582, 42.46625 ], [ 109.51401, 42.45652 ], [ 110.44054, 42.77777 ], [ 110.9897, 43.31694 ], [ 111.95833, 43.69221 ], [ 111.87944, 43.93888 ], [ 111.42137, 44.37527 ], [ 111.87303, 45.04944 ], [ 112.4272, 45.08055 ], [ 112.85305, 44.8461 ], [ 113.63805, 44.74527 ], [ 114.45401, 45.20611 ], [ 114.54526, 45.38944 ], [ 115.4747, 45.41415 ], [ 116.18956, 45.70874 ], [ 116.38417, 46.1125 ], [ 116.84166, 46.39361 ], [ 117.37082, 46.36444 ], [ 117.42498, 46.57069 ], [ 117.84554, 46.53645 ], [ 118.3147, 46.73638 ], [ 118.86651, 46.77201 ], [ 119.70679, 46.59895 ], [ 119.89804, 46.67695 ], [ 119.92249, 46.90222 ], [ 119.727490000000103, 47.16652 ], [ 118.53934, 47.99475 ], [ 117.80455, 48.01124 ], [ 117.38268, 47.65742 ], [ 116.874690000000101, 47.88805 ], [ 116.26236, 47.87818 ], [ 115.92311, 47.69186 ], [ 115.59441, 47.91749 ], [ 115.54907, 48.14353 ], [ 115.83582, 48.25249 ], [ 115.8111, 48.52055 ], [ 116.71138, 49.83047 ], [ 117.87471, 49.52058 ], [ 118.574570000000108, 49.92263 ], [ 119.32103, 50.09631 ], [ 119.35999, 50.33028 ], [ 119.13859, 50.39027 ], [ 120.06415, 51.62082 ], [ 120.65203, 51.91435 ], [ 120.776660000000106, 52.115 ], [ 120.6259, 52.34423 ], [ 120.71217, 52.54267 ], [ 120.08193, 52.58805 ], [ 120.03144, 52.76819 ], [ 120.86651, 53.27978 ], [ 123.25471, 53.55374 ], [ 123.86637, 53.48054 ], [ 124.81833, 53.12694 ], [ 125.164990000000103, 53.19305 ], [ 125.72748, 52.98152 ], [ 125.65734, 52.8752 ], [ 126.06485, 52.78159 ], [ 125.99429, 52.57611 ], [ 126.33388, 52.39583 ], [ 126.31887, 52.19221 ], [ 126.55498, 52.12694 ], [ 126.44122, 51.99436 ], [ 126.91388, 51.38138 ], [ 126.81761, 51.26555 ], [ 126.96887, 51.31923 ], [ 126.9331, 51.05825 ], [ 127.29193, 50.74138 ], [ 127.33402, 50.31472 ], [ 127.58607, 50.20856 ], [ 127.51501, 49.80588 ], [ 127.83805, 49.58665 ], [ 128.711910000000103, 49.58443 ], [ 129.11179, 49.34676 ], [ 129.49021, 49.4158 ], [ 130.22462, 48.86464 ], [ 130.67399, 48.86041 ], [ 130.52359, 48.60576 ], [ 130.82399, 48.3268 ], [ 130.65983, 48.10839 ], [ 130.992170000000101, 47.68721 ], [ 132.52109, 47.71028 ], [ 133.08273, 48.09888 ], [ 133.48427, 48.06888 ], [ 133.75137, 48.24972 ], [ 134.41534, 48.39112 ], [ 134.74076, 48.26713 ], [ 134.55759, 47.99207 ], [ 134.76082, 47.70027 ], [ 134.55478, 47.46914 ], [ 134.182460000000106, 47.32332 ], [ 134.21519, 47.09968 ], [ 133.84718, 46.47888 ], [ 133.90161, 46.25363 ], [ 133.47606, 45.82347 ], [ 133.47025, 45.62458 ], [ 133.14913, 45.45083 ], [ 133.11747, 45.12457 ], [ 132.93146, 45.02141 ], [ 131.868430000000103, 45.34582 ], [ 131.46911, 44.97388 ], [ 130.95299, 44.83648 ], [ 131.29803, 44.05194 ], [ 131.19123, 43.53624 ], [ 131.31039, 43.38958 ], [ 131.1285, 42.91645 ], [ 130.43274, 42.74485 ], [ 130.60522, 42.61971 ], [ 130.60437, 42.42186 ] ] ] ] } },
{ "type": "Feature", "properties": { "name": "Aruba", "iso3": "ABW" }, "geometry": { "type": "Polygon", "coordinates": [ [ [ -69.874859999999899, 12.41528 ], [ -70.05904, 12.54021 ], [ -70.05966, 12.62778 ], [ -69.93224, 12.52806 ], [ -69.874859999999899, 12.41528 ] ] ] } },
{ "type": "Feature", "properties": { "name": "Colombia", "iso3": "COL" }, "geometry": { "type": "MultiPolygon", "coordinates": [ [ [ [ -78.11932, 2.50208 ], [ -78.21487, 2.57639 ], [ -78.19126, 2.63917 ], [ -78.10556, 2.59597 ], [ -78.11932, 2.50208 ] ] ], [ [ [ -77.50019, 4.20968 ], [ -77.42292, 4.3343 ], [ -77.31973, 4.25167 ], [ -77.33307, 4.23944 ], [ -77.50019, 4.20968 ] ] ], [ [ [ -71.32472, 11.85305 ], [ -71.96848, 11.66625 ], [ -72.20935, 11.25 ], [ -72.49125, 11.12278 ], [ -72.90355, 10.44444 ], [ -73.00473, 9.76833 ], [ -73.37807, 9.17139 ], [ -73.01, 9.30201 ], [ -72.77973, 9.08028 ], [ -72.66446, 8.64111 ], [ -72.33667, 8.15194 ], [ -72.47244, 7.49798 ], [ -72.15473, 7.32528 ], [ -71.99236, 7.01625 ], [ -71.18126, 6.96347 ], [ -70.71973, 7.09805 ], [ -70.11917, 6.97583 ], [ -69.42946, 6.11861 ], [ -69.24174, 6.0841 ], [ -69.0564, 6.21611 ], [ -68.63841, 6.13549 ], [ -67.83119, 6.30757 ], [ -67.45445, 6.19306 ], [ -67.41398, 5.99554 ], [ -67.84863, 5.30652 ], [ -67.85876, 4.56125 ], [ -67.63515, 3.79764 ], [ -67.29285, 3.39604 ], [ -67.83307, 2.87667 ], [ -67.19251, 2.3925 ], [ -66.87045, 1.22093 ], [ -67.07528, 1.1725 ], [ -67.07118, 1.62041 ], [ -67.42258, 2.14285 ], [ -67.91473, 1.74528 ], [ -68.19639, 1.9775 ], [ -68.25723, 1.85278 ], [ -68.15306, 1.72417 ], [ -69.8461, 1.71046 ], [ -69.84222, 1.07222 ], [ -69.26487, 1.03389 ], [ -69.12781, 0.64403 ], [ -69.45928, 0.7366 ], [ -70.04473, 0.585 ], [ -70.058059999999898, -0.1575 ], [ -69.60654, -0.51986 ], [ -69.37855, -1.33792 ], [ -69.95692, -4.23687 ], [ -70.32306, -3.79917 ], [ -70.72416, -3.77972 ], [ -70.0675, -2.75556 ], [ -70.29539, -2.50128 ], [ -70.56445, -2.49333 ], [ -70.85897, -2.22535 ], [ -71.36168, -2.34694 ], [ -71.6932, -2.14792 ], [ -71.8898, -2.37778 ], [ -72.22751, -2.49889 ], [ -72.59015, -2.40722 ], [ -72.88196, -2.50639 ], [ -73.11529, -2.32875 ], [ -73.13278, -1.84917 ], [ -73.49057, -1.76694 ], [ -73.5557, -1.37528 ], [ -74.2407, -1.01292 ], [ -74.37612, -0.56806 ], [ -74.77237, -0.20792 ], [ -75.76084, 0.04681 ], [ -76.24306, 0.39556 ], [ -76.54515, 0.21917 ], [ -77.37945, 0.38472 ], [ -77.67834, 0.83722 ], [ -78.1, 0.91597 ], [ -79.05028, 1.63181 ], [ -78.84494, 1.83653 ], [ -78.5875, 1.76715 ], [ -78.68687, 2.19347 ], [ -78.56529, 2.42917 ], [ -77.98695, 2.5225 ], [ -77.93747, 2.6509 ], [ -77.74542, 2.61042 ], [ -77.781109999999899, 2.75639 ], [ -77.03272, 3.9184 ], [ -77.26542, 3.84014 ], [ -77.18723, 4.06028 ], [ -77.36625, 3.92597 ], [ -77.43445, 4.03139 ], [ -77.42557, 4.17868 ], [ -77.2423, 4.2609 ], [ -77.38244, 4.34215 ], [ -77.34778, 5.24055 ], [ -77.53223, 5.51889 ], [ -77.24084, 5.75819 ], [ -77.48889, 6.18535 ], [ -77.34043, 6.56736 ], [ -77.889719999999897, 7.22889 ], [ -77.74403, 7.72 ], [ -77.57744, 7.52618 ], [ -77.21556, 7.93722 ], [ -77.46858, 8.4717 ], [ -77.36667, 8.675 ], [ -76.83411, 8.1291 ], [ -76.92389, 7.93604 ], [ -76.757919999999899, 7.91917 ], [ -76.77382, 8.41125 ], [ -76.92834, 8.56833 ], [ -76.31751, 8.93861 ], [ -76.08974, 9.33583 ], [ -75.63431, 9.44819 ], [ -75.50403, 10.55014 ], [ -74.86081, 11.12549 ], [ -74.29223, 10.99903 ], [ -74.59174, 10.87764 ], [ -74.39501, 10.74215 ], [ -74.15501, 11.33139 ], [ -73.28445, 11.29555 ], [ -72.76876, 11.68778 ], [ -72.25862, 11.88917 ], [ -72.15792, 12.24111 ], [ -71.93779, 12.16278 ], [ -71.69084, 12.4593 ], [ -71.22084, 12.30208 ], [ -71.11418, 12.04889 ], [ -71.32472, 11.85305 ] ] ], [ [ [ -81.68132, 12.58576 ], [ -81.72015, 12.54528 ], [ -81.69237, 12.59028 ], [ -81.68132, 12.58576 ] ] ] ] } },
{ "type": "Feature", "properties": { "name": "Holy See", "iso3": "VAT" }, "geometry": { "type": "Polygon", "coordinates": [ [ [ 12.45451, 41.90022 ], [ 12.45052, 41.90653 ], [ 12.45767, 41.90578 ], [ 12.45451, 41.90022 ] ] ] } },
{ "type": "Feature", "properties": { "name": "Equatorial Guinea", "iso3": "GNQ" }, "geometry": { "type": "MultiPolygon", "coordinates": [ [ [ [ 11.33976, 2.16861 ], [ 11.35389, 1.00194 ], [ 9.95151, 0.93016 ], [ 9.8459, 1.07472 ], [ 9.36472, 1.14944 ], [ 9.8134, 1.92979 ], [ 9.81176, 2.3437 ], [ 10.02097, 2.16819 ], [ 11.33976, 2.16861 ] ] ], [ [ [ 8.96014, 3.70181 ], [ 8.69528, 3.19944 ], [ 8.44611, 3.27444 ], [ 8.68611, 3.74167 ], [ 8.96014, 3.70181 ] ] ] ] } },
{ "type": "Feature", "properties": { "name": "Congo", "iso3": "COG" }, "geometry": { "type": "Polygon", "coordinates": [ [ [ 18.62496, 3.47944 ], [ 18.61583, 3.13806 ], [ 18.09187, 2.22243 ], [ 18.07028, 1.52889 ], [ 17.87361, 0.99236 ], [ 17.96111, 0.39972 ], [ 17.71569, -0.14208 ], [ 17.71222, -0.54472 ], [ 17.32305, -1.00417 ], [ 16.86194, -1.25444 ], [ 16.52844, -1.86247 ], [ 16.19403, -2.18097 ], [ 16.22694, -3.32833 ], [ 15.8905, -3.94301 ], [ 15.53528, -4.0582 ], [ 15.45139, -4.27292 ], [ 15.21805, -4.33403 ], [ 14.6693, -4.90722 ], [ 14.41889, -4.88722 ], [ 14.36732, -4.5551 ], [ 14.48708, -4.42931 ], [ 14.37222, -4.28333 ], [ 13.96035, -4.49486 ], [ 13.73028, -4.44833 ], [ 13.69958, -4.72583 ], [ 13.41208, -4.88278 ], [ 12.77905, -4.38899 ], [ 12.00104, -5.01493 ], [ 11.77417, -4.54264 ], [ 11.14066, -3.92528 ], [ 11.22687, -3.69333 ], [ 11.49208, -3.50903 ], [ 11.74, -3.68667 ], [ 11.92187, -3.6275 ], [ 11.84014, -3.56819 ], [ 11.96229, -3.29743 ], [ 11.70639, -3.17778 ], [ 11.80486, -3.01542 ], [ 11.54278, -2.83167 ], [ 11.64632, -2.61465 ], [ 11.57347, -2.33639 ], [ 12.0525, -2.41694 ], [ 12.47805, -2.32722 ], [ 12.43694, -1.90111 ], [ 12.6525, -1.82347 ], [ 12.82, -1.91069 ], [ 13.00151, -2.36767 ], [ 13.48465, -2.43465 ], [ 13.76444, -2.09076 ], [ 13.87055, -2.4709 ], [ 14.11083, -2.49306 ], [ 14.25889, -1.97368 ], [ 14.42805, -1.88458 ], [ 14.51958, -0.61333 ], [ 14.1925, -0.44472 ], [ 14.13194, -0.28153 ], [ 13.84903, -0.20264 ], [ 13.96042, 0.34861 ], [ 14.3468, 0.62153 ], [ 14.48569, 0.91722 ], [ 14.19153, 1.39056 ], [ 13.80444, 1.43562 ], [ 13.18678, 1.22248 ], [ 13.14319, 1.70687 ], [ 13.29389, 2.16361 ], [ 14.56264, 2.16847 ], [ 15.02916, 1.98694 ], [ 15.6875, 1.93354 ], [ 16.07222, 1.65417 ], [ 16.16104, 1.72472 ], [ 16.08347, 2.1525 ], [ 16.50166, 2.84944 ], [ 16.48271, 3.155 ], [ 16.64306, 3.52278 ], [ 17.46361, 3.71111 ], [ 18.19361, 3.4825 ], [ 18.47972, 3.64083 ], [ 18.62496, 3.47944 ] ] ] } },
{ "type": "Feature", "properties": { "name": "Cameroon", "iso3": "CMR" }, "geometry": { "type": "Polygon", "coordinates": [ [ [ 15.57998, 7.76041 ], [ 15.23139, 7.23611 ], [ 14.805, 6.34667 ], [ 14.41889, 6.04097 ], [ 14.61722, 5.90125 ], [ 14.53264, 5.29125 ], [ 14.6725, 5.18 ], [ 14.73736, 4.61535 ], [ 15.08694, 4.29472 ], [ 15.07694, 3.92056 ], [ 16.10305, 2.89833 ], [ 16.16104, 1.72472 ], [ 16.07222, 1.65417 ], [ 15.6875, 1.93354 ], [ 15.02916, 1.98694 ], [ 14.56264, 2.16847 ], [ 13.29389, 2.16361 ], [ 13.17139, 2.28292 ], [ 12.33566, 2.3179 ], [ 11.36735, 2.29887 ], [ 11.33976, 2.16861 ], [ 9.83312, 2.25903 ], [ 9.96514, 3.08521 ], [ 9.54305, 3.81153 ], [ 9.7225, 3.86528 ], [ 9.48837, 4.11292 ], [ 9.435, 3.89945 ], [ 8.9741, 4.09979 ], [ 8.9318, 4.53847 ], [ 8.84128, 4.63785 ], [ 8.78486, 4.54083 ], [ 8.66639, 4.68139 ], [ 8.71417, 4.50264 ], [ 8.5084, 4.52354 ], [ 8.82472, 5.18861 ], [ 8.86444, 5.83757 ], [ 9.70885, 6.52125 ], [ 9.79556, 6.80167 ], [ 10.16611, 7.02014 ], [ 10.26944, 6.87472 ], [ 10.51333, 6.87805 ], [ 10.62035, 7.05708 ], [ 10.84236, 6.95965 ], [ 11.07687, 6.70903 ], [ 11.12784, 6.43792 ], [ 11.38076, 6.45465 ], [ 11.55778, 6.65833 ], [ 11.58361, 6.88583 ], [ 11.86417, 7.08472 ], [ 11.75496, 7.2683 ], [ 12.04229, 7.57736 ], [ 12.25055, 8.40097 ], [ 12.79722, 8.77139 ], [ 12.89778, 9.34805 ], [ 13.2418, 9.585 ], [ 13.25306, 10.0718 ], [ 13.4543, 10.15875 ], [ 13.80722, 11.05583 ], [ 13.98472, 11.2675 ], [ 14.18861, 11.24417 ], [ 14.64451, 11.57236 ], [ 14.64528, 12.18833 ], [ 14.17444, 12.39667 ], [ 14.07472, 13.08166 ], [ 14.43597, 13.085 ], [ 14.54625, 12.77167 ], [ 14.82242, 12.63378 ], [ 14.89434, 12.15581 ], [ 15.0426, 12.07889 ], [ 15.05819, 10.80194 ], [ 15.37306, 10.24861 ], [ 15.6753, 9.98802 ], [ 14.19477, 9.98175 ], [ 13.95764, 9.64646 ], [ 15.20722, 8.47736 ], [ 15.57998, 7.76041 ] ] ] } },
{ "type": "Feature", "properties": { "name": "Kiribati", "iso3": "KIR" }, "geometry": { "type": "MultiPolygon", "coordinates": [ [ [ [ 172.92299, 1.35178 ], [ 172.93982, 1.33599 ], [ 172.91428, 1.34658 ], [ 172.92299, 1.35178 ] ] ], [ [ [ -157.43168, 2.02139 ], [ -157.35083, 1.97194 ], [ -157.34447, 1.84319 ], [ -157.17668, 1.71861 ], [ -157.56764, 1.85583 ], [ -157.58097, 1.89806 ], [ -157.51864, 1.93444 ], [ -157.42945, 1.83167 ], [ -157.35, 1.93569 ], [ -157.43168, 2.02139 ] ] ] ] } },
{ "type": "Feature", "properties": { "name": "Gabon", "iso3": "GAB" }, "geometry": { "type": "MultiPolygon", "coordinates": [ [ [ [ 9.00778, -0.76778 ], [ 8.94666, -0.65833 ], [ 9.00389, -0.59958 ], [ 9.04653, -0.66931 ], [ 9.00778, -0.76778 ] ] ], [ [ [ 13.29389, 2.16361 ], [ 13.14319, 1.70687 ], [ 13.18678, 1.22248 ], [ 13.80444, 1.43562 ], [ 14.19153, 1.39056 ], [ 14.48569, 0.91722 ], [ 14.3468, 0.62153 ], [ 13.96042, 0.34861 ], [ 13.84903, -0.20264 ], [ 14.13194, -0.28153 ], [ 14.1925, -0.44472 ], [ 14.51958, -0.61333 ], [ 14.42805, -1.88458 ], [ 14.25889, -1.97368 ], [ 14.11083, -2.49306 ], [ 13.87055, -2.4709 ], [ 13.76444, -2.09076 ], [ 13.48465, -2.43465 ], [ 13.00151, -2.36767 ], [ 12.82, -1.91069 ], [ 12.6525, -1.82347 ], [ 12.43694, -1.90111 ], [ 12.47805, -2.32722 ], [ 12.0525, -2.41694 ], [ 11.57347, -2.33639 ], [ 11.64632, -2.61465 ], [ 11.54278, -2.83167 ], [ 11.80486, -3.01542 ], [ 11.70639, -3.17778 ], [ 11.96229, -3.29743 ], [ 11.84014, -3.56819 ], [ 11.92187, -3.6275 ], [ 11.74, -3.68667 ], [ 11.49208, -3.50903 ], [ 11.22687, -3.69333 ], [ 11.14066, -3.92528 ], [ 9.7025, -2.44792 ], [ 10.01611, -2.63972 ], [ 10.13347, -2.52389 ], [ 9.61097, -2.37069 ], [ 9.3225, -1.9075 ], [ 9.53687, -2.0684 ], [ 9.51805, -1.92694 ], [ 9.26278, -1.84944 ], [ 8.98549, -1.24306 ], [ 9.01639, -1.30691 ], [ 9.23333, -1.53028 ], [ 9.29111, -1.63889 ], [ 9.51389, -1.59667 ], [ 9.28833, -1.57042 ], [ 9.25139, -1.49861 ], [ 9.33694, -1.39972 ], [ 9.35278, -1.34194 ], [ 9.33344, -1.28559 ], [ 9.22472, -1.41125 ], [ 9.02667, -1.29764 ], [ 8.70444, -0.58104 ], [ 9.00778, -0.81389 ], [ 9.30951, -0.34285 ], [ 9.35083, 0.36201 ], [ 9.46694, 0.16722 ], [ 9.74653, 0.11625 ], [ 9.92111, 0.18528 ], [ 9.49771, 0.29368 ], [ 9.30861, 0.52639 ], [ 9.54222, 0.6725 ], [ 9.6, 0.48111 ], [ 9.60278, 1.02028 ], [ 9.95151, 0.93016 ], [ 11.35389, 1.00194 ], [ 11.36735, 2.29887 ], [ 13.17139, 2.28292 ], [ 13.29389, 2.16361 ] ] ] ] } },
{ "type": "Feature", "properties": { "name": "Jamaica", "iso3": "JAM" }, "geometry": { "type": "Polygon", "coordinates": [ [ [ -78.21098, 18.45139 ], [ -76.91122, 18.40084 ], [ -76.34167, 18.14972 ], [ -76.22112, 17.90416 ], [ -76.59432, 17.86125 ], [ -76.83292, 17.98708 ], [ -76.95153, 17.8293 ], [ -77.13196, 17.87889 ], [ -77.18251, 17.69805 ], [ -77.41223, 17.85972 ], [ -77.73556, 17.85 ], [ -78.05723, 18.19639 ], [ -78.3739, 18.25458 ], [ -78.21098, 18.45139 ] ] ] } },
{ "type": "Feature", "properties": { "name": "Niger", "iso3": "NER" }, "geometry": { "type": "Polygon", "coordinates": [ [ [ 14.99789, 23.00059 ], [ 15.20958, 21.4918 ], [ 15.58305, 21.01861 ], [ 15.5775, 20.76597 ], [ 15.99667, 20.35305 ], [ 15.75389, 19.9325 ], [ 15.48972, 16.92097 ], [ 14.36889, 15.73389 ], [ 13.85917, 15.03778 ], [ 13.67437, 14.55229 ], [ 13.465, 14.45083 ], [ 13.62512, 13.71834 ], [ 13.34778, 13.72 ], [ 13.20222, 13.52736 ], [ 12.87611, 13.47333 ], [ 12.45916, 13.06611 ], [ 11.46333, 13.37333 ], [ 10.71458, 13.38542 ], [ 10.14153, 13.25611 ], [ 9.63493, 12.80244 ], [ 8.81861, 12.89667 ], [ 7.815, 13.35278 ], [ 6.94222, 12.9968 ], [ 6.285, 13.68389 ], [ 5.54837, 13.8915 ], [ 5.28917, 13.75278 ], [ 4.88556, 13.78139 ], [ 4.14278, 13.47347 ], [ 4.105, 12.99639 ], [ 3.65778, 12.52889 ], [ 3.68833, 11.74972 ], [ 3.60446, 11.69327 ], [ 2.83862, 12.39666 ], [ 2.38837, 12.24732 ], [ 2.39793, 11.89615 ], [ 2.05833, 12.35722 ], [ 2.25611, 12.48111 ], [ 2.14229, 12.6941 ], [ 1.57833, 12.63 ], [ 0.98917, 13.04722 ], [ 0.99167, 13.37167 ], [ 1.27652, 13.34805 ], [ 0.625, 13.68417 ], [ 0.465, 13.91361 ], [ 0.40875, 14.24514 ], [ 0.16667, 14.52305 ], [ 0.23777, 15.00001 ], [ 0.97472, 14.97861 ], [ 1.3125, 15.28667 ], [ 3.01181, 15.3418 ], [ 3.0325, 15.43305 ], [ 3.5181, 15.35991 ], [ 3.885, 15.70917 ], [ 4.20083, 16.39389 ], [ 4.24528, 19.14666 ], [ 5.8125, 19.44611 ], [ 7.46377, 20.85667 ], [ 11.98647, 23.5223 ], [ 13.54389, 23.16861 ], [ 14.235, 22.61417 ], [ 14.99789, 23.00059 ] ] ] } },
{ "type": "Feature", "properties": { "name": "Libyan Arab Jamahiriya", "iso3": "LBY" }, "geometry": { "type": "Polygon", "coordinates": [ [ [ 11.52608, 33.17114 ], [ 12.34394, 32.8284 ], [ 13.25111, 32.91889 ], [ 15.16583, 32.39861 ], [ 15.36937, 32.15451 ], [ 15.48806, 31.65986 ], [ 15.7543, 31.38972 ], [ 17.36722, 31.08222 ], [ 18.17916, 30.78194 ], [ 19.00139, 30.26694 ], [ 19.61777, 30.41722 ], [ 20.05764, 30.85083 ], [ 20.15555, 31.15 ], [ 19.91958, 31.74819 ], [ 20.08444, 32.18472 ], [ 20.56763, 32.56091 ], [ 21.62778, 32.93472 ], [ 22.34833, 32.87805 ], [ 23.11916, 32.61975 ], [ 23.0851, 32.33211 ], [ 23.2472, 32.21622 ], [ 25.03298, 31.92694 ], [ 25.15166, 31.64694 ], [ 24.86812, 31.37083 ], [ 25.0175, 30.78924 ], [ 24.7068, 30.15916 ], [ 24.99778, 29.24889 ], [ 25.00083, 19.99912 ], [ 24.00583, 19.99882 ], [ 24.00274, 19.49907 ], [ 16.00083, 23.45055 ], [ 14.235, 22.61417 ], [ 13.54389, 23.16861 ], [ 11.98647, 23.5223 ], [ 11.55889, 24.3025 ], [ 10.71528, 24.56722 ], [ 10.41458, 24.48333 ], [ 10.25222, 24.60583 ], [ 10.05444, 24.83805 ], [ 10.03208, 25.32944 ], [ 9.39347, 26.17667 ], [ 9.49944, 26.3575 ], [ 9.87167, 26.51416 ], [ 9.93056, 26.85972 ], [ 9.73444, 27.31604 ], [ 9.95583, 27.84625 ], [ 9.79222, 28.24958 ], [ 9.87319, 28.84958 ], [ 9.76555, 29.43055 ], [ 9.31139, 30.12722 ], [ 9.89229, 30.35631 ], [ 10.21194, 30.72847 ], [ 10.29069, 30.91042 ], [ 10.12333, 31.4225 ], [ 10.28722, 31.69416 ], [ 11.5675, 32.44222 ], [ 11.47722, 32.86388 ], [ 11.52608, 33.17114 ] ] ] } },
{ "type": "Feature", "properties": { "name": "Nigeria", "iso3": "NGA" }, "geometry": { "type": "MultiPolygon", "coordinates": [ [ [ [ 7.20361, 4.38056 ], [ 7.22611, 4.52 ], [ 7.31667, 4.4725 ], [ 7.30986, 4.41056 ], [ 7.20361, 4.38056 ] ] ], [ [ [ 13.62512, 13.71834 ], [ 14.07472, 13.08166 ], [ 14.17444, 12.39667 ], [ 14.64528, 12.18833 ], [ 14.64451, 11.57236 ], [ 14.18861, 11.24417 ], [ 13.98472, 11.2675 ], [ 13.80722, 11.05583 ], [ 13.4543, 10.15875 ], [ 13.25306, 10.0718 ], [ 13.2418, 9.585 ], [ 12.89778, 9.34805 ], [ 12.79722, 8.77139 ], [ 12.25055, 8.40097 ], [ 12.04229, 7.57736 ], [ 11.75496, 7.2683 ], [ 11.86417, 7.08472 ], [ 11.58361, 6.88583 ], [ 11.38076, 6.45465 ], [ 11.12784, 6.43792 ], [ 11.07687, 6.70903 ], [ 10.82139, 6.97028 ], [ 10.62035, 7.05708 ], [ 10.51333, 6.87805 ], [ 10.26944, 6.87472 ], [ 10.16611, 7.02014 ], [ 9.79556, 6.80167 ], [ 9.70885, 6.52125 ], [ 8.86444, 5.83757 ], [ 8.82472, 5.18861 ], [ 8.52819, 4.70167 ], [ 8.27472, 4.85667 ], [ 8.29368, 4.5475 ], [ 7.67389, 4.49694 ], [ 7.53722, 4.54 ], [ 7.5504, 4.70656 ], [ 7.50611, 4.56979 ], [ 7.2725, 4.55778 ], [ 7.07431, 4.75305 ], [ 7.17944, 4.50694 ], [ 7.04278, 4.43805 ], [ 6.96389, 4.72486 ], [ 6.96139, 4.37222 ], [ 6.76285, 4.76347 ], [ 6.84861, 4.34833 ], [ 6.72049, 4.34819 ], [ 6.73243, 4.60354 ], [ 6.69236, 4.33181 ], [ 6.25118, 4.30156 ], [ 6.25278, 4.45 ], [ 6.11174, 4.27285 ], [ 5.73694, 4.48944 ], [ 5.45194, 4.92305 ], [ 5.38424, 5.11653 ], [ 5.4934, 5.14493 ], [ 5.36833, 5.16055 ], [ 5.34528, 5.33 ], [ 5.53972, 5.41472 ], [ 5.63604, 5.53674 ], [ 5.48722, 5.40806 ], [ 5.26194, 5.43319 ], [ 5.21479, 5.57764 ], [ 5.5025, 5.61694 ], [ 5.18208, 5.57486 ], [ 4.53375, 6.29917 ], [ 3.39132, 6.44514 ], [ 3.80722, 6.61278 ], [ 3.44306, 6.57833 ], [ 3.31917, 6.38556 ], [ 2.71961, 6.36551 ], [ 2.78306, 9.01667 ], [ 3.095, 9.09056 ], [ 3.17139, 9.49639 ], [ 3.34958, 9.81146 ], [ 3.61201, 9.9541 ], [ 3.68417, 10.16083 ], [ 3.58194, 10.27528 ], [ 3.855, 10.585 ], [ 3.73577, 11.12063 ], [ 3.475, 11.42972 ], [ 3.68833, 11.74972 ], [ 3.65778, 12.52889 ], [ 4.105, 12.99639 ], [ 4.14278, 13.47347 ], [ 4.47889, 13.68861 ], [ 5.28917, 13.75278 ], [ 5.54837, 13.8915 ], [ 6.42305, 13.60528 ], [ 6.94222, 12.9968 ], [ 7.815, 13.35278 ], [ 8.81861, 12.89667 ], [ 9.63493, 12.80244 ], [ 10.14153, 13.25611 ], [ 10.71458, 13.38542 ], [ 11.46333, 13.37333 ], [ 12.45916, 13.06611 ], [ 12.87611, 13.47333 ], [ 13.20222, 13.52736 ], [ 13.34778, 13.72 ], [ 13.62512, 13.71834 ] ] ] ] } },
{ "type": "Feature", "properties": { "name": "Burkina Faso", "iso3": "BFA" }, "geometry": { "type": "Polygon", "coordinates": [ [ [ 0.23505, 14.91507 ], [ 0.16667, 14.52305 ], [ 0.40875, 14.24514 ], [ 0.35483, 14.13097 ], [ 0.60757, 13.69882 ], [ 1.27652, 13.34805 ], [ 0.99167, 13.37167 ], [ 0.98917, 13.04722 ], [ 1.57833, 12.63 ], [ 1.87167, 12.60889 ], [ 1.98889, 12.73111 ], [ 2.22083, 12.59361 ], [ 2.23555, 12.41847 ], [ 2.05833, 12.35722 ], [ 2.39793, 11.89615 ], [ 2.02694, 11.43111 ], [ 1.43528, 11.45889 ], [ 0.91797, 10.9964 ], [ 0.50417, 10.93694 ], [ -0.28688, 11.15569 ], [ -0.61847, 10.91389 ], [ -0.98694, 11.01445 ], [ -2.83405, 11.00201 ], [ -2.92753, 10.70815 ], [ -2.77139, 10.21694 ], [ -2.75701, 9.39569 ], [ -3.20861, 9.90139 ], [ -3.75361, 9.935 ], [ -4.12417, 9.8293 ], [ -4.31246, 9.59997 ], [ -4.70444, 9.69806 ], [ -5.12819, 10.30306 ], [ -5.47028, 10.34805 ], [ -5.48563, 11.07729 ], [ -5.29945, 11.13944 ], [ -5.20861, 11.46167 ], [ -5.27306, 11.84389 ], [ -4.63343, 12.06722 ], [ -4.4175, 12.30083 ], [ -4.46889, 12.72389 ], [ -4.19444, 12.82861 ], [ -4.33556, 13.11951 ], [ -3.96425, 13.50383 ], [ -3.43768, 13.1665 ], [ -3.4261, 13.27611 ], [ -3.23222, 13.28806 ], [ -3.2575, 13.69666 ], [ -2.88222, 13.6643 ], [ -2.81556, 14.05028 ], [ -2.46514, 14.28611 ], [ -2.00694, 14.18778 ], [ -1.98083, 14.47472 ], [ -1.07417, 14.77694 ], [ -0.72528, 15.08278 ], [ 0.23505, 14.91507 ] ] ] } },
{ "type": "Feature", "properties": { "name": "Benin", "iso3": "BEN" }, "geometry": { "type": "Polygon", "coordinates": [ [ [ 3.60446, 11.69327 ], [ 3.475, 11.42972 ], [ 3.73577, 11.12063 ], [ 3.855, 10.585 ], [ 3.58194, 10.27528 ], [ 3.68417, 10.16083 ], [ 3.61201, 9.9541 ], [ 3.34958, 9.81146 ], [ 3.17139, 9.49639 ], [ 3.095, 9.09056 ], [ 2.79208, 9.05042 ], [ 2.71961, 6.36551 ], [ 1.6354, 6.21872 ], [ 1.7978, 6.28025 ], [ 1.57528, 6.67972 ], [ 1.55388, 6.99656 ], [ 1.6425, 6.99555 ], [ 1.61972, 9.03423 ], [ 1.3375, 9.5425 ], [ 1.355, 9.99528 ], [ 0.77667, 10.37667 ], [ 0.80219, 10.71244 ], [ 0.98528, 11.07944 ], [ 1.39, 11.43347 ], [ 2.00986, 11.42055 ], [ 2.30889, 11.68833 ], [ 2.38837, 12.24732 ], [ 2.83862, 12.39666 ], [ 3.60446, 11.69327 ] ] ] } },
{ "type": "Feature", "properties": { "name": "Chad", "iso3": "TCD" }, "geometry": { "type": "Polygon", "coordinates": [ [ [ 24.000841649016728, 19.47817556732236 ], [ 23.99756, 15.70285 ], [ 23.11816, 15.71029 ], [ 22.937220000000138, 15.56194 ], [ 22.92937, 15.11402 ], [ 22.669170000000122, 14.853750000000105 ], [ 22.69993, 14.7041 ], [ 22.38653, 14.56264 ], [ 22.55618, 14.12979 ], [ 22.08444, 13.77917 ], [ 22.285, 13.34056 ], [ 21.8291, 12.7972 ], [ 21.95278, 12.64389 ], [ 22.223330000000203, 12.74722 ], [ 22.4643, 12.61486 ], [ 22.43903, 12.347220000000107 ], [ 22.61139, 11.99278 ], [ 22.55903, 11.62903 ], [ 22.97139, 11.28028 ], [ 22.866510000000176, 10.92245 ], [ 22.46333, 11.00083 ], [ 21.71903, 10.63812 ], [ 21.66694, 10.23583 ], [ 20.37167, 9.10833 ], [ 18.98889, 8.96417 ], [ 18.87637, 8.84143 ], [ 19.12583, 8.67278 ], [ 18.58889, 8.04028 ], [ 17.64889, 7.98847 ], [ 16.81745, 7.5463 ], [ 16.53361, 7.86778 ], [ 15.97486, 7.50132 ], [ 15.49901, 7.52661 ], [ 15.57998, 7.76041 ], [ 15.20722, 8.47736 ], [ 13.95764, 9.64646 ], [ 14.19477, 9.98175 ], [ 15.6753, 9.98802 ], [ 15.37306, 10.24861 ], [ 15.05819, 10.80194 ], [ 15.0426, 12.07889 ], [ 14.89434, 12.15581 ], [ 14.82242, 12.63378 ], [ 14.54625, 12.77167 ], [ 14.43597, 13.085 ], [ 14.07472, 13.08166 ], [ 13.62512, 13.71834 ], [ 13.46194, 14.43056 ], [ 13.67437, 14.55229 ], [ 13.85917, 15.03778 ], [ 14.36889, 15.73389 ], [ 15.48972, 16.92097 ], [ 15.75389, 19.9325 ], [ 15.99667, 20.35305 ], [ 15.5775, 20.76597 ], [ 15.58305, 21.01861 ], [ 15.20958, 21.4918 ], [ 14.99789, 23.00059 ], [ 16.00083, 23.45055 ], [ 24.000841649016728, 19.47817556732236 ] ] ] } },
{ "type": "Feature", "properties": { "name": "Mali", "iso3": "MLI" }, "geometry": { "type": "Polygon", "coordinates": [ [ [ -4.80611, 25.00027 ], [ 1.1708, 21.10085 ], [ 1.17639, 20.73375 ], [ 1.6275, 20.57111 ], [ 1.78972, 20.31291 ], [ 2.20361, 20.28305 ], [ 2.42167, 20.05305 ], [ 3.23306, 19.81715 ], [ 3.27806, 19.40583 ], [ 3.11701, 19.14555 ], [ 3.33194, 18.97639 ], [ 4.24528, 19.14666 ], [ 4.20083, 16.39389 ], [ 3.885, 15.70917 ], [ 3.5181, 15.35991 ], [ 3.0325, 15.43305 ], [ 3.01181, 15.3418 ], [ 1.3125, 15.28667 ], [ 0.97472, 14.97861 ], [ 0.695, 14.94222 ], [ -0.72528, 15.08278 ], [ -1.07417, 14.77694 ], [ -1.98083, 14.47472 ], [ -2.00694, 14.18778 ], [ -2.46514, 14.28611 ], [ -2.81556, 14.05028 ], [ -2.88222, 13.6643 ], [ -3.2575, 13.69666 ], [ -3.23222, 13.28806 ], [ -3.53806, 13.17833 ], [ -3.96425, 13.50383 ], [ -4.31361, 13.1643 ], [ -4.19444, 12.82861 ], [ -4.46889, 12.72389 ], [ -4.4175, 12.30083 ], [ -4.63343, 12.06722 ], [ -5.27306, 11.84389 ], [ -5.20861, 11.46167 ], [ -5.29945, 11.13944 ], [ -5.48563, 11.07729 ], [ -5.41118, 10.84167 ], [ -5.51985, 10.43627 ], [ -5.7975, 10.42125 ], [ -6.11139, 10.19778 ], [ -6.2434, 10.73526 ], [ -6.41354, 10.68799 ], [ -6.42191, 10.55167 ], [ -6.6456, 10.66399 ], [ -6.65083, 10.36097 ], [ -6.94083, 10.35375 ], [ -6.98806, 10.1475 ], [ -7.63799, 10.44667 ], [ -7.96375, 10.15986 ], [ -7.97646, 10.32882 ], [ -8.27, 10.5025 ], [ -8.28972, 11.00778 ], [ -8.67153, 10.95892 ], [ -8.36285, 11.37512 ], [ -8.83167, 11.66166 ], [ -8.77972, 11.92583 ], [ -8.98, 12.39278 ], [ -9.35986, 12.48847 ], [ -9.31847, 12.26805 ], [ -9.70195, 12.02916 ], [ -10.32709, 12.22354 ], [ -10.65275, 11.89261 ], [ -10.92889, 12.22444 ], [ -11.24306, 11.9952 ], [ -11.45945, 12.13611 ], [ -11.37611, 12.98291 ], [ -11.63458, 13.39153 ], [ -11.80951, 13.30927 ], [ -12.03445, 13.61083 ], [ -11.98222, 14.17278 ], [ -12.2064, 14.39529 ], [ -12.24483, 14.76439 ], [ -12.05996, 14.72564 ], [ -11.84139, 14.86305 ], [ -11.71167, 15.545 ], [ -11.49861, 15.6418 ], [ -10.89656, 15.11036 ], [ -10.71639, 15.4389 ], [ -9.40972, 15.4443 ], [ -9.33806, 15.70472 ], [ -9.33361, 15.49972 ], [ -5.49505, 15.49837 ], [ -5.335, 16.32805 ], [ -5.60139, 16.50777 ], [ -6.57722, 24.99917 ], [ -4.80611, 25.00027 ] ] ] } },
{ "type": "Feature", "properties": { "name": "Belize", "iso3": "BLZ" }, "geometry": { "type": "MultiPolygon", "coordinates": [ [ [ [ -87.82182, 17.54903 ], [ -87.89002, 17.40555 ], [ -87.92848, 17.27736 ], [ -87.91785, 17.41826 ], [ -87.82182, 17.54903 ] ] ], [ [ [ -87.85639, 18.16458 ], [ -87.9614, 17.90389 ], [ -88.006119999999896, 17.90194 ], [ -87.85639, 18.16458 ] ] ], [ [ [ -88.2995, 18.48293 ], [ -88.31557, 18.36417 ], [ -88.09751, 18.37326 ], [ -88.07779, 18.21555 ], [ -88.2825, 17.62389 ], [ -88.16878, 17.49911 ], [ -88.29473, 17.2768 ], [ -88.21334, 16.96208 ], [ -88.30272, 16.64361 ], [ -88.91057, 15.89361 ], [ -89.21617, 15.88985 ], [ -89.14301, 17.95107 ], [ -88.8414, 17.90389 ], [ -88.47379, 18.48371 ], [ -88.2995, 18.48293 ] ] ] ] } },
{ "type": "Feature", "properties": { "name": "Mexico", "iso3": "MEX" }, "geometry": { "type": "MultiPolygon", "coordinates": [ [ [ [ -91.82862, 18.63916 ], [ -91.64612, 18.75361 ], [ -91.525009999999895, 18.77291 ], [ -91.52292, 18.75069 ], [ -91.82862, 18.63916 ] ] ], [ [ [ -110.92265, 18.72277 ], [ -111.06417, 18.75791 ], [ -111.0007, 18.86625 ], [ -110.93946, 18.8275 ], [ -110.92265, 18.72277 ] ] ], [ [ [ -86.73862, 20.58896 ], [ -86.88556, 20.35388 ], [ -87.0, 20.25639 ], [ -86.93557, 20.54306 ], [ -86.73862, 20.58896 ] ] ], [ [ [ -106.33952, 21.50055 ], [ -106.46833, 21.42667 ], [ -106.50945, 21.45486 ], [ -106.33952, 21.50055 ] ] ], [ [ [ -106.51501, 21.51305 ], [ -106.62834, 21.5725 ], [ -106.64585, 21.68833 ], [ -106.52861, 21.68861 ], [ -106.51501, 21.51305 ] ] ], [ [ [ -109.79861, 24.19111 ], [ -109.8714, 24.1875 ], [ -109.91723, 24.36667 ], [ -109.79861, 24.19111 ] ] ], [ [ [ -111.70487, 24.3343 ], [ -111.835009999999897, 24.4275 ], [ -112.0159, 24.52819 ], [ -111.83917, 24.5425 ], [ -111.70487, 24.3343 ] ] ], [ [ [ -110.32805, 24.40083 ], [ -110.4039, 24.56305 ], [ -110.37938, 24.58666 ], [ -110.299999999999898, 24.48444 ], [ -110.32805, 24.40083 ] ] ], [ [ [ -110.53028, 24.89375 ], [ -110.64167, 24.92972 ], [ -110.70494, 25.08951 ], [ -110.578909999999894, 25.03389 ], [ -110.53028, 24.89375 ] ] ], [ [ [ -112.04126, 24.52528 ], [ -112.2489, 24.80972 ], [ -112.133619999999894, 25.28111 ], [ -112.20251, 24.845 ], [ -112.04126, 24.52528 ] ] ], [ [ [ -111.19751, 25.845 ], [ -111.192359999999894, 26.03625 ], [ -111.085909999999899, 26.07145 ], [ -111.09945, 26.00444 ], [ -111.19751, 25.845 ] ] ], [ [ [ -115.17013, 28.03264 ], [ -115.32432, 28.13972 ], [ -115.24084, 28.37055 ], [ -115.14611, 28.17889 ], [ -115.17013, 28.03264 ] ] ], [ [ [ -118.289169999999899, 28.88167 ], [ -118.40056, 29.09389 ], [ -118.36501, 29.18611 ], [ -118.24057, 29.04194 ], [ -118.289169999999899, 28.88167 ] ] ], [ [ [ -112.261949999999899, 28.77333 ], [ -112.56363, 28.88111 ], [ -112.345839999999896, 29.23361 ], [ -112.20279, 29.03222 ], [ -112.261949999999899, 28.77333 ] ] ], [ [ [ -113.13556, 29.01972 ], [ -113.59221, 29.42583 ], [ -113.58243, 29.58597 ], [ -113.195849999999893, 29.22833 ], [ -113.13556, 29.01972 ] ] ], [ [ [ -97.14074, 25.96643 ], [ -97.65168, 24.52027 ], [ -97.74139, 22.90583 ], [ -97.88827, 22.59882 ], [ -97.697919999999897, 21.97472 ], [ -97.31501, 21.55652 ], [ -97.41347, 21.27174 ], [ -97.470209999999895, 21.4425 ], [ -97.37292, 21.54354 ], [ -97.74224, 22.0125 ], [ -97.670699999999897, 21.67395 ], [ -97.175359999999898, 20.68396 ], [ -96.44445, 19.855 ], [ -96.29529, 19.34111 ], [ -95.9114, 18.82527 ], [ -94.808059999999898, 18.52444 ], [ -94.53653, 18.16014 ], [ -93.79299, 18.26257 ], [ -93.45001, 18.44055 ], [ -93.12986, 18.33958 ], [ -92.58862, 18.62361 ], [ -92.00417, 18.72625 ], [ -91.85862, 18.61569 ], [ -92.03584, 18.59264 ], [ -92.04195, 18.56 ], [ -91.89764, 18.55125 ], [ -91.81313, 18.38264 ], [ -91.47501, 18.44826 ], [ -91.186189999999897, 18.65007 ], [ -91.38507, 18.90736 ], [ -90.73168, 19.36153 ], [ -90.67667, 19.76833 ], [ -90.45528, 19.97597 ], [ -90.45591, 20.73229 ], [ -90.35126, 21.00528 ], [ -90.1064, 21.16027 ], [ -88.14779, 21.60805 ], [ -87.24918, 21.44139 ], [ -87.13383, 21.55722 ], [ -87.41078, 21.52861 ], [ -87.07862, 21.60611 ], [ -86.81557, 21.40861 ], [ -86.77529, 21.15264 ], [ -86.91307, 20.80194 ], [ -87.42556, 20.22278 ], [ -87.47223, 20.08597 ], [ -87.44481, 19.90019 ], [ -87.469059999999899, 19.84902 ], [ -87.44948, 19.92644 ], [ -87.48181, 19.95073 ], [ -87.736599999999896, 19.67757 ], [ -87.65771, 19.50555 ], [ -87.41222, 19.58167 ], [ -87.67695, 19.315 ], [ -87.63508, 19.21479 ], [ -87.48862, 19.29139 ], [ -87.84751, 18.19083 ], [ -88.07333, 18.49361 ], [ -88.03973, 18.86819 ], [ -88.28417, 18.49222 ], [ -88.506389999999897, 18.4475 ], [ -88.8414, 17.90389 ], [ -89.02258, 18.00451 ], [ -89.14195, 17.81889 ], [ -90.98242, 17.82065 ], [ -90.9839, 17.25611 ], [ -91.434, 17.23722 ], [ -90.4064, 16.41639 ], [ -90.44196, 16.08833 ], [ -91.729169999999897, 16.075 ], [ -92.2114, 15.26222 ], [ -92.07069, 15.07729 ], [ -92.21667, 14.55805 ], [ -92.77049, 15.1716 ], [ -93.93862, 16.09389 ], [ -94.36438, 16.2875 ], [ -94.41612, 16.20055 ], [ -94.05264, 16.04764 ], [ -94.69126, 16.19069 ], [ -94.57883, 16.31521 ], [ -94.79154, 16.26007 ], [ -94.85918, 16.42708 ], [ -95.06268, 16.27212 ], [ -94.85779, 16.21583 ], [ -96.47611, 15.64361 ], [ -97.19667, 15.91333 ], [ -97.75473, 15.96028 ], [ -98.54403, 16.31069 ], [ -98.78222, 16.55305 ], [ -99.68599, 16.70694 ], [ -101.01113, 17.26527 ], [ -101.95279, 17.97847 ], [ -102.17029, 17.91833 ], [ -103.45001, 18.31361 ], [ -103.97195, 18.87722 ], [ -104.98361, 19.33944 ], [ -105.67834, 20.38306 ], [ -105.24473, 20.57465 ], [ -105.32181, 20.76548 ], [ -105.53619, 20.79257 ], [ -105.24139, 21.06472 ], [ -105.18945, 21.4375 ], [ -105.65027, 21.98125 ], [ -105.64972, 22.34278 ], [ -105.82043, 22.66402 ], [ -106.91569, 23.86514 ], [ -107.727729999999895, 24.47113 ], [ -107.5964, 24.42825 ], [ -107.61803, 24.5172 ], [ -107.99549, 24.64909 ], [ -107.989999999999895, 24.95951 ], [ -108.10418, 24.82194 ], [ -108.22126, 25.02944 ], [ -108.04252, 25.07361 ], [ -108.39418, 25.14111 ], [ -108.76529, 25.5393 ], [ -109.10891, 25.52611 ], [ -108.97029, 25.56444 ], [ -108.83494, 25.79361 ], [ -109.141049999999893, 25.58305 ], [ -109.4375, 25.82028 ], [ -109.23166, 26.31944 ], [ -109.103899999999896, 26.28361 ], [ -109.44432, 26.71555 ], [ -109.7539, 26.69611 ], [ -109.94904, 27.09347 ], [ -110.301959999999895, 27.16222 ], [ -110.52972, 27.37111 ], [ -110.63459, 27.66236 ], [ -110.51135, 27.855 ], [ -111.10334, 27.93694 ], [ -112.16195, 28.97139 ], [ -112.21348, 29.30611 ], [ -112.57674, 29.71243 ], [ -113.08139, 30.69889 ], [ -113.09168, 31.22972 ], [ -113.58973, 31.33166 ], [ -113.64403, 31.50222 ], [ -113.974689999999896, 31.65569 ], [ -114.02084, 31.49764 ], [ -114.2175, 31.52222 ], [ -115.03115, 31.96 ], [ -114.78666, 31.66416 ], [ -114.8807, 31.15167 ], [ -114.7064, 30.9275 ], [ -114.54528, 30.00111 ], [ -113.667929999999899, 29.28417 ], [ -113.50875, 28.89625 ], [ -113.40931, 28.96416 ], [ -113.19493, 28.81382 ], [ -113.11591, 28.48645 ], [ -112.863199999999892, 28.4185 ], [ -112.75306, 27.8375 ], [ -112.34667, 27.54138 ], [ -111.85861, 26.66194 ], [ -111.68751, 26.60059 ], [ -111.84499, 26.90208 ], [ -111.56188, 26.71965 ], [ -111.299729999999897, 25.78028 ], [ -111.01896, 25.5218 ], [ -110.68626, 24.89639 ], [ -110.65751, 24.33389 ], [ -110.30646, 24.18548 ], [ -110.354169999999897, 24.11583 ], [ -110.27084, 24.19062 ], [ -110.28958, 24.34229 ], [ -110.21, 24.3482 ], [ -109.4075, 23.46125 ], [ -109.518749999999898, 23.12458 ], [ -109.99819, 22.88194 ], [ -110.311189999999897, 23.56069 ], [ -111.96932, 24.79194 ], [ -112.087509999999895, 24.75611 ], [ -112.10724, 25.02396 ], [ -112.174999999999898, 24.89587 ], [ -112.06738, 25.27875 ], [ -112.100139999999897, 25.72805 ], [ -112.37834, 26.255 ], [ -113.215009999999893, 26.70333 ], [ -113.13098, 26.96 ], [ -113.27526, 26.78136 ], [ -113.45181, 26.84319 ], [ -113.59883, 26.73958 ], [ -113.84222, 26.97861 ], [ -114.47549, 27.23805 ], [ -114.5159, 27.41514 ], [ -114.98889, 27.72111 ], [ -115.02057, 27.84666 ], [ -114.4339, 27.805 ], [ -114.17542, 27.695 ], [ -113.98501, 27.70083 ], [ -114.30763, 27.86593 ], [ -114.12856, 28.02366 ], [ -114.06132, 28.51757 ], [ -114.94599, 29.37389 ], [ -115.69667, 29.77423 ], [ -115.82306, 30.32472 ], [ -116.03904, 30.45055 ], [ -116.05549, 30.79652 ], [ -116.675629999999899, 31.56076 ], [ -116.60814, 31.84451 ], [ -116.8432, 31.99083 ], [ -117.12238, 32.53533 ], [ -114.71909, 32.71846 ], [ -114.79523, 32.5005 ], [ -111.04584, 31.33305 ], [ -108.20834, 31.33305 ], [ -108.20862, 31.78333 ], [ -106.39585, 31.7475 ], [ -106.20987, 31.47222 ], [ -104.89653, 30.56625 ], [ -104.54181, 29.67291 ], [ -103.37499, 29.02361 ], [ -103.16369, 28.98402 ], [ -102.67029, 29.74277 ], [ -102.30181, 29.88798 ], [ -101.40502, 29.77278 ], [ -100.66584, 29.10903 ], [ -100.281469999999899, 28.28055 ], [ -99.5039, 27.56805 ], [ -99.45862, 27.04694 ], [ -99.10473, 26.435 ], [ -98.20001, 26.0625 ], [ -97.648049999999898, 26.02944 ], [ -97.41723, 25.84333 ], [ -97.14074, 25.96643 ] ] ] ] } },
{ "type": "Feature", "properties": { "name": "Guatemala", "iso3": "GTM" }, "geometry": { "type": "Polygon", "coordinates": [ [ [ -89.14195, 17.81889 ], [ -89.21617, 15.88985 ], [ -88.81223, 15.86555 ], [ -88.61806, 15.69854 ], [ -88.55139, 15.94083 ], [ -88.21473, 15.72444 ], [ -89.15038, 15.07348 ], [ -89.13779, 14.68472 ], [ -89.34831, 14.43198 ], [ -89.57098, 14.41472 ], [ -89.51817, 14.23385 ], [ -90.02056, 13.93861 ], [ -90.09639, 13.74583 ], [ -90.61251, 13.92916 ], [ -91.38473, 13.97889 ], [ -92.2189, 14.52167 ], [ -92.07069, 15.07729 ], [ -92.2114, 15.26222 ], [ -91.729169999999897, 16.075 ], [ -90.44196, 16.08833 ], [ -90.4064, 16.41639 ], [ -91.434, 17.23722 ], [ -90.9839, 17.25611 ], [ -90.98242, 17.82065 ], [ -89.14195, 17.81889 ] ] ] } },
{ "type": "Feature", "properties": { "name": "Honduras", "iso3": "HND" }, "geometry": { "type": "MultiPolygon", "coordinates": [ [ [ [ -83.13185, 14.99298 ], [ -83.48584, 15.00611 ], [ -84.48049, 14.61882 ], [ -84.91001, 14.80667 ], [ -85.15913, 14.33566 ], [ -85.728899999999896, 13.96257 ], [ -85.73639, 13.82861 ], [ -86.07014, 14.05597 ], [ -86.32557, 13.76347 ], [ -86.7586, 13.754 ], [ -86.69605, 13.29882 ], [ -86.90258, 13.24861 ], [ -87.04875, 12.98517 ], [ -87.30139, 12.9866 ], [ -87.51181, 13.27729 ], [ -87.39834, 13.41236 ], [ -87.815579999999898, 13.40539 ], [ -87.69467, 13.81901 ], [ -87.80084, 13.89694 ], [ -88.19689, 13.98762 ], [ -88.46793, 13.85472 ], [ -89.02473, 14.32764 ], [ -89.34831, 14.43198 ], [ -89.13779, 14.68472 ], [ -89.15038, 15.07348 ], [ -88.239999999999895, 15.71417 ], [ -87.70778, 15.92128 ], [ -87.47445, 15.78444 ], [ -86.897509999999897, 15.75556 ], [ -86.35779, 15.76945 ], [ -85.91015, 15.95583 ], [ -86.0116, 16.02163 ], [ -85.49612, 15.88903 ], [ -84.92056, 15.9775 ], [ -84.59917, 15.77555 ], [ -84.260149999999896, 15.82597 ], [ -83.85556, 15.46 ], [ -84.20952, 15.54566 ], [ -84.07446, 15.34916 ], [ -83.83007, 15.27097 ], [ -83.9639, 15.40764 ], [ -83.77112, 15.28021 ], [ -83.75835, 15.19666 ], [ -83.5314, 15.26889 ], [ -83.570419999999899, 15.15812 ], [ -83.50723, 15.28055 ], [ -83.61668, 15.34725 ], [ -83.393479999999897, 15.25639 ], [ -83.13185, 14.99298 ] ] ], [ [ [ -86.59876, 16.29694 ], [ -86.406109999999899, 16.42278 ], [ -86.26334, 16.42333 ], [ -86.37404, 16.39986 ], [ -86.59876, 16.29694 ] ] ] ] } },
{ "type": "Feature", "properties": { "name": "Morocco", "iso3": "MAR" }, "geometry": { "type": "Polygon", "coordinates": [ [ [ -2.98611, 35.41805 ], [ -2.87694, 35.1418 ], [ -2.7838, 35.12238 ], [ -2.88368, 35.23458 ], [ -2.20944, 35.08583 ], [ -1.7576, 34.75465 ], [ -1.85497, 34.61437 ], [ -1.69258, 34.48908 ], [ -1.79333, 34.37833 ], [ -1.65444, 34.08361 ], [ -1.66667, 33.25888 ], [ -1.38278, 32.72444 ], [ -1.01181, 32.50555 ], [ -1.25042, 32.32347 ], [ -1.20778, 32.09181 ], [ -2.85944, 32.08652 ], [ -2.99944, 31.83333 ], [ -3.81347, 31.69805 ], [ -3.82389, 31.1616 ], [ -3.60014, 31.09083 ], [ -3.62222, 30.97361 ], [ -4.91514, 30.50986 ], [ -5.53069, 29.90597 ], [ -6.40028, 29.80444 ], [ -6.5834, 29.56833 ], [ -7.12625, 29.63583 ], [ -8.66722, 28.70944 ], [ -8.66667, 27.66666 ], [ -13.17496, 27.66696 ], [ -12.9025, 27.95417 ], [ -11.51195, 28.30375 ], [ -10.2282, 29.31791 ], [ -9.64097, 30.165 ], [ -9.6084, 30.4025 ], [ -9.85389, 30.72694 ], [ -9.80917, 31.44666 ], [ -9.27778, 32.18361 ], [ -9.27934, 32.54395 ], [ -8.53833, 33.25055 ], [ -6.7975, 34.06208 ], [ -5.91874, 35.79065 ], [ -5.39556, 35.91633 ], [ -5.24896, 35.57437 ], [ -4.79167, 35.25083 ], [ -4.42042, 35.15125 ], [ -3.65472, 35.26958 ], [ -3.30639, 35.19527 ], [ -2.98611, 35.41805 ] ] ] } },
{ "type": "Feature", "properties": { "name": "Western Sahara", "iso3": "ESH" }, "geometry": { "type": "Polygon", "coordinates": [ [ [ -8.66667, 27.66666 ], [ -8.66694, 26.00028 ], [ -12.00056, 26.0 ], [ -12.00028, 23.45444 ], [ -12.57139, 23.29139 ], [ -13.10528, 22.89306 ], [ -12.99972, 21.33806 ], [ -16.95375, 21.33667 ], [ -17.05704, 20.76739 ], [ -16.91625, 21.94542 ], [ -16.36271, 22.56458 ], [ -15.77945, 23.90944 ], [ -15.99398, 23.6485 ], [ -15.93306, 23.78806 ], [ -14.9009, 24.68965 ], [ -14.79097, 25.43125 ], [ -14.48333, 26.16333 ], [ -13.57417, 26.73167 ], [ -13.17496, 27.66696 ], [ -8.66667, 27.66666 ] ] ] } },
{ "type": "Feature", "properties": { "name": "Northern Mariana Islands", "iso3": "MNP" }, "geometry": { "type": "MultiPolygon", "coordinates": [ [ [ [ 145.66275, 14.97666 ], [ 145.572680000000105, 15.00548 ], [ 145.62996, 15.08361 ], [ 145.66275, 14.97666 ] ] ], [ [ [ 145.81809, 15.26319 ], [ 145.68454, 15.10055 ], [ 145.73316, 15.24014 ], [ 145.81809, 15.26319 ] ] ] ] } },
{ "type": "Feature", "properties": { "name": "Monaco", "iso3": "MCO" }, "geometry": { "type": "Polygon", "coordinates": [ [ [ 7.42028, 43.73708 ], [ 7.3909, 43.74937 ], [ 7.43929, 43.75752 ], [ 7.42028, 43.73708 ] ] ] } },
{ "type": "Feature", "properties": { "name": "Uruguay", "iso3": "URY" }, "geometry": { "type": "Polygon", "coordinates": [ [ [ -53.3743, -33.74067 ], [ -53.53556, -34.06237 ], [ -54.14076, -34.66466 ], [ -54.31292, -34.56285 ], [ -54.27889, -34.6907 ], [ -54.89612, -34.94361 ], [ -55.69278, -34.77507 ], [ -56.31792, -34.91035 ], [ -57.11126, -34.46417 ], [ -57.83688, -34.49278 ], [ -58.40375, -33.92646 ], [ -58.43805, -33.70251 ], [ -58.36056, -33.13098 ], [ -58.14195, -33.0989 ], [ -58.04556, -32.93472 ], [ -58.19764, -32.47834 ], [ -58.09756, -32.29459 ], [ -58.20014, -31.89479 ], [ -58.04021, -31.78917 ], [ -57.97778, -31.58091 ], [ -58.07889, -31.4759 ], [ -57.79695, -30.88347 ], [ -57.88278, -30.51514 ], [ -57.608, -30.18493 ], [ -57.21389, -30.29208 ], [ -57.07098, -30.10889 ], [ -56.8114, -30.10528 ], [ -56.00167, -30.79583 ], [ -56.00892, -31.07979 ], [ -55.58417, -30.84625 ], [ -55.22875, -31.24973 ], [ -54.5941, -31.46091 ], [ -54.28583, -31.80445 ], [ -53.91855, -31.94215 ], [ -53.55334, -32.44611 ], [ -53.0983, -32.72344 ], [ -53.52105, -33.14161 ], [ -53.53445, -33.65695 ], [ -53.3743, -33.74067 ] ] ] } },
{ "type": "Feature", "properties": { "name": "Argentina", "iso3": "ARG" }, "geometry": { "type": "MultiPolygon", "coordinates": [ [ [ [ -68.60615, -54.89157 ], [ -68.63613, -54.80477 ], [ -68.5579, -54.87502 ], [ -68.60615, -54.89157 ] ] ], [ [ [ -63.81376, -54.72861 ], [ -64.67835, -54.90723 ], [ -64.75556, -54.83153 ], [ -64.33751, -54.72778 ], [ -63.81376, -54.72861 ] ] ], [ [ [ -68.63584, -54.78834 ], [ -68.61759, -52.64151 ], [ -68.29472, -52.9325 ], [ -68.22418, -53.10625 ], [ -68.36835, -53.00389 ], [ -68.54362, -53.22945 ], [ -68.1632, -53.29375 ], [ -67.98861, -53.59222 ], [ -67.56361, -53.91862 ], [ -66.24167, -54.53778 ], [ -65.140079999999898, -54.65327 ], [ -65.35056, -54.92778 ], [ -65.88863, -54.89223 ], [ -66.44612, -55.05167 ], [ -68.63584, -54.78834 ] ] ], [ [ [ -61.878889999999899, -39.2425 ], [ -62.06112, -39.16667 ], [ -62.09236, -39.08764 ], [ -61.89, -39.14049 ], [ -61.878889999999899, -39.2425 ] ] ], [ [ [ -62.81719, -21.99739 ], [ -62.25042, -22.52528 ], [ -61.99048, -23.00549 ], [ -61.11133, -23.6084 ], [ -61.0107, -23.81083 ], [ -60.03806, -24.00972 ], [ -58.80792, -24.78153 ], [ -57.76111, -25.17153 ], [ -57.57667, -25.54945 ], [ -58.14473, -26.20695 ], [ -58.18167, -26.65611 ], [ -58.65209, -27.15889 ], [ -58.60462, -27.31692 ], [ -57.79139, -27.29222 ], [ -57.12167, -27.49028 ], [ -56.55, -27.4525 ], [ -56.39805, -27.58445 ], [ -56.14403, -27.31146 ], [ -55.73167, -27.43667 ], [ -55.5475, -27.11222 ], [ -54.96334, -26.7832 ], [ -54.6932, -26.42806 ], [ -54.59892, -25.57322 ], [ -54.45251, -25.63306 ], [ -54.10758, -25.49639 ], [ -53.86167, -25.68528 ], [ -53.65001, -26.25 ], [ -53.83876, -27.17112 ], [ -54.35806, -27.45695 ], [ -54.81362, -27.53556 ], [ -55.02167, -27.83389 ], [ -55.74834, -28.21708 ], [ -55.69754, -28.40771 ], [ -55.89306, -28.36972 ], [ -56.4274, -29.06957 ], [ -57.10389, -29.76216 ], [ -57.27991, -29.8057 ], [ -57.88945, -30.535 ], [ -57.79695, -30.88347 ], [ -58.07889, -31.4759 ], [ -57.97778, -31.58091 ], [ -58.04021, -31.78917 ], [ -58.20014, -31.89479 ], [ -58.09756, -32.29459 ], [ -58.22472, -32.52167 ], [ -58.14653, -33.04542 ], [ -58.4257, -33.09744 ], [ -58.53195, -33.51694 ], [ -58.38529, -34.05042 ], [ -58.46972, -34.53973 ], [ -57.18834, -35.32056 ], [ -57.12972, -35.47028 ], [ -57.37611, -35.7814 ], [ -57.37667, -35.96278 ], [ -57.05334, -36.31417 ], [ -56.74535, -36.31598 ], [ -56.66307, -36.90056 ], [ -57.48403, -37.83042 ], [ -57.55195, -38.11362 ], [ -58.30111, -38.485 ], [ -61.09445, -38.99583 ], [ -61.81806, -38.98611 ], [ -62.38515, -38.80264 ], [ -62.27889, -38.95583 ], [ -62.3275, -39.26001 ], [ -62.16598, -39.28639 ], [ -62.02438, -39.3875 ], [ -62.27486, -39.33847 ], [ -62.06875, -39.50848 ], [ -62.11709, -39.83688 ], [ -62.30917, -39.89223 ], [ -62.48875, -40.30257 ], [ -62.2475, -40.60118 ], [ -62.33833, -40.67132 ], [ -62.19532, -40.62841 ], [ -62.39001, -40.90195 ], [ -63.03639, -41.14931 ], [ -63.77473, -41.16487 ], [ -64.80445, -40.72194 ], [ -65.13014, -40.84417 ], [ -65.01362, -42.09223 ], [ -64.46446, -42.26563 ], [ -64.60088, -42.40726 ], [ -64.45195, -42.44584 ], [ -64.11348, -42.43153 ], [ -64.06307, -42.27862 ], [ -64.32824, -42.24618 ], [ -63.75083, -42.09001 ], [ -63.58695, -42.33181 ], [ -63.57931, -42.61501 ], [ -63.68452, -42.81577 ], [ -64.09841, -42.88854 ], [ -64.398049999999898, -42.51584 ], [ -64.95375, -42.66111 ], [ -64.98945, -42.79459 ], [ -64.29653, -42.99118 ], [ -64.92986, -43.23584 ], [ -65.32681, -43.66181 ], [ -65.21014, -43.95806 ], [ -65.24945, -44.31306 ], [ -65.68904, -44.71209 ], [ -65.71258, -44.82958 ], [ -65.5373, -44.89229 ], [ -65.61112, -45.02056 ], [ -66.18279, -44.96445 ], [ -66.94653, -45.25417 ], [ -67.58435, -46.0003 ], [ -67.53361, -46.42236 ], [ -66.81855, -46.98917 ], [ -65.98932, -47.06723 ], [ -65.77528, -47.19521 ], [ -65.87043, -47.75556 ], [ -66.02959, -47.76292 ], [ -66.11389, -47.81751 ], [ -66.22912, -47.84038 ], [ -66.24362, -47.86028 ], [ -65.95681, -47.78639 ], [ -65.78979, -47.96584 ], [ -65.96754, -47.96184 ], [ -65.96417, -48.09278 ], [ -67.08848, -48.64209 ], [ -67.5857, -49.04042 ], [ -67.82778, -49.38639 ], [ -67.60577, -49.2641 ], [ -67.89723, -49.98584 ], [ -68.27335, -50.12334 ], [ -68.59251, -49.92861 ], [ -69.00285, -50.00966 ], [ -68.58494, -49.98042 ], [ -68.3732, -50.15521 ], [ -68.94111, -50.38806 ], [ -69.14361, -50.88167 ], [ -69.40597, -51.07965 ], [ -69.19251, -50.96681 ], [ -68.97007, -51.57278 ], [ -69.37446, -51.5564 ], [ -69.60952, -51.62417 ], [ -68.99014, -51.62445 ], [ -68.38279, -52.32736 ], [ -69.99833, -51.99639 ], [ -71.91057, -51.99583 ], [ -72.40056, -51.51362 ], [ -72.24962, -51.23785 ], [ -72.39522, -51.10813 ], [ -72.26583, -51.0107 ], [ -72.29389, -50.65292 ], [ -72.76612, -50.6207 ], [ -73.15849, -50.75889 ], [ -73.27751, -50.32848 ], [ -73.53625, -50.12014 ], [ -73.44646, -49.7909 ], [ -73.5823, -49.54084 ], [ -73.46473, -49.31139 ], [ -73.13612, -49.30417 ], [ -73.00639, -48.99833 ], [ -72.56112, -48.79945 ], [ -72.59557, -48.47306 ], [ -72.29189, -48.34778 ], [ -72.32196, -48.07834 ], [ -72.53507, -47.91549 ], [ -72.35014, -47.45001 ], [ -71.86792, -47.21862 ], [ -71.93925, -46.81625 ], [ -71.67285, -46.68396 ], [ -71.7466, -46.24702 ], [ -71.901809999999898, -46.1491 ], [ -71.60445, -45.97695 ], [ -71.78195, -45.655 ], [ -71.29861, -45.30507 ], [ -71.58265, -44.97542 ], [ -72.06682, -44.90167 ], [ -72.07543, -44.76639 ], [ -71.27793, -44.7982 ], [ -71.10876, -44.53528 ], [ -71.1957, -44.43028 ], [ -71.85341, -44.37244 ], [ -71.64667, -43.93806 ], [ -71.80765, -43.76333 ], [ -71.70174, -43.60167 ], [ -71.92973, -43.38695 ], [ -71.74015, -43.29764 ], [ -71.73966, -43.17611 ], [ -72.13667, -43.00577 ], [ -72.0448, -42.36896 ], [ -72.13035, -42.28542 ], [ -72.0175, -42.13389 ], [ -71.72654, -42.09507 ], [ -71.91459, -41.65209 ], [ -71.83806, -40.95549 ], [ -71.95014, -40.72695 ], [ -71.66396, -40.33451 ], [ -71.81806, -40.20459 ], [ -71.63335, -39.95056 ], [ -71.70903, -39.62667 ], [ -71.49264, -39.59917 ], [ -71.39369, -38.91354 ], [ -70.92348, -38.74084 ], [ -70.82973, -38.58806 ], [ -71.17986, -37.69646 ], [ -71.18612, -36.84556 ], [ -71.03431, -36.48389 ], [ -70.70695, -36.41452 ], [ -70.70473, -36.27056 ], [ -70.42431, -36.13604 ], [ -70.34376, -35.81136 ], [ -70.42195, -35.36445 ], [ -70.565, -35.24195 ], [ -70.363, -35.14479 ], [ -70.04762, -34.28601 ], [ -69.81758, -34.23473 ], [ -69.90501, -33.77848 ], [ -69.80362, -33.27889 ], [ -70.00042, -33.29861 ], [ -70.09556, -33.17945 ], [ -69.99334, -32.87618 ], [ -70.32098, -32.26528 ], [ -70.23751, -31.93847 ], [ -70.43028, -31.86861 ], [ -70.58674, -31.56382 ], [ -70.52084, -31.15917 ], [ -70.29501, -31.02973 ], [ -70.21167, -30.55945 ], [ -69.83168, -30.19055 ], [ -70.02897, -29.29111 ], [ -69.79279, -29.0957 ], [ -69.65538, -28.40093 ], [ -69.17778, -27.95195 ], [ -68.80744, -27.11854 ], [ -68.32333, -27.02334 ], [ -68.29584, -26.89167 ], [ -68.58362, -26.50528 ], [ -68.39987, -26.15938 ], [ -68.5975, -25.44334 ], [ -68.49695, -25.17111 ], [ -68.35563, -25.12125 ], [ -68.56743, -24.78194 ], [ -68.25361, -24.39861 ], [ -67.33584, -24.02167 ], [ -67.00084, -23.00278 ], [ -67.18362, -22.82167 ], [ -67.02251, -22.52389 ], [ -66.77474, -22.42694 ], [ -66.73668, -22.2275 ], [ -66.34538, -22.11663 ], [ -66.22301, -21.78052 ], [ -65.75001, -22.11007 ], [ -64.98834, -22.09084 ], [ -64.54695, -22.26056 ], [ -64.33827, -22.86979 ], [ -63.941119999999898, -22.00083 ], [ -62.81719, -21.99739 ] ] ] ] } },
{ "type": "Feature", "properties": { "name": "Brazil", "iso3": "BRA" }, "geometry": { "type": "MultiPolygon", "coordinates": [ [ [ [ -48.55056, -27.82139 ], [ -48.51778, -27.4332 ], [ -48.41354, -27.39292 ], [ -48.40639, -27.59278 ], [ -48.55056, -27.82139 ] ] ], [ [ [ -48.58001, -26.38917 ], [ -48.7057, -26.30882 ], [ -48.52639, -26.17056 ], [ -48.485, -26.23153 ], [ -48.58001, -26.38917 ] ] ], [ [ [ -46.38691, -23.9241 ], [ -46.28423, -23.9877 ], [ -46.41053, -23.95681 ], [ -46.38691, -23.9241 ] ] ], [ [ [ -45.32195, -23.72695 ], [ -45.22056, -23.95722 ], [ -45.43972, -23.9307 ], [ -45.32195, -23.72695 ] ] ], [ [ [ -44.08459, -23.16882 ], [ -44.32389, -23.22111 ], [ -44.3682, -23.17472 ], [ -44.23167, -23.07167 ], [ -44.08459, -23.16882 ] ] ], [ [ [ -38.90389, -13.39528 ], [ -38.98195, -13.56361 ], [ -39.03354, -13.39243 ], [ -38.90389, -13.39528 ] ] ], [ [ [ -38.59514, -12.99083 ], [ -38.79431, -13.06014 ], [ -38.64465, -12.89181 ], [ -38.59514, -12.99083 ] ] ], [ [ [ -44.5864, -3.0525 ], [ -44.57751, -2.80194 ], [ -44.4839, -2.71 ], [ -44.49472, -2.94813 ], [ -44.5864, -3.0525 ] ] ], [ [ [ -51.14396, -1.82451 ], [ -50.84612, -2.00389 ], [ -50.94375, -1.96364 ], [ -50.98806, -1.99361 ], [ -51.14396, -1.82451 ] ] ], [ [ [ -49.05486, -1.72285 ], [ -49.13862, -1.86694 ], [ -49.15639, -1.85194 ], [ -49.05486, -1.72285 ] ] ], [ [ [ -48.96111, -1.79583 ], [ -49.04653, -1.70833 ], [ -48.91181, -1.57583 ], [ -48.90084, -1.63 ], [ -48.96111, -1.79583 ] ] ], [ [ [ -44.71514, -1.56181 ], [ -44.66167, -1.66049 ], [ -44.7875, -1.65306 ], [ -44.71514, -1.56181 ] ] ], [ [ [ -51.91514, -1.52028 ], [ -52.12653, -1.58528 ], [ -52.20083, -1.64667 ], [ -52.03333, -1.44014 ], [ -51.91514, -1.52028 ] ] ], [ [ [ -52.22278, -1.45 ], [ -52.45862, -1.4925 ], [ -52.16862, -1.40833 ], [ -52.22278, -1.45 ] ] ], [ [ [ -44.9875, -1.40194 ], [ -44.97556, -1.26167 ], [ -44.87813, -1.28694 ], [ -44.88417, -1.33222 ], [ -44.9875, -1.40194 ] ] ], [ [ [ -45.60778, -1.14889 ], [ -45.68973, -1.35847 ], [ -45.62876, -1.12792 ], [ -45.60778, -1.14889 ] ] ], [ [ [ -48.34028, -1.21278 ], [ -48.45903, -1.17 ], [ -48.41077, -1.07493 ], [ -48.32493, -1.07431 ], [ -48.34028, -1.21278 ] ] ], [ [ [ -46.44028, -1.00333 ], [ -46.54765, -0.96944 ], [ -46.47125, -0.88083 ], [ -46.44028, -1.00333 ] ] ], [ [ [ -51.15806, -1.085 ], [ -51.07084, -0.91139 ], [ -50.92716, -0.87063 ], [ -51.01262, -0.9195 ], [ -51.03334, -1.00528 ], [ -51.15806, -1.085 ] ] ], [ [ [ -51.37529, -1.21361 ], [ -51.2489, -1.02472 ], [ -51.20306, -0.84167 ], [ -51.23945, -1.14389 ], [ -51.37529, -1.21361 ] ] ], [ [ [ -50.85056, -0.81458 ], [ -50.91876, -0.72653 ], [ -50.84278, -0.72778 ], [ -50.85056, -0.81458 ] ] ], [ [ [ -51.13195, -0.95944 ], [ -51.07028, -0.69444 ], [ -50.81361, -0.57611 ], [ -50.82376, -0.69153 ], [ -50.935, -0.72958 ], [ -51.13195, -0.95944 ] ] ], [ [ [ -51.88278, -1.47472 ], [ -51.88486, -1.1834 ], [ -51.66222, -1.08333 ], [ -51.60973, -0.73389 ], [ -51.19833, -0.53028 ], [ -51.27681, -1.02 ], [ -51.88278, -1.47472 ] ] ], [ [ [ -50.95973, -0.50736 ], [ -51.07028, -0.48444 ], [ -50.90222, -0.37868 ], [ -50.95973, -0.50736 ] ] ], [ [ [ -50.95862, -0.5675 ], [ -50.87833, -0.38528 ], [ -50.77695, -0.38389 ], [ -50.78334, -0.47167 ], [ -50.95862, -0.5675 ] ] ], [ [ [ -51.10778, -0.54 ], [ -51.13014, -0.39931 ], [ -51.03056, -0.28556 ], [ -50.94848, -0.35792 ], [ -51.0475, -0.39889 ], [ -51.10778, -0.54 ] ] ], [ [ [ -50.75167, -0.30083 ], [ -50.90424, -0.35833 ], [ -50.75146, -0.22792 ], [ -50.75167, -0.30083 ] ] ], [ [ [ -51.38056, -0.48472 ], [ -51.23889, -0.20167 ], [ -51.09931, -0.12444 ], [ -51.1375, -0.28528 ], [ -51.38056, -0.48472 ] ] ], [ [ [ -49.71334, -0.22778 ], [ -49.1475, -0.13778 ], [ -48.36959, -0.29264 ], [ -48.84514, -1.45819 ], [ -49.5132, -1.62708 ], [ -49.6725, -1.77667 ], [ -49.75757, -1.63875 ], [ -49.81299, -1.81444 ], [ -50.05431, -1.70847 ], [ -50.57952, -1.79868 ], [ -50.81431, -1.32951 ], [ -50.78111, -1.15194 ], [ -50.56945, -1.10194 ], [ -50.79695, -0.97195 ], [ -50.775, -0.64417 ], [ -50.55743, -0.67861 ], [ -50.7264, -0.49778 ], [ -50.65987, -0.28389 ], [ -50.35195, -0.10083 ], [ -49.71334, -0.22778 ] ] ], [ [ [ -50.55694, -0.0625 ], [ -50.85778, -0.28306 ], [ -51.02723, -0.22417 ], [ -50.97278, -0.09 ], [ -50.55694, -0.0625 ] ] ], [ [ [ -50.88612, -0.04528 ], [ -50.83417, 0.05917 ], [ -50.69792, 0.01972 ], [ -50.70737, 0.00639 ], [ -50.88612, -0.04528 ] ] ], [ [ [ -49.38111, -0.06861 ], [ -49.69473, -0.15639 ], [ -49.8525, -0.06445 ], [ -49.50167, 0.07056 ], [ -49.38111, -0.06861 ] ] ], [ [ [ -50.45556, -0.02278 ], [ -50.59334, 0.0225 ], [ -50.64334, 0.17111 ], [ -50.465, 0.14667 ], [ -50.45556, -0.02278 ] ] ], [ [ [ -49.63612, 0.2275 ], [ -49.98472, -0.07222 ], [ -50.3925, 0.10944 ], [ -50.03334, 0.29792 ], [ -49.70389, 0.335 ], [ -49.63612, 0.2275 ] ] ], [ [ [ -50.31778, 0.30889 ], [ -50.53639, 0.22236 ], [ -50.37778, 0.61833 ], [ -50.31778, 0.30889 ] ] ], [ [ [ -50.2375, 0.35083 ], [ -50.30806, 0.50639 ], [ -50.05986, 0.64306 ], [ -50.02305, 0.54194 ], [ -50.2375, 0.35083 ] ] ], [ [ [ -50.00723, 0.88167 ], [ -50.11084, 0.7625 ], [ -50.27056, 0.76056 ], [ -50.20445, 0.87708 ], [ -50.00723, 0.88167 ] ] ], [ [ [ -49.94237, 0.99889 ], [ -50.07445, 0.98111 ], [ -49.94779, 1.05444 ], [ -49.94237, 0.99889 ] ] ], [ [ [ -50.39667, 1.88139 ], [ -50.50417, 2.02097 ], [ -50.39834, 2.13431 ], [ -50.29778, 1.98139 ], [ -50.39667, 1.88139 ] ] ], [ [ [ -50.40472, 2.14639 ], [ -50.51723, 2.20306 ], [ -50.40556, 2.19361 ], [ -50.40472, 2.14639 ] ] ], [ [ [ -57.33195, 1.97222 ], [ -55.90174, 1.90104 ], [ -56.11584, 2.24917 ], [ -55.96278, 2.53306 ], [ -55.71369, 2.40014 ], [ -54.96945, 2.55056 ], [ -54.10965, 2.11347 ], [ -53.74611, 2.37097 ], [ -52.95472, 2.17618 ], [ -52.59445, 2.47389 ], [ -52.34494, 3.1574 ], [ -51.77181, 3.98347 ], [ -51.54029, 4.15361 ], [ -51.44778, 3.9725 ], [ -51.54813, 4.38569 ], [ -51.07945, 3.88681 ], [ -51.02361, 3.13 ], [ -50.67973, 2.16472 ], [ -50.44528, 1.82583 ], [ -49.93208, 1.70993 ], [ -49.89299, 1.32423 ], [ -50.11056, 1.2134 ], [ -49.9032, 1.17444 ], [ -50.45, 0.66181 ], [ -50.76042, 0.19597 ], [ -51.2975, -0.19139 ], [ -51.70001, -0.7525 ], [ -51.71229, -1.02382 ], [ -51.91966, -1.16674 ], [ -51.9275, -1.33486 ], [ -52.22764, -1.34493 ], [ -52.70695, -1.60306 ], [ -52.29333, -1.535 ], [ -52.20847, -1.69208 ], [ -51.44945, -1.32708 ], [ -50.85292, -0.915 ], [ -50.81458, -1.44458 ], [ -50.66723, -1.77167 ], [ -50.81473, -1.89833 ], [ -51.3366, -1.64743 ], [ -51.52195, -2.04639 ], [ -51.44723, -2.27917 ], [ -51.47292, -2.03917 ], [ -51.30823, -1.76691 ], [ -50.99112, -2.02958 ], [ -51.02917, -2.345 ], [ -50.99611, -2.41778 ], [ -50.84382, -2.5075 ], [ -51.00625, -2.33986 ], [ -50.98431, -2.06917 ], [ -50.84, -2.03945 ], [ -50.71646, -2.22326 ], [ -50.82292, -1.96 ], [ -50.67795, -1.81044 ], [ -50.41639, -1.95222 ], [ -50.00285, -1.82097 ], [ -49.63834, -1.87549 ], [ -49.28091, -1.71771 ], [ -49.50584, -2.2575 ], [ -49.49001, -2.565 ], [ -49.19056, -1.89806 ], [ -48.97049, -1.84056 ], [ -48.69723, -1.46917 ], [ -48.42722, -1.66028 ], [ -48.41361, -1.49944 ], [ -48.18896, -1.46625 ], [ -48.48, -1.47528 ], [ -48.48118, -1.30486 ], [ -48.3398, -1.3175 ], [ -48.31278, -0.98472 ], [ -48.05639, -0.70806 ], [ -47.96181, -0.77625 ], [ -47.74459, -0.63736 ], [ -47.73295, -0.74646 ], [ -47.54875, -0.63597 ], [ -47.39806, -0.81278 ], [ -47.45959, -0.595 ], [ -47.28556, -0.59917 ], [ -47.06556, -0.75333 ], [ -46.95973, -0.70278 ], [ -46.96, -0.89847 ], [ -46.82667, -0.71319 ], [ -46.79084, -0.84222 ], [ -46.60111, -0.86778 ], [ -46.61, -1.0375 ], [ -46.19195, -0.9575 ], [ -46.25945, -1.17778 ], [ -46.1275, -1.10611 ], [ -46.04667, -1.21028 ], [ -45.9757, -1.0775 ], [ -45.86153, -1.25951 ], [ -45.73555, -1.18 ], [ -45.69618, -1.36868 ], [ -45.44695, -1.31083 ], [ -45.46223, -1.54556 ], [ -45.32472, -1.31472 ], [ -45.3507, -1.73681 ], [ -45.15876, -1.48042 ], [ -44.8589, -1.43062 ], [ -44.95139, -1.60167 ], [ -44.82722, -1.57632 ], [ -44.79917, -1.705 ], [ -44.69501, -1.81778 ], [ -44.53889, -1.83222 ], [ -44.49653, -2.04764 ], [ -44.63694, -2.22361 ], [ -44.65493, -2.32368 ], [ -44.45084, -2.14639 ], [ -44.36056, -2.34194 ], [ -44.58209, -2.56681 ], [ -44.62598, -3.05514 ], [ -44.78639, -3.2975 ], [ -44.42306, -2.93444 ], [ -44.35695, -2.52667 ], [ -44.06334, -2.40583 ], [ -44.04195, -2.54764 ], [ -44.34035, -2.82736 ], [ -44.19063, -2.7634 ], [ -44.19833, -2.86889 ], [ -43.92834, -2.54847 ], [ -43.44833, -2.53778 ], [ -43.47771, -2.38278 ], [ -43.3475, -2.36583 ], [ -42.23584, -2.83778 ], [ -41.95209, -2.845 ], [ -41.87083, -2.73222 ], [ -41.24807, -3.02355 ], [ -41.22278, -2.88028 ], [ -39.99875, -2.84653 ], [ -38.49653, -3.72486 ], [ -37.17445, -4.91861 ], [ -36.68458, -5.09847 ], [ -35.97431, -5.04917 ], [ -35.47973, -5.16611 ], [ -35.22556, -5.58361 ], [ -34.90129, -7.12525 ], [ -34.83129, -6.9818 ], [ -34.79292, -7.17278 ], [ -34.8932, -7.54309 ], [ -34.83098, -8.00931 ], [ -35.3275, -9.22889 ], [ -36.38986, -10.48917 ], [ -37.01195, -10.92972 ], [ -37.0323, -10.92875 ], [ -37.02528, -10.85889 ], [ -37.09222, -10.74389 ], [ -37.1557, -10.75403 ], [ -37.03987, -10.8425 ], [ -37.15451, -11.09979 ], [ -37.27563, -11.02521 ], [ -37.20723, -11.21945 ], [ -37.37188, -11.42986 ], [ -37.29014, -11.21125 ], [ -37.34236, -11.1875 ], [ -37.65917, -12.05834 ], [ -38.31792, -12.93722 ], [ -38.53053, -13.01601 ], [ -38.50737, -12.72646 ], [ -38.69799, -12.58111 ], [ -38.7832, -12.81958 ], [ -38.86118, -12.66278 ], [ -38.91723, -12.74361 ], [ -38.73014, -12.87125 ], [ -38.95667, -13.38 ], [ -39.05709, -13.38028 ], [ -39.08029, -13.53833 ], [ -38.96348, -13.68611 ], [ -39.03653, -14.175 ], [ -38.9207, -13.92514 ], [ -39.06667, -14.65042 ], [ -38.87195, -15.87417 ], [ -39.20903, -17.16612 ], [ -39.13223, -17.68632 ], [ -39.64626, -18.23125 ], [ -39.78751, -19.60361 ], [ -40.00667, -19.74139 ], [ -40.24056, -20.28382 ], [ -40.34972, -20.23473 ], [ -40.28223, -20.34361 ], [ -40.40611, -20.59945 ], [ -40.76188, -20.85466 ], [ -40.96056, -21.23584 ], [ -40.98723, -22.00861 ], [ -41.76306, -22.34611 ], [ -41.98743, -22.5657 ], [ -42.03445, -22.91917 ], [ -43.09417, -22.95334 ], [ -43.07584, -22.66833 ], [ -43.25431, -22.7366 ], [ -43.14743, -22.95181 ], [ -43.22723, -22.99903 ], [ -44.00528, -23.09986 ], [ -43.60681, -23.01889 ], [ -43.85876, -22.89681 ], [ -44.19195, -23.05111 ], [ -44.35375, -22.92042 ], [ -44.67521, -23.0557 ], [ -44.70931, -23.22222 ], [ -44.50077, -23.28959 ], [ -44.57431, -23.35368 ], [ -44.94389, -23.36223 ], [ -45.41084, -23.62889 ], [ -45.41549, -23.82806 ], [ -45.89001, -23.76778 ], [ -46.27973, -24.02584 ], [ -46.31167, -24.01889 ], [ -46.27479, -23.99104 ], [ -46.30549, -23.9191 ], [ -46.38042, -23.86875 ], [ -46.43611, -24.02139 ], [ -48.02612, -25.015 ], [ -47.91431, -25.15236 ], [ -48.2082, -25.46014 ], [ -48.13405, -25.28473 ], [ -48.39501, -25.29611 ], [ -48.48069, -25.48014 ], [ -48.71861, -25.42472 ], [ -48.36181, -25.57944 ], [ -48.77014, -25.8841 ], [ -48.58112, -25.87222 ], [ -48.58104, -26.1757 ], [ -48.69889, -26.24014 ], [ -48.79334, -26.13223 ], [ -48.75556, -26.28945 ], [ -48.60973, -26.43965 ], [ -48.68472, -26.70528 ], [ -48.48695, -27.21347 ], [ -48.62056, -27.23709 ], [ -48.5639, -27.86444 ], [ -48.7618, -28.4907 ], [ -48.85278, -28.32028 ], [ -48.84251, -28.61778 ], [ -49.7525, -29.36972 ], [ -50.74945, -31.08111 ], [ -52.06965, -32.17195 ], [ -52.08674, -31.82681 ], [ -51.86126, -31.87292 ], [ -51.2514, -31.47167 ], [ -51.15896, -31.07785 ], [ -50.97084, -31.12222 ], [ -50.95695, -30.93056 ], [ -50.70362, -30.75139 ], [ -50.68695, -30.4725 ], [ -50.5681, -30.45755 ], [ -50.605, -30.19403 ], [ -50.96639, -30.40889 ], [ -51.27504, -30.01056 ], [ -51.27729, -30.79993 ], [ -51.35223, -30.63472 ], [ -51.46778, -31.06097 ], [ -51.96375, -31.33736 ], [ -52.04264, -31.635 ], [ -52.21764, -31.745 ], [ -52.25472, -32.05528 ], [ -52.09077, -32.16438 ], [ -52.37591, -32.50028 ], [ -52.62862, -33.11528 ], [ -53.3743, -33.74067 ], [ -53.53445, -33.65695 ], [ -53.52105, -33.14161 ], [ -53.0983, -32.72344 ], [ -53.55334, -32.44611 ], [ -53.87542, -31.97445 ], [ -54.28583, -31.80445 ], [ -54.5941, -31.46091 ], [ -55.22875, -31.24973 ], [ -55.58417, -30.84625 ], [ -56.00892, -31.07979 ], [ -56.00167, -30.79583 ], [ -56.8114, -30.10528 ], [ -57.07098, -30.10889 ], [ -57.21389, -30.29208 ], [ -57.608, -30.18493 ], [ -56.4274, -29.06957 ], [ -55.89306, -28.36972 ], [ -55.69754, -28.40771 ], [ -55.74834, -28.21708 ], [ -55.02167, -27.83389 ], [ -54.81362, -27.53556 ], [ -54.35806, -27.45695 ], [ -53.83876, -27.17112 ], [ -53.65001, -26.25 ], [ -53.88861, -25.63375 ], [ -54.10758, -25.49639 ], [ -54.45251, -25.63306 ], [ -54.59892, -25.57322 ], [ -54.2439, -24.05361 ], [ -54.6257, -23.80493 ], [ -55.03139, -23.99445 ], [ -55.41209, -23.95431 ], [ -55.60917, -22.63847 ], [ -55.84972, -22.28889 ], [ -56.20292, -22.27473 ], [ -56.39653, -22.06868 ], [ -56.87751, -22.27417 ], [ -57.98511, -22.09183 ], [ -57.81459, -20.97875 ], [ -58.15889, -20.16806 ], [ -57.85188, -19.97551 ], [ -58.12111, -19.74139 ], [ -57.70473, -19.04361 ], [ -57.77028, -18.90611 ], [ -57.52112, -18.20389 ], [ -57.74551, -17.59389 ], [ -58.39042, -17.25958 ], [ -58.47577, -16.67463 ], [ -58.3275, -16.27917 ], [ -60.16028, -16.26306 ], [ -60.22723, -15.47861 ], [ -60.5714, -15.0975 ], [ -60.25889, -15.09361 ], [ -60.47681, -13.80347 ], [ -61.03898, -13.49312 ], [ -61.84031, -13.53875 ], [ -62.11367, -13.15371 ], [ -62.76973, -13.00583 ], [ -63.0671, -12.65987 ], [ -63.32487, -12.70421 ], [ -63.67195, -12.47056 ], [ -64.37306, -12.46833 ], [ -64.51653, -12.24222 ], [ -65.00835, -11.98944 ], [ -65.390709999999899, -11.27472 ], [ -65.30265, -10.98556 ], [ -65.44197, -10.47348 ], [ -65.28862, -10.19542 ], [ -65.40689, -9.68625 ], [ -65.56931, -9.83514 ], [ -66.07765, -9.77556 ], [ -66.63048, -9.90576 ], [ -67.58251, -10.50445 ], [ -67.70334, -10.69472 ], [ -68.06111, -10.67639 ], [ -68.28091, -10.97972 ], [ -68.62084, -11.11639 ], [ -69.41223, -10.93778 ], [ -70.63139, -11.00917 ], [ -70.60759, -9.57566 ], [ -70.51466, -9.428 ], [ -71.29639, -9.99542 ], [ -72.18584, -10.0025 ], [ -72.30153, -9.5332 ], [ -73.2007, -9.40076 ], [ -72.96237, -8.98847 ], [ -73.5332, -8.35236 ], [ -73.77196, -7.94806 ], [ -73.70666, -7.77639 ], [ -74.00459, -7.55438 ], [ -73.93112, -7.35917 ], [ -73.70584, -7.30924 ], [ -73.74417, -6.87694 ], [ -73.1239, -6.44722 ], [ -73.22974, -6.09361 ], [ -72.96195, -5.64861 ], [ -72.85196, -5.12472 ], [ -71.90248, -4.51819 ], [ -70.95626, -4.38222 ], [ -70.76244, -4.14771 ], [ -70.32014, -4.13972 ], [ -70.19783, -4.33265 ], [ -69.95029, -4.2625 ], [ -69.37855, -1.33792 ], [ -69.60654, -0.51986 ], [ -70.058059999999898, -0.1575 ], [ -70.04473, 0.585 ], [ -69.45928, 0.7366 ], [ -69.12781, 0.64403 ], [ -69.26487, 1.03389 ], [ -69.84222, 1.07222 ], [ -69.8461, 1.71046 ], [ -68.15306, 1.72417 ], [ -68.25723, 1.85278 ], [ -68.19639, 1.9775 ], [ -67.91473, 1.74528 ], [ -67.42258, 2.14285 ], [ -67.07118, 1.62041 ], [ -67.07528, 1.1725 ], [ -66.87045, 1.22093 ], [ -66.28696, 0.74778 ], [ -65.59543, 0.99042 ], [ -65.48577, 0.66187 ], [ -65.13626, 1.11847 ], [ -64.39431, 1.51181 ], [ -64.26445, 1.47611 ], [ -64.07799, 1.63542 ], [ -64.00236, 1.94986 ], [ -63.39945, 2.14951 ], [ -63.36077, 2.2591 ], [ -63.36542, 2.42 ], [ -64.03403, 2.47132 ], [ -64.19021, 3.58965 ], [ -64.62668, 3.96556 ], [ -64.78167, 4.28639 ], [ -64.59202, 4.12778 ], [ -64.12639, 4.10958 ], [ -64.01779, 3.88611 ], [ -63.64445, 3.94861 ], [ -63.49153, 3.85778 ], [ -63.33556, 3.95806 ], [ -62.87806, 3.56014 ], [ -62.73403, 3.67653 ], [ -62.75778, 4.02028 ], [ -62.44014, 4.18267 ], [ -61.84889, 4.16055 ], [ -61.55438, 4.24882 ], [ -61.31361, 4.50667 ], [ -60.98709, 4.51931 ], [ -60.57854, 4.95264 ], [ -60.73037, 5.2048 ], [ -60.20236, 5.27271 ], [ -59.98306, 5.0225 ], [ -60.14848, 4.52 ], [ -59.67444, 4.38514 ], [ -59.73111, 4.21917 ], [ -59.58167, 3.99889 ], [ -59.83195, 3.52417 ], [ -59.98848, 2.68819 ], [ -59.89326, 2.3641 ], [ -59.73549, 2.28472 ], [ -59.74903, 1.86139 ], [ -59.64577, 1.73514 ], [ -58.8107, 1.18687 ], [ -58.51962, 1.26962 ], [ -58.50229, 1.45467 ], [ -58.29722, 1.58278 ], [ -58.00716, 1.51569 ], [ -57.75945, 1.71785 ], [ -57.52806, 1.71583 ], [ -57.33195, 1.97222 ] ] ] ] } },
{ "type": "Feature", "properties": { "name": "Guam", "iso3": "GUM" }, "geometry": { "type": "Polygon", "coordinates": [ [ [ 144.70941, 13.235 ], [ 144.65524, 13.42778 ], [ 144.87606, 13.65229 ], [ 144.953310000000101, 13.5875 ], [ 144.70941, 13.235 ] ] ] } },
{ "type": "Feature", "properties": { "name": "Panama", "iso3": "PAN" }, "geometry": { "type": "MultiPolygon", "coordinates": [ [ [ [ -81.75862, 7.63417 ], [ -81.59014, 7.32986 ], [ -81.87417, 7.49111 ], [ -81.75862, 7.63417 ] ] ], [ [ [ -78.84813, 8.29055 ], [ -78.96007, 8.29396 ], [ -78.95451, 8.45014 ], [ -78.85307, 8.43736 ], [ -78.84813, 8.29055 ] ] ], [ [ [ -82.25674, 9.4278 ], [ -82.24975, 9.33069 ], [ -82.32512, 9.40786 ], [ -82.25674, 9.4278 ] ] ], [ [ [ -77.36667, 8.675 ], [ -77.46858, 8.4717 ], [ -77.21556, 7.93722 ], [ -77.57744, 7.52618 ], [ -77.74403, 7.72 ], [ -77.889719999999897, 7.22889 ], [ -78.43278, 8.04889 ], [ -78.25723, 8.10194 ], [ -78.30139, 8.24972 ], [ -78.14364, 8.40167 ], [ -77.99519, 8.23246 ], [ -77.77917, 8.155 ], [ -78.10751, 8.45583 ], [ -78.41306, 8.34361 ], [ -78.50723, 8.61694 ], [ -79.05307, 8.96667 ], [ -78.9791, 9.13854 ], [ -79.69779, 8.86666 ], [ -79.95279, 8.45083 ], [ -80.47126, 8.21555 ], [ -80.44236, 8.02215 ], [ -79.99043, 7.51889 ], [ -80.43688, 7.24458 ], [ -80.88251, 7.22028 ], [ -81.058059999999898, 7.87333 ], [ -81.17738, 7.84861 ], [ -81.21792, 7.60826 ], [ -81.49695, 7.69861 ], [ -81.73862, 8.1625 ], [ -82.72168, 8.31722 ], [ -82.87126, 8.22472 ], [ -82.86862, 8.02118 ], [ -83.03029, 8.31056 ], [ -82.82992, 8.47466 ], [ -82.91446, 8.76278 ], [ -82.71188, 8.92507 ], [ -82.93047, 9.06312 ], [ -82.83772, 9.60972 ], [ -82.36362, 9.40722 ], [ -82.24278, 9.00236 ], [ -81.816389999999899, 8.94528 ], [ -81.88633, 9.17361 ], [ -81.507289999999898, 8.79312 ], [ -81.20403, 8.78111 ], [ -80.11751, 9.20694 ], [ -79.62584, 9.59417 ], [ -78.95943, 9.54336 ], [ -79.05452, 9.42903 ], [ -78.5521, 9.42833 ], [ -78.03438, 9.22882 ], [ -77.51084, 8.68611 ], [ -77.36667, 8.675 ] ] ] ] } },
{ "type": "Feature", "properties": { "name": "Costa Rica", "iso3": "CRI" }, "geometry": { "type": "Polygon", "coordinates": [ [ [ -83.6458, 10.92485 ], [ -83.33974, 10.29972 ], [ -82.56357, 9.56288 ], [ -82.63626, 9.48806 ], [ -82.83772, 9.60972 ], [ -82.93472, 9.47167 ], [ -82.93047, 9.06312 ], [ -82.71188, 8.92507 ], [ -82.91446, 8.76278 ], [ -82.82992, 8.47466 ], [ -83.03029, 8.31056 ], [ -82.93334, 8.2575 ], [ -82.88598, 8.1018 ], [ -82.89885, 8.02567 ], [ -83.34403, 8.72805 ], [ -83.48042, 8.70455 ], [ -83.29112, 8.37028 ], [ -83.73348, 8.58736 ], [ -83.59057, 8.84111 ], [ -83.62646, 9.03646 ], [ -84.22945, 9.46861 ], [ -84.61861, 9.57944 ], [ -84.74757, 9.96715 ], [ -85.23625, 10.20736 ], [ -84.89723, 9.8075 ], [ -85.14223, 9.58944 ], [ -85.345, 9.83278 ], [ -85.65668, 9.905 ], [ -85.85153, 10.24722 ], [ -85.63251, 10.62167 ], [ -85.68001, 10.7993 ], [ -85.91139, 10.89111 ], [ -85.705, 10.93305 ], [ -85.61355, 11.21285 ], [ -84.90279, 10.94083 ], [ -84.674459999999897, 11.07806 ], [ -83.92063, 10.70969 ], [ -83.66015, 10.80194 ], [ -83.6458, 10.92485 ] ] ] } },
{ "type": "Feature", "properties": { "name": "Netherlands Antilles", "iso3": "ANT" }, "geometry": { "type": "MultiPolygon", "coordinates": [ [ [ [ -68.19736, 12.22264 ], [ -68.25111, 12.02055 ], [ -68.41654, 12.25375 ], [ -68.36681, 12.30611 ], [ -68.19736, 12.22264 ] ] ], [ [ [ -69.16362, 12.36639 ], [ -68.82417, 12.16028 ], [ -68.74695, 12.04028 ], [ -69.0625, 12.18833 ], [ -69.16362, 12.36639 ] ] ] ] } },
{ "type": "Feature", "properties": { "name": "Venezuela", "iso3": "VEN" }, "geometry": { "type": "MultiPolygon", "coordinates": [ [ [ [ -61.2636, 8.49993 ], [ -61.40528, 8.48583 ], [ -61.54354, 8.54868 ], [ -61.2975, 8.57333 ], [ -61.2636, 8.49993 ] ] ], [ [ [ -61.08362, 8.60972 ], [ -61.04056, 8.51416 ], [ -61.26368, 8.51021 ], [ -61.08362, 8.60972 ] ] ], [ [ [ -60.93778, 8.72125 ], [ -61.14695, 8.65444 ], [ -61.17723, 8.67667 ], [ -60.93778, 8.72125 ] ] ], [ [ [ -60.8416, 8.72694 ], [ -60.92334, 8.61833 ], [ -60.98862, 8.63556 ], [ -60.8416, 8.72694 ] ] ], [ [ [ -60.86056, 8.85333 ], [ -61.16361, 8.68833 ], [ -61.17202, 8.70035 ], [ -60.86056, 8.85333 ] ] ], [ [ [ -61.01973, 8.84694 ], [ -60.94167, 9.01167 ], [ -60.84793, 9.00819 ], [ -60.89223, 8.91055 ], [ -61.01973, 8.84694 ] ] ], [ [ [ -60.94334, 9.02222 ], [ -61.07063, 8.97132 ], [ -60.85042, 9.09299 ], [ -60.85832, 9.06496 ], [ -60.94334, 9.02222 ] ] ], [ [ [ -65.21216, 10.95417 ], [ -65.39334, 10.90694 ], [ -65.41612, 10.92722 ], [ -65.21216, 10.95417 ] ] ], [ [ [ -63.80473, 11.02139 ], [ -64.05556, 10.85722 ], [ -64.4057, 10.97014 ], [ -64.218339999999898, 11.08806 ], [ -64.04279, 10.98764 ], [ -63.88493, 11.17562 ], [ -63.80473, 11.02139 ] ] ], [ [ [ -59.99028, 8.53528 ], [ -59.83285, 8.23153 ], [ -60.53334, 7.80389 ], [ -60.71667, 7.54 ], [ -60.6175, 7.19444 ], [ -60.36049, 7.17625 ], [ -60.29125, 7.0566 ], [ -60.69778, 6.76667 ], [ -61.12511, 6.71477 ], [ -61.160139999999899, 6.1825 ], [ -61.38973, 5.94 ], [ -60.65521, 5.18132 ], [ -60.64931, 4.84292 ], [ -60.98709, 4.51931 ], [ -61.49223, 4.40639 ], [ -61.55438, 4.24882 ], [ -62.14264, 4.09319 ], [ -62.44014, 4.18267 ], [ -62.72834, 4.03861 ], [ -62.73403, 3.67653 ], [ -62.87806, 3.56014 ], [ -63.33556, 3.95806 ], [ -63.49153, 3.85778 ], [ -63.64445, 3.94861 ], [ -64.01779, 3.88611 ], [ -64.12639, 4.10958 ], [ -64.59202, 4.12778 ], [ -64.78167, 4.28639 ], [ -64.62668, 3.96556 ], [ -64.19021, 3.58965 ], [ -64.03403, 2.47132 ], [ -63.36542, 2.42 ], [ -63.36077, 2.2591 ], [ -63.39945, 2.14951 ], [ -64.00236, 1.94986 ], [ -64.07799, 1.63542 ], [ -64.26445, 1.47611 ], [ -64.39431, 1.51181 ], [ -65.13626, 1.11847 ], [ -65.52167, 0.64917 ], [ -65.59543, 0.99042 ], [ -66.31473, 0.75139 ], [ -66.87045, 1.22093 ], [ -67.19251, 2.3925 ], [ -67.60583, 2.79333 ], [ -67.82362, 2.82708 ], [ -67.29285, 3.39604 ], [ -67.63515, 3.79764 ], [ -67.85876, 4.56125 ], [ -67.84863, 5.30652 ], [ -67.41398, 5.99554 ], [ -67.45445, 6.19306 ], [ -67.83119, 6.30757 ], [ -68.63841, 6.13549 ], [ -69.0564, 6.21611 ], [ -69.24174, 6.0841 ], [ -69.42946, 6.11861 ], [ -70.11917, 6.97583 ], [ -70.71973, 7.09805 ], [ -71.18126, 6.96347 ], [ -71.99236, 7.01625 ], [ -72.15473, 7.32528 ], [ -72.47244, 7.49798 ], [ -72.33667, 8.15194 ], [ -72.66446, 8.64111 ], [ -72.77973, 9.08028 ], [ -73.01, 9.30201 ], [ -73.37807, 9.17139 ], [ -73.00473, 9.76833 ], [ -72.90355, 10.44444 ], [ -72.49125, 11.12278 ], [ -72.20935, 11.25 ], [ -71.96848, 11.66625 ], [ -71.32472, 11.85305 ], [ -71.95417, 11.59472 ], [ -71.58168, 10.67472 ], [ -72.12535, 9.81819 ], [ -71.733199999999897, 9.37569 ], [ -71.71487, 9.07792 ], [ -71.2414, 9.15542 ], [ -71.05598, 9.33875 ], [ -71.0734, 9.85111 ], [ -71.54571, 10.56833 ], [ -71.49286, 10.96104 ], [ -70.50848, 11.24819 ], [ -70.04779, 11.51778 ], [ -69.80139, 11.42722 ], [ -69.81653, 11.69097 ], [ -70.23598, 11.62889 ], [ -70.28666, 11.92028 ], [ -70.01431, 12.1975 ], [ -69.63181, 11.46764 ], [ -68.84368, 11.44708 ], [ -68.41834, 11.18 ], [ -68.24251, 10.87437 ], [ -68.28056, 10.64389 ], [ -68.11424, 10.48493 ], [ -66.22987, 10.64055 ], [ -65.81445, 10.22833 ], [ -65.08139, 10.06056 ], [ -64.76445, 10.09722 ], [ -64.18205, 10.45655 ], [ -63.6975, 10.48555 ], [ -64.2357, 10.51437 ], [ -64.26459, 10.65778 ], [ -61.87959, 10.72833 ], [ -62.33111, 10.53167 ], [ -62.9123, 10.52875 ], [ -63.00424, 10.45298 ], [ -62.87251, 10.52444 ], [ -62.83771, 10.39729 ], [ -62.93431, 10.41847 ], [ -63.00369, 10.39417 ], [ -62.99841, 10.2716 ], [ -62.94667, 10.4009 ], [ -62.88474, 10.37439 ], [ -62.79009, 10.40133 ], [ -62.63063, 10.10715 ], [ -63.01598, 10.09569 ], [ -62.80528, 10.00861 ], [ -62.61576, 10.09319 ], [ -62.5775, 10.22514 ], [ -62.32264, 9.71208 ], [ -62.2057, 9.91403 ], [ -62.19611, 9.64167 ], [ -62.027439999999899, 9.86642 ], [ -62.17889, 10.01472 ], [ -61.73584, 9.60094 ], [ -61.80092, 9.81228 ], [ -61.59771, 9.78278 ], [ -61.61987, 9.90528 ], [ -61.25598, 9.58889 ], [ -60.85361, 9.44444 ], [ -60.78362, 9.305 ], [ -60.98778, 9.18861 ], [ -61.08459, 9.0975 ], [ -60.95049, 9.17514 ], [ -61.09778, 8.96333 ], [ -61.21021, 8.59514 ], [ -61.59889, 8.555 ], [ -61.32917, 8.43083 ], [ -61.07751, 8.49306 ], [ -61.07354, 8.40292 ], [ -60.90223, 8.58222 ], [ -59.99028, 8.53528 ] ] ] ] } },
{ "type": "Feature", "properties": { "name": "Mauritania", "iso3": "MRT" }, "geometry": { "type": "MultiPolygon", "coordinates": [ [ [ [ -16.4275, 19.60361 ], [ -16.46056, 19.69694 ], [ -16.34209, 19.86514 ], [ -16.36125, 19.73333 ], [ -16.4275, 19.60361 ] ] ], [ [ [ -4.80611, 25.00027 ], [ -6.57722, 24.99917 ], [ -5.60139, 16.50777 ], [ -5.335, 16.32805 ], [ -5.49505, 15.49837 ], [ -9.33361, 15.49972 ], [ -9.33806, 15.70472 ], [ -9.40972, 15.4443 ], [ -10.71639, 15.4389 ], [ -10.89656, 15.11036 ], [ -11.49861, 15.6418 ], [ -11.71167, 15.545 ], [ -11.84139, 14.86305 ], [ -12.05996, 14.72564 ], [ -12.84972, 15.20805 ], [ -13.39542, 16.05542 ], [ -13.81611, 16.13527 ], [ -14.34361, 16.63611 ], [ -14.98452, 16.69062 ], [ -15.67028, 16.48111 ], [ -16.28528, 16.51708 ], [ -16.52768, 16.06025 ], [ -16.46764, 16.61139 ], [ -16.03945, 17.73458 ], [ -16.17917, 18.91306 ], [ -16.51167, 19.35222 ], [ -16.30945, 19.4675 ], [ -16.46174, 19.41007 ], [ -16.23306, 19.79389 ], [ -16.19681, 20.22611 ], [ -16.4957, 20.72597 ], [ -16.54007, 20.56604 ], [ -16.64833, 20.66139 ], [ -16.92368, 21.15847 ], [ -17.05233, 20.76409 ], [ -16.95375, 21.33667 ], [ -12.99972, 21.33806 ], [ -13.10528, 22.89306 ], [ -12.57139, 23.29139 ], [ -12.00028, 23.45444 ], [ -12.00056, 26.0 ], [ -8.66694, 26.00028 ], [ -8.66679, 27.29046 ], [ -4.80611, 25.00027 ] ] ] ] } },
{ "type": "Feature", "properties": { "name": "Tunisia", "iso3": "TUN" }, "geometry": { "type": "MultiPolygon", "coordinates": [ [ [ [ 10.96833, 33.8575 ], [ 10.865, 33.63861 ], [ 10.71917, 33.73083 ], [ 10.72736, 33.88319 ], [ 10.96833, 33.8575 ] ] ], [ [ [ 11.13944, 34.67694 ], [ 11.23798, 34.82284 ], [ 11.30222, 34.80333 ], [ 11.28236, 34.74278 ], [ 11.13944, 34.67694 ] ] ], [ [ [ 11.52608, 33.17114 ], [ 11.46667, 32.65097 ], [ 11.5675, 32.44222 ], [ 10.28722, 31.69416 ], [ 10.12333, 31.4225 ], [ 10.29069, 30.91042 ], [ 10.21194, 30.72847 ], [ 9.89229, 30.35631 ], [ 9.53711, 30.23439 ], [ 9.05722, 32.09555 ], [ 8.34861, 32.53333 ], [ 8.15778, 33.02805 ], [ 7.74306, 33.22916 ], [ 7.4925, 33.8875 ], [ 7.52889, 34.10431 ], [ 8.25271, 34.65521 ], [ 8.40111, 35.19222 ], [ 8.26056, 35.85638 ], [ 8.37639, 36.42014 ], [ 8.18167, 36.50527 ], [ 8.63805, 36.83111 ], [ 8.62203, 36.94137 ], [ 9.73875, 37.34041 ], [ 9.85868, 37.32834 ], [ 9.83844, 37.14074 ], [ 10.04833, 37.26153 ], [ 10.25486, 37.17958 ], [ 10.13201, 37.14552 ], [ 10.34424, 36.87715 ], [ 10.19674, 36.79013 ], [ 10.37486, 36.72458 ], [ 11.06778, 37.05138 ], [ 11.10222, 36.90444 ], [ 10.79639, 36.46534 ], [ 10.51278, 36.3511 ], [ 10.45618, 36.11735 ], [ 10.68583, 35.7886 ], [ 11.02708, 35.63736 ], [ 11.12667, 35.24194 ], [ 10.73139, 34.67028 ], [ 10.00708, 34.16861 ], [ 10.33194, 33.70027 ], [ 10.71597, 33.70416 ], [ 10.75167, 33.47374 ], [ 11.05583, 33.61264 ], [ 11.1743, 33.21006 ], [ 11.52608, 33.17114 ] ] ] ] } },
{ "type": "Feature", "properties": { "name": "Gibraltar", "iso3": "GIB" }, "geometry": { "type": "Polygon", "coordinates": [ [ [ -5.35617, 36.12646 ], [ -5.33451, 36.16256 ], [ -5.33831, 36.11207 ], [ -5.35617, 36.12646 ] ] ] } },
{ "type": "Feature", "properties": { "name": "Togo", "iso3": "TGO" }, "geometry": { "type": "Polygon", "coordinates": [ [ [ 0.91797, 10.9964 ], [ 0.77667, 10.37667 ], [ 1.355, 9.99528 ], [ 1.3375, 9.5425 ], [ 1.61972, 9.03423 ], [ 1.6425, 6.99555 ], [ 1.55388, 6.99656 ], [ 1.57528, 6.67972 ], [ 1.7978, 6.28025 ], [ 1.19889, 6.10055 ], [ 0.75889, 6.44778 ], [ 0.525, 6.94778 ], [ 0.65295, 7.36964 ], [ 0.51417, 7.55778 ], [ 0.61167, 8.21611 ], [ 0.72625, 8.32375 ], [ 0.38274, 8.76076 ], [ 0.51278, 8.84444 ], [ 0.55062, 9.40889 ], [ 0.21722, 9.46028 ], [ 0.36653, 10.25417 ], [ -0.07875, 10.65083 ], [ 0.03132, 11.07715 ], [ -0.14976, 11.13854 ], [ 0.50417, 10.93694 ], [ 0.91797, 10.9964 ] ] ] } },
{ "type": "Feature", "properties": { "name": "Ghana", "iso3": "GHA" }, "geometry": { "type": "Polygon", "coordinates": [ [ [ 1.19889, 6.10055 ], [ 0.945, 5.78083 ], [ 0.68799, 5.75385 ], [ 0.63583, 5.94451 ], [ 0.50646, 6.05859 ], [ 0.40514, 6.08104 ], [ 0.31132, 6.05858 ], [ 0.21722, 6.09819 ], [ 0.35375, 6.02333 ], [ 0.43042, 6.06979 ], [ 0.575, 5.99194 ], [ 0.66375, 5.75993 ], [ 0.25583, 5.75778 ], [ -0.79813, 5.20785 ], [ -1.61958, 5.01681 ], [ -2.05889, 4.73083 ], [ -2.33, 4.91389 ], [ -3.10304, 5.08502 ], [ -2.73444, 5.11278 ], [ -2.74167, 5.44639 ], [ -2.7975, 5.61555 ], [ -3.01361, 5.7075 ], [ -3.22444, 6.81862 ], [ -3.02389, 7.07306 ], [ -2.77514, 7.94292 ], [ -2.48778, 8.19778 ], [ -2.61667, 8.91444 ], [ -2.7675, 9.06361 ], [ -2.66778, 9.38278 ], [ -2.91639, 10.59805 ], [ -2.83405, 11.00201 ], [ -0.98694, 11.01445 ], [ -0.61847, 10.91389 ], [ -0.28688, 11.15569 ], [ 0.03132, 11.07715 ], [ -0.07875, 10.65083 ], [ 0.28514, 10.41437 ], [ 0.40023, 10.03049 ], [ 0.21722, 9.46028 ], [ 0.55062, 9.40889 ], [ 0.51278, 8.84444 ], [ 0.38274, 8.76076 ], [ 0.72625, 8.32375 ], [ 0.61167, 8.21611 ], [ 0.51417, 7.55778 ], [ 0.65295, 7.36964 ], [ 0.525, 6.94778 ], [ 0.75889, 6.44778 ], [ 1.19889, 6.10055 ] ] ] } },
{ "type": "Feature", "properties": { "name": "Nicaragua", "iso3": "NIC" }, "geometry": { "type": "Polygon", "coordinates": [ [ [ -83.13185, 14.99298 ], [ -83.41911, 14.80944 ], [ -83.18695, 14.32389 ], [ -83.42612, 13.96764 ], [ -83.55112, 13.45055 ], [ -83.47848, 12.42389 ], [ -83.63272, 12.47958 ], [ -83.53709, 12.77069 ], [ -83.60292, 12.81819 ], [ -83.5914, 12.62472 ], [ -83.73584, 12.48111 ], [ -83.67696, 12.05055 ], [ -83.82809, 11.87583 ], [ -83.65501, 11.66222 ], [ -83.87167, 11.33722 ], [ -83.6458, 10.92485 ], [ -83.68417, 10.78708 ], [ -84.19328, 10.78365 ], [ -84.674459999999897, 11.07806 ], [ -84.90279, 10.94083 ], [ -85.56418, 11.20972 ], [ -85.78556, 11.11368 ], [ -86.50464, 11.76431 ], [ -86.77987, 12.20618 ], [ -87.68983, 12.91771 ], [ -87.58584, 13.05056 ], [ -87.37195, 12.90611 ], [ -86.9557, 13.03666 ], [ -86.90258, 13.24861 ], [ -86.69605, 13.29882 ], [ -86.7586, 13.754 ], [ -86.32557, 13.76347 ], [ -86.07014, 14.05597 ], [ -85.72866, 13.83309 ], [ -85.728899999999896, 13.96257 ], [ -85.15913, 14.33566 ], [ -84.91001, 14.80667 ], [ -84.48049, 14.61882 ], [ -83.48584, 15.00611 ], [ -83.13185, 14.99298 ] ] ] } },
{ "type": "Feature", "properties": { "name": "Ecuador", "iso3": "ECU" }, "geometry": { "type": "MultiPolygon", "coordinates": [ [ [ [ -80.19335, -3.03472 ], [ -80.20807, -2.72611 ], [ -79.90278, -2.72208 ], [ -80.12361, -2.88833 ], [ -80.19335, -3.03472 ] ] ], [ [ [ -90.36917, -1.26382 ], [ -90.523049999999898, -1.30667 ], [ -90.47904, -1.21847 ], [ -90.36917, -1.26382 ] ] ], [ [ [ -89.44111, -0.93569 ], [ -89.62723, -0.91556 ], [ -89.25724, -0.68944 ], [ -89.275009999999895, -0.76694 ], [ -89.44111, -0.93569 ] ] ], [ [ [ -90.25473, -0.74826 ], [ -90.43055, -0.77028 ], [ -90.53527, -0.58389 ], [ -90.1871, -0.54625 ], [ -90.25473, -0.74826 ] ] ], [ [ [ -91.4989, -0.49611 ], [ -91.66389, -0.31611 ], [ -91.46903, -0.24944 ], [ -91.39667, -0.44 ], [ -91.4989, -0.49611 ] ] ], [ [ [ -90.5475, -0.30167 ], [ -90.60584, -0.37556 ], [ -90.87445, -0.27 ], [ -90.79334, -0.14944 ], [ -90.5475, -0.30167 ] ] ], [ [ [ -91.39181, 0.12472 ], [ -90.81084, -0.7325 ], [ -90.9266, -0.9675 ], [ -91.16501, -1.03264 ], [ -91.49293, -0.91875 ], [ -91.08368, -0.58976 ], [ -91.40765, -0.22958 ], [ -91.43605, -0.01792 ], [ -91.60487, -0.01028 ], [ -91.39181, 0.12472 ] ] ], [ [ [ -75.28584, -0.11972 ], [ -75.615809999999897, -0.10652 ], [ -75.24439, -0.56097 ], [ -75.21685, -0.96937 ], [ -75.40224, -0.92278 ], [ -75.56395, -1.53996 ], [ -76.07417, -2.13111 ], [ -76.66063, -2.57214 ], [ -77.85959, -2.98583 ], [ -78.20042, -3.33431 ], [ -78.1814, -3.47222 ], [ -78.32945, -3.41722 ], [ -78.66681, -4.55486 ], [ -78.87611, -4.67722 ], [ -79.03667, -4.99556 ], [ -79.28571, -4.96458 ], [ -79.6432, -4.43542 ], [ -79.81563, -4.47882 ], [ -80.1346, -4.28449 ], [ -80.46376, -4.44181 ], [ -80.34028, -4.19951 ], [ -80.464579999999899, -4.2075 ], [ -80.50168, -4.05028 ], [ -80.15334, -3.88423 ], [ -80.34043, -3.38052 ], [ -79.95632, -3.20778 ], [ -79.72682, -2.59694 ], [ -79.8441, -2.37819 ], [ -79.76293, -2.01403 ], [ -79.89528, -2.12528 ], [ -79.905839999999898, -2.55931 ], [ -80.06473, -2.57333 ], [ -79.95584, -2.31611 ], [ -80.25223, -2.73319 ], [ -80.89001, -2.32056 ], [ -80.976669999999899, -2.185 ], [ -80.78751, -2.12653 ], [ -80.73098, -1.93792 ], [ -80.854799999999898, -1.59465 ], [ -80.75827, -1.32479 ], [ -80.91501, -1.05764 ], [ -80.83597, -0.92889 ], [ -80.57605, -0.89771 ], [ -80.43326, -0.56951 ], [ -80.37653, -0.63458 ], [ -80.26972, -0.62538 ], [ -80.50118, -0.37257 ], [ -80.06945, 0.06042 ], [ -80.049099999999896, 0.83125 ], [ -78.99945, 1.17222 ], [ -78.80972, 1.43778 ], [ -78.1, 0.91597 ], [ -77.67834, 0.83722 ], [ -77.37945, 0.38472 ], [ -76.54515, 0.21917 ], [ -76.24306, 0.39556 ], [ -75.28584, -0.11972 ] ] ] ] } },
{ "type": "Feature", "properties": { "name": "Peru", "iso3": "PER" }, "geometry": { "type": "Polygon", "coordinates": [ [ [ -69.95692, -4.23687 ], [ -70.19783, -4.33265 ], [ -70.32014, -4.13972 ], [ -70.76244, -4.14771 ], [ -70.95626, -4.38222 ], [ -71.90248, -4.51819 ], [ -72.85196, -5.12472 ], [ -72.96195, -5.64861 ], [ -73.22974, -6.09361 ], [ -73.1239, -6.44722 ], [ -73.74417, -6.87694 ], [ -73.70584, -7.30924 ], [ -73.93112, -7.35917 ], [ -74.00459, -7.55438 ], [ -73.70666, -7.77639 ], [ -73.77196, -7.94806 ], [ -73.5332, -8.35236 ], [ -72.96237, -8.98847 ], [ -73.2007, -9.40076 ], [ -72.30153, -9.5332 ], [ -72.18584, -10.0025 ], [ -71.29639, -9.99542 ], [ -70.51466, -9.428 ], [ -70.60759, -9.57566 ], [ -70.63139, -11.00917 ], [ -69.5675, -10.95056 ], [ -68.6739, -12.50115 ], [ -68.97334, -12.86549 ], [ -69.06279, -13.70778 ], [ -68.85789, -14.20014 ], [ -69.3648, -14.80063 ], [ -69.38139, -14.96479 ], [ -69.13709, -15.22764 ], [ -69.42098, -15.62153 ], [ -69.21382, -16.15722 ], [ -68.82424, -16.32632 ], [ -69.03418, -16.47306 ], [ -69.01239, -16.65698 ], [ -69.6189, -17.21473 ], [ -69.49973, -17.50528 ], [ -69.83487, -17.68139 ], [ -69.84459, -18.13236 ], [ -70.40549, -18.34855 ], [ -71.30168, -17.71167 ], [ -71.49424, -17.30223 ], [ -72.4582, -16.70639 ], [ -73.83619, -16.15757 ], [ -75.05139, -15.46597 ], [ -75.52154, -14.90944 ], [ -75.93389, -14.65188 ], [ -76.3948, -13.88417 ], [ -76.27337, -13.85016 ], [ -76.19695, -13.41834 ], [ -76.799729999999897, -12.39028 ], [ -77.1757, -12.0709 ], [ -77.30474, -11.51097 ], [ -77.64771, -11.29785 ], [ -77.67946, -10.93417 ], [ -78.06946, -10.32195 ], [ -78.99459, -8.21965 ], [ -79.37251, -7.85278 ], [ -79.98001, -6.76861 ], [ -81.174729999999897, -6.08667 ], [ -81.151539999999898, -5.85569 ], [ -80.93903, -5.86014 ], [ -80.87286, -5.64458 ], [ -81.20383, -5.20444 ], [ -81.085009999999897, -5.01778 ], [ -81.35515, -4.6875 ], [ -81.257649999999899, -4.25139 ], [ -80.34043, -3.38052 ], [ -80.15334, -3.88423 ], [ -80.50168, -4.05028 ], [ -80.464579999999899, -4.2075 ], [ -80.34028, -4.19951 ], [ -80.46376, -4.44181 ], [ -80.1346, -4.28449 ], [ -79.81563, -4.47882 ], [ -79.6432, -4.43542 ], [ -79.28571, -4.96458 ], [ -79.03667, -4.99556 ], [ -78.87611, -4.67722 ], [ -78.66681, -4.55486 ], [ -78.32945, -3.41722 ], [ -78.1814, -3.47222 ], [ -78.20042, -3.33431 ], [ -77.85959, -2.98583 ], [ -76.66063, -2.57214 ], [ -76.07417, -2.13111 ], [ -75.56395, -1.53996 ], [ -75.40224, -0.92278 ], [ -75.21685, -0.96937 ], [ -75.24439, -0.56097 ], [ -75.615809999999897, -0.10652 ], [ -75.42501, -0.16431 ], [ -75.20501, -0.03688 ], [ -74.77237, -0.20792 ], [ -74.39389, -0.54333 ], [ -74.21542, -1.03486 ], [ -73.5557, -1.37528 ], [ -73.50751, -1.74833 ], [ -73.13278, -1.84917 ], [ -73.11529, -2.32875 ], [ -72.88196, -2.50639 ], [ -72.59015, -2.40722 ], [ -72.22751, -2.49889 ], [ -71.8898, -2.37778 ], [ -71.6932, -2.14792 ], [ -71.36168, -2.34694 ], [ -70.85897, -2.22535 ], [ -70.56445, -2.49333 ], [ -70.29539, -2.50128 ], [ -70.0675, -2.75556 ], [ -70.72416, -3.77972 ], [ -70.32306, -3.79917 ], [ -69.95692, -4.23687 ] ] ] } },
{ "type": "Feature", "properties": { "name": "Eritrea", "iso3": "ERI" }, "geometry": { "type": "MultiPolygon", "coordinates": [ [ [ [ 38.61194, 17.96139 ], [ 39.00194, 17.18861 ], [ 39.27014, 15.98625 ], [ 39.4602, 15.52174 ], [ 39.61333, 15.48764 ], [ 39.71805, 15.08805 ], [ 39.85465, 15.17528 ], [ 39.77111, 15.39222 ], [ 39.88139, 15.48944 ], [ 40.17541, 14.97111 ], [ 40.45486, 15.00778 ], [ 40.80722, 14.70555 ], [ 41.17222, 14.63069 ], [ 41.67722, 13.93639 ], [ 42.28458, 13.57347 ], [ 42.37381, 13.21792 ], [ 42.72166, 13.04222 ], [ 42.80472, 12.845 ], [ 43.07798, 12.82896 ], [ 43.12138, 12.70833 ], [ 42.74986, 12.38764 ], [ 42.39972, 12.46972 ], [ 40.87978, 14.14201 ], [ 40.2133, 14.38736 ], [ 40.14046, 14.5519 ], [ 39.92422, 14.41411 ], [ 39.58663, 14.60652 ], [ 39.26325, 14.41178 ], [ 39.15646, 14.6505 ], [ 38.44896, 14.41875 ], [ 37.91139, 14.88361 ], [ 37.51686, 14.18003 ], [ 37.28784, 14.45187 ], [ 36.99979, 14.26153 ], [ 36.54282, 14.26205 ], [ 36.44328, 15.149950000000104 ], [ 36.96687, 16.25993 ], [ 36.993810000000174, 17.06489 ], [ 37.42329, 17.03421 ], [ 37.512070000000108, 17.321180000000197 ], [ 38.2575, 17.53277 ], [ 38.61194, 17.96139 ] ] ], [ [ [ 40.16784, 15.63965 ], [ 40.41708, 15.57486 ], [ 39.98083, 15.60292 ], [ 40.07909, 15.66368 ], [ 39.92805, 15.78625 ], [ 40.01548, 15.88493 ], [ 40.16784, 15.63965 ] ] ] ] } },
{ "type": "Feature", "properties": { "name": "Ethiopia", "iso3": "ETH" }, "geometry": { "type": "Polygon", "coordinates": [ [ [ 33.915634293868067, 8.430594829541377 ], [ 34.1228, 8.58465 ], [ 34.08583, 9.55305 ], [ 34.34833, 10.23847 ], [ 34.28611, 10.55416 ], [ 34.594440000000134, 10.887780000000134 ], [ 34.80055, 10.723330000000203 ], [ 34.97527, 10.86444 ], [ 35.083610000000135, 11.805550000000153 ], [ 35.70108, 12.666120000000205 ], [ 36.14254, 12.71485 ], [ 36.55847, 14.28861 ], [ 36.99979, 14.26153 ], [ 37.28784, 14.45187 ], [ 37.51686, 14.18003 ], [ 37.91139, 14.88361 ], [ 38.44896, 14.41875 ], [ 39.15646, 14.6505 ], [ 39.26325, 14.41178 ], [ 39.58663, 14.60652 ], [ 39.92422, 14.41411 ], [ 40.14046, 14.5519 ], [ 40.2133, 14.38736 ], [ 40.87978, 14.14201 ], [ 42.39972, 12.46972 ], [ 41.82902, 11.74097 ], [ 41.78972, 11.00805 ], [ 42.01972, 10.94472 ], [ 42.64041, 11.09708 ], [ 42.94409, 11.00244 ], [ 42.66479, 10.63291 ], [ 42.85069, 10.21944 ], [ 43.20409, 9.89229 ], [ 43.44166, 9.41764 ], [ 44.01055, 9.00722 ], [ 47.01194, 8.00111 ], [ 47.98824, 8.00411 ], [ 44.95083, 4.9025 ], [ 43.68639, 4.89194 ], [ 43.15819, 4.66639 ], [ 42.85569, 4.30472 ], [ 42.11778, 4.19389 ], [ 41.84013, 3.94847 ], [ 41.16055, 3.94583 ], [ 40.78377, 4.28798 ], [ 39.86666, 3.86944 ], [ 39.56027, 3.40667 ], [ 38.12111, 3.61167 ], [ 37.03972, 4.37555 ], [ 35.95111, 4.52111 ], [ 35.77444, 4.79861 ], [ 35.82166, 5.32861 ], [ 35.30305, 5.37736 ], [ 34.70472, 6.67778 ], [ 34.23569, 7.01972 ], [ 33.71249, 7.65847 ], [ 33.01497, 7.84606 ], [ 33.26354, 8.46153 ], [ 33.915634293868067, 8.430594829541377 ] ] ] } },
{ "type": "Feature", "properties": { "name": "Abyei", "iso3": null }, "geometry": { "type": "Polygon", "coordinates": [ [ [ 28.977008543000089, 9.641160892000201 ], [ 28.768585205000115, 9.348418236000114 ], [ 28.042126594000031, 9.343691772000076 ], [ 27.814174126000189, 9.800637449000073 ], [ 27.815060492000168, 10.143390627000146 ], [ 28.975285768000084, 10.117692578000193 ], [ 28.977008543000089, 9.641160892000201 ] ] ] } },
{ "type": "Feature", "properties": { "name": "South Sudan", "iso3": "SSD" }, "geometry": { "type": "Polygon", "coordinates": [ [ [ 25.261589455707679, 7.84569 ], [ 24.849649455707663, 8.175550000000101 ], [ 24.14603945570758, 8.37583 ], [ 24.231240371192882, 8.642367490160552 ], [ 24.583783776436007, 8.925044651656151 ], [ 24.726551434122712, 9.738820300470422 ], [ 25.01208674949612, 10.013648041517285 ], [ 25.115593301318995, 10.324167696985796 ], [ 25.854415929847619, 10.438381823135046 ], [ 26.354102731750913, 9.592483451341423 ], [ 26.703883493083424, 9.488976899518718 ], [ 27.11077131749056, 9.62103698287882 ], [ 27.913839391978115, 9.603191025667968 ], [ 28.042126594000024, 9.343691772000113 ], [ 28.768585205000115, 9.348418236000114 ], [ 29.089797973000032, 9.751563072000124 ], [ 29.538087846000053, 9.750135422000142 ], [ 29.539020537000056, 10.079194069000096 ], [ 29.93661499000018, 10.285398483000108 ], [ 30.827327728000057, 9.718909264 ], [ 31.219667435000076, 9.752908706000085 ], [ 32.476386286707736, 11.042722703000095 ], [ 32.394068935707764, 11.685636520000116 ], [ 32.112338282707583, 11.944997787000034 ], [ 32.747180201707693, 11.946901320000109 ], [ 32.743373133707621, 12.235768318000169 ], [ 33.303496576707573, 12.21197414400018 ], [ 33.141047694707652, 11.625874518000046 ], [ 33.224803186707675, 10.735004425000056 ], [ 33.494918085707582, 10.650457382000184 ], [ 33.981471277707612, 10.085887909000064 ], [ 33.907553889707685, 9.498694420000163 ], [ 34.096924156922398, 9.490077470535425 ], [ 34.128559455707602, 8.584650000000181 ], [ 33.777089455707539, 8.367750000000115 ], [ 33.269299455707596, 8.46153 ], [ 33.00258945570755, 7.88722 ], [ 33.718249455707564, 7.65847 ], [ 34.241449455707709, 7.019720000000177 ], [ 34.710479455707684, 6.677780000000155 ], [ 35.308809455707546, 5.37736 ], [ 35.827419455707684, 5.32861 ], [ 35.780199455707645, 4.79861 ], [ 35.930479455707712, 4.640280000000189 ], [ 35.550094646707748, 4.660475658000166 ], [ 35.509472281707758, 4.933576452000125 ], [ 35.097776745707677, 5.01810746000001 ], [ 34.452181777707608, 4.679982814000198 ], [ 33.516999455707662, 3.752700000000175 ], [ 33.022419455707677, 3.888610000000199 ], [ 32.410199455707641, 3.74361 ], [ 32.200289455707605, 3.51275 ], [ 31.956869455707647, 3.59389 ], [ 31.827419455707627, 3.80694 ], [ 31.546589455707647, 3.65361 ], [ 31.18242945570762, 3.79528 ], [ 30.864579455707542, 3.493390000000147 ], [ 30.792149455707602, 3.66 ], [ 30.567769455707719, 3.613260000000139 ], [ 30.556799455707562, 3.86382 ], [ 30.213539455707576, 3.96167 ], [ 29.804919455707591, 4.37535 ], [ 29.819299455707608, 4.559030000000178 ], [ 29.620479455707653, 4.65611 ], [ 29.473529455707762, 4.66389 ], [ 29.249369455707608, 4.346110000000124 ], [ 28.788259455707646, 4.557360000000187 ], [ 28.368809455707606, 4.29 ], [ 27.795199455707746, 4.60014 ], [ 27.774649455707618, 4.787780000000112 ], [ 27.303539455707607, 5.230970000000127 ], [ 27.207699455707598, 5.70861 ], [ 26.448049455707633, 6.077430000000106 ], [ 26.531169455707641, 6.21625 ], [ 26.303809455707608, 6.46556 ], [ 26.409789455707596, 6.6440300000001 ], [ 25.375619455707636, 7.34389 ], [ 25.188399455707724, 7.57792 ], [ 25.299509455707664, 7.645420000000172 ], [ 25.261589455707679, 7.84569 ] ] ] } },
{ "type": "Feature", "properties": { "name": "Saudi Arabia", "iso3": "SAU" }, "geometry": { "type": "MultiPolygon", "coordinates": [ [ [ [ 41.945, 16.71083 ], [ 42.07569, 16.81028 ], [ 42.1784, 16.56659 ], [ 41.83861, 16.71889 ], [ 41.75361, 16.87611 ], [ 41.945, 16.71083 ] ] ], [ [ [ 41.98791, 16.75534 ], [ 41.83722, 16.86861 ], [ 41.93125, 16.95153 ], [ 41.85139, 17.01083 ], [ 41.93951, 16.97576 ], [ 41.98791, 16.75534 ] ] ], [ [ [ 44.72166, 29.19833 ], [ 47.45999, 28.99944 ], [ 47.68888, 28.53888 ], [ 48.50166, 28.49514 ], [ 48.65041, 28.03819 ], [ 48.8775, 27.83361 ], [ 48.83888, 27.61972 ], [ 49.23651, 27.5443 ], [ 49.30874, 27.44486 ], [ 49.12797, 27.44229 ], [ 49.40887, 27.12722 ], [ 49.54221, 27.17111 ], [ 50.155, 26.66305 ], [ 49.99638, 26.7425 ], [ 50.21944, 26.30028 ], [ 50.15583, 26.10111 ], [ 50.02701, 26.19479 ], [ 49.99389, 26.02 ], [ 50.10764, 25.91514 ], [ 50.13444, 25.82 ], [ 50.21055, 25.73778 ], [ 50.25541, 25.63069 ], [ 50.14861, 25.69875 ], [ 50.48277, 25.41389 ], [ 50.74046, 24.76712 ], [ 51.09976, 24.47333 ], [ 51.26349, 24.61317 ], [ 51.29893, 24.51967 ], [ 51.48722, 24.58333 ], [ 51.28235, 24.3 ], [ 51.58423, 24.26047 ], [ 51.58333, 24.11666 ], [ 52.58333, 22.93889 ], [ 55.14166, 22.63333 ], [ 55.20867, 22.70928 ], [ 55.66611, 21.99972 ], [ 55.0, 20.0 ], [ 51.99929, 18.99934 ], [ 49.11667, 18.61667 ], [ 48.18333, 18.16667 ], [ 47.46667, 17.11667 ], [ 47.18333, 16.95 ], [ 47.0, 16.95 ], [ 46.75, 17.28333 ], [ 46.1, 17.25 ], [ 45.21667, 17.43333 ], [ 44.36611, 17.43333 ], [ 43.93916, 17.30646 ], [ 43.44513, 17.52646 ], [ 43.19194, 17.34222 ], [ 43.20611, 16.67222 ], [ 42.78968, 16.3775 ], [ 42.54791, 16.99826 ], [ 42.40833, 17.12139 ], [ 42.37055, 17.04 ], [ 42.30708, 17.44764 ], [ 41.67889, 17.94944 ], [ 41.20583, 18.70028 ], [ 41.17534, 19.065 ], [ 40.75694, 19.76417 ], [ 40.09694, 20.27194 ], [ 39.66069, 20.43791 ], [ 39.17486, 21.10402 ], [ 39.16333, 21.50083 ], [ 38.99305, 21.83694 ], [ 39.06277, 22.58333 ], [ 38.44687, 23.78909 ], [ 37.44236, 24.37514 ], [ 37.15451, 24.84014 ], [ 37.25722, 24.87027 ], [ 37.23555, 25.1825 ], [ 36.9325, 25.645 ], [ 36.69694, 25.78639 ], [ 36.70014, 26.01583 ], [ 36.5125, 26.10763 ], [ 35.16055, 28.05666 ], [ 34.57215, 28.0959 ], [ 34.8068, 28.53909 ], [ 34.96139, 29.36083 ], [ 36.07, 29.18889 ], [ 36.50055, 29.50278 ], [ 36.74361, 29.86472 ], [ 37.50278, 30.00222 ], [ 37.6675, 30.33639 ], [ 38.00139, 30.50416 ], [ 37.00527, 31.50556 ], [ 39.005, 32.00555 ], [ 39.19674, 32.15494 ], [ 40.41333, 31.94833 ], [ 42.085, 31.11166 ], [ 44.72166, 29.19833 ] ] ] ] } },
{ "type": "Feature", "properties": { "name": "Central African Republic", "iso3": "CAF" }, "geometry": { "type": "Polygon", "coordinates": [ [ [ 22.87691297540297, 10.904921487701456 ], [ 23.66917, 9.866940000000113 ], [ 23.6493, 9.27597 ], [ 23.44833, 9.01958 ], [ 23.581670000000202, 8.99375 ], [ 23.529650000000174, 8.708330000000103 ], [ 24.20111, 8.68694 ], [ 24.18486, 8.30986 ], [ 24.80444, 8.19278 ], [ 25.25583, 7.84569 ], [ 25.20027, 7.51639 ], [ 26.40403, 6.64403 ], [ 26.29805, 6.46556 ], [ 26.52541, 6.21625 ], [ 26.44229, 6.07743 ], [ 27.14278, 5.77194 ], [ 27.45528, 5.01639 ], [ 27.09027, 5.20347 ], [ 26.86944, 5.03097 ], [ 26.49472, 5.04556 ], [ 25.54014, 5.38069 ], [ 25.36194, 5.31472 ], [ 25.29, 5.025 ], [ 24.73444, 4.91083 ], [ 24.38729, 5.11215 ], [ 24.3675, 5.00889 ], [ 23.42451, 4.59375 ], [ 22.89333, 4.82014 ], [ 22.53826, 4.21924 ], [ 22.34666, 4.1275 ], [ 20.57194, 4.4175 ], [ 20.3393, 4.7675 ], [ 19.84139, 5.08451 ], [ 19.4159, 5.13104 ], [ 19.08542, 4.91472 ], [ 18.75167, 4.39055 ], [ 18.54444, 4.34 ], [ 18.62496, 3.47944 ], [ 18.47972, 3.64083 ], [ 18.19361, 3.4825 ], [ 17.46361, 3.71111 ], [ 16.66444, 3.53542 ], [ 16.207, 2.22126 ], [ 16.10305, 2.89833 ], [ 15.07694, 3.92056 ], [ 15.08694, 4.29472 ], [ 14.73736, 4.61535 ], [ 14.6725, 5.18 ], [ 14.53264, 5.29125 ], [ 14.61722, 5.90125 ], [ 14.42979, 6.07968 ], [ 14.805, 6.34667 ], [ 15.23139, 7.23611 ], [ 15.49901, 7.52661 ], [ 15.97486, 7.50132 ], [ 16.53361, 7.86778 ], [ 16.81745, 7.5463 ], [ 17.64889, 7.98847 ], [ 18.58889, 8.04028 ], [ 19.12583, 8.67278 ], [ 18.87637, 8.84143 ], [ 18.98889, 8.96417 ], [ 20.37167, 9.10833 ], [ 21.66694, 10.23583 ], [ 21.71903, 10.63812 ], [ 22.46333, 11.00083 ], [ 22.87691297540297, 10.904921487701456 ] ] ] } },
{ "type": "Feature", "properties": { "name": "United Republic of Tanzania", "iso3": "TZA" }, "geometry": { "type": "MultiPolygon", "coordinates": [ [ [ [ 39.84638, -7.87736 ], [ 39.59291, -7.94945 ], [ 39.90124, -7.64257 ], [ 39.84638, -7.87736 ] ] ], [ [ [ 39.43527, -6.1875 ], [ 39.52902, -6.18736 ], [ 39.51611, -6.46861 ], [ 39.20139, -6.22695 ], [ 39.31111, -5.72417 ], [ 39.43527, -6.1875 ] ] ], [ [ [ 39.795, -5.4075 ], [ 39.64042, -5.41667 ], [ 39.745, -5.19056 ], [ 39.68944, -4.90111 ], [ 39.87028, -4.91472 ], [ 39.795, -5.4075 ] ] ], [ [ [ 33.9211, -1.00194 ], [ 37.60277, -2.99583 ], [ 37.71999, -3.31194 ], [ 37.62638, -3.50951 ], [ 39.20303, -4.66962 ], [ 38.77611, -6.03972 ], [ 38.87083, -6.38528 ], [ 39.54788, -6.99431 ], [ 39.27444, -7.57917 ], [ 39.29972, -7.75778 ], [ 39.44666, -7.81417 ], [ 39.29529, -8.26786 ], [ 39.35583, -8.71695 ], [ 39.53388, -8.91111 ], [ 39.3927, -8.90667 ], [ 39.64472, -9.19361 ], [ 39.82638, -9.99306 ], [ 39.98875, -10.21681 ], [ 40.04722, -10.14056 ], [ 40.22791, -10.29764 ], [ 40.23812, -10.20528 ], [ 40.43388, -10.44778 ], [ 40.01972, -10.77917 ], [ 38.49171, -11.41531 ], [ 37.93444, -11.28806 ], [ 37.79194, -11.56111 ], [ 37.47321, -11.71871 ], [ 36.82694, -11.57219 ], [ 36.55743, -11.74042 ], [ 36.18764, -11.70542 ], [ 36.16819, -11.58583 ], [ 35.82847, -11.41688 ], [ 35.57333, -11.60709 ], [ 34.96673, -11.57211 ], [ 34.61604, -11.11076 ], [ 34.53486, -10.04597 ], [ 34.32965, -9.74021 ], [ 34.04153, -9.48375 ], [ 33.91882, -9.70674 ], [ 33.76291, -9.58514 ], [ 33.42916, -9.60965 ], [ 32.42125, -9.12903 ], [ 31.98166, -9.07063 ], [ 31.95208, -8.93625 ], [ 31.68361, -8.90889 ], [ 31.41472, -8.63361 ], [ 30.97694, -8.5475 ], [ 30.315, -7.14375 ], [ 29.70389, -6.58639 ], [ 29.49833, -6.05639 ], [ 29.62611, -5.68556 ], [ 29.34791, -4.93042 ], [ 29.42333, -4.4475 ], [ 29.76639, -4.43806 ], [ 30.02611, -4.26944 ], [ 30.44847, -3.55104 ], [ 30.85319, -3.1575 ], [ 30.84366, -2.97879 ], [ 30.41694, -2.85604 ], [ 30.52208, -2.4616 ], [ 30.83076, -2.35431 ], [ 30.89326, -2.07549 ], [ 30.73917, -1.43694 ], [ 30.46694, -1.075 ], [ 33.9211, -1.00194 ] ] ] ] } },
{ "type": "Feature", "properties": { "name": "Rwanda", "iso3": "RWA" }, "geometry": { "type": "Polygon", "coordinates": [ [ [ 30.57333, -2.39917 ], [ 30.39312, -2.30156 ], [ 30.15833, -2.42833 ], [ 29.95222, -2.30945 ], [ 29.87639, -2.7375 ], [ 29.53555, -2.82444 ], [ 29.35895, -2.81778 ], [ 29.32889, -2.65708 ], [ 29.14055, -2.58917 ], [ 29.02444, -2.74472 ], [ 28.85444, -2.52611 ], [ 29.11833, -2.24111 ], [ 29.12993, -1.85104 ], [ 29.36201, -1.5109 ], [ 29.83528, -1.31972 ], [ 29.97972, -1.46222 ], [ 30.36083, -1.06097 ], [ 30.48222, -1.06333 ], [ 30.83094, -1.6549 ], [ 30.84583, -2.32569 ], [ 30.57333, -2.39917 ] ] ] } },
{ "type": "Feature", "properties": { "name": "Mozambique", "iso3": "MOZ" }, "geometry": { "type": "Polygon", "coordinates": [ [ [ 32.89043, -26.84714 ], [ 32.1334, -26.83963 ], [ 32.10194, -26.15542 ], [ 31.91944, -25.81417 ], [ 32.01611, -24.45945 ], [ 31.8774, -23.95065 ], [ 31.55083, -23.47667 ], [ 31.2975, -22.41476 ], [ 32.48888, -21.34445 ], [ 32.36055, -21.13556 ], [ 32.52138, -20.91417 ], [ 32.50222, -20.59861 ], [ 32.66583, -20.55722 ], [ 33.01888, -19.94333 ], [ 33.05944, -19.78028 ], [ 32.78541, -19.46708 ], [ 32.88486, -19.10528 ], [ 32.69944, -18.94792 ], [ 32.70417, -18.83306 ], [ 32.92027, -18.77674 ], [ 32.88833, -18.53056 ], [ 33.0716, -18.34972 ], [ 32.94611, -17.975 ], [ 33.04203, -17.35648 ], [ 32.865, -16.91861 ], [ 32.98114, -16.70905 ], [ 31.91118, -16.41271 ], [ 31.27666, -16.01861 ], [ 30.42236, -16.00556 ], [ 30.21302, -14.98172 ], [ 33.22223, -14.01257 ], [ 33.63333, -14.53972 ], [ 34.38402, -14.39333 ], [ 34.54111, -14.61556 ], [ 34.59333, -15.25306 ], [ 34.25444, -15.88889 ], [ 34.45069, -16.2807 ], [ 35.14513, -16.83611 ], [ 35.08777, -17.12708 ], [ 35.29005, -17.13426 ], [ 35.27805, -16.70472 ], [ 35.13862, -16.54974 ], [ 35.41166, -16.12625 ], [ 35.81597, -16.01361 ], [ 35.80236, -15.18667 ], [ 35.92097, -14.89389 ], [ 35.87603, -14.66112 ], [ 35.09527, -13.68611 ], [ 34.65805, -13.49639 ], [ 34.56569, -13.33958 ], [ 34.37, -12.18611 ], [ 34.62486, -11.57938 ], [ 35.57333, -11.60709 ], [ 35.82847, -11.41688 ], [ 36.16819, -11.58583 ], [ 36.18764, -11.70542 ], [ 36.55743, -11.74042 ], [ 36.82694, -11.57219 ], [ 37.47321, -11.71871 ], [ 37.79194, -11.56111 ], [ 37.93444, -11.28806 ], [ 38.49171, -11.41531 ], [ 38.90569, -11.17014 ], [ 39.2625, -11.16944 ], [ 40.51625, -10.48195 ], [ 40.58833, -10.68667 ], [ 40.50305, -10.79111 ], [ 40.61722, -10.84167 ], [ 40.38777, -11.31778 ], [ 40.47666, -11.4041 ], [ 40.47416, -12.50493 ], [ 40.64597, -12.75542 ], [ 40.41277, -12.96924 ], [ 40.59291, -12.97069 ], [ 40.52583, -13.51528 ], [ 40.64971, -14.02167 ], [ 40.53277, -14.1675 ], [ 40.72278, -14.20208 ], [ 40.63611, -14.48472 ], [ 40.80638, -14.40597 ], [ 40.84611, -14.69778 ], [ 40.70388, -15.08181 ], [ 40.51444, -15.18389 ], [ 40.6843, -15.25486 ], [ 40.58778, -15.47972 ], [ 39.97666, -16.23556 ], [ 39.78263, -16.30556 ], [ 39.69861, -16.53695 ], [ 39.09618, -16.98438 ], [ 37.87222, -17.37639 ], [ 36.98389, -18.00139 ], [ 36.84639, -17.87556 ], [ 36.94388, -18.10861 ], [ 36.25278, -18.89139 ], [ 36.10014, -18.81306 ], [ 34.89069, -19.86042 ], [ 34.6268, -19.61861 ], [ 34.7761, -19.8259 ], [ 34.66694, -20.39118 ], [ 35.1118, -20.9333 ], [ 35.07916, -21.32417 ], [ 35.26965, -21.64861 ], [ 35.30673, -22.4075 ], [ 35.39722, -22.46 ], [ 35.48055, -22.0958 ], [ 35.54527, -22.2325 ], [ 35.48583, -22.62917 ], [ 35.59727, -22.91967 ], [ 35.33833, -23.90584 ], [ 35.52291, -23.79549 ], [ 35.49555, -24.10222 ], [ 35.01221, -24.65417 ], [ 33.72264, -25.10903 ], [ 32.81111, -25.61208 ], [ 32.58715, -25.97243 ], [ 32.84319, -26.29111 ], [ 32.94562, -26.08771 ], [ 32.89043, -26.84714 ] ] ] } },
{ "type": "Feature", "properties": { "name": "Uganda", "iso3": "UGA" }, "geometry": { "type": "Polygon", "coordinates": [ [ [ 30.95472, 3.67111 ], [ 31.28666, 3.795 ], [ 31.54083, 3.65361 ], [ 31.82166, 3.80694 ], [ 31.95111, 3.59389 ], [ 32.19453, 3.51275 ], [ 32.40444, 3.74361 ], [ 33.01666, 3.88861 ], [ 33.51124, 3.7527 ], [ 33.99667, 4.22278 ], [ 34.22222, 3.77917 ], [ 34.46361, 3.66465 ], [ 34.45389, 3.24556 ], [ 34.90944, 2.52111 ], [ 34.99972, 1.67028 ], [ 34.79222, 1.39361 ], [ 34.82034, 1.23597 ], [ 34.52, 1.10584 ], [ 33.90722, 0.10306 ], [ 33.9211, -1.00194 ], [ 30.75639, -0.99776 ], [ 30.36083, -1.06097 ], [ 29.97972, -1.46222 ], [ 29.83528, -1.31972 ], [ 29.59694, -1.38583 ], [ 29.71861, 0.07708 ], [ 29.95986, 0.48375 ], [ 29.9575, 0.81833 ], [ 31.30278, 2.12139 ], [ 30.98486, 2.40931 ], [ 30.88625, 2.33681 ], [ 30.72972, 2.44806 ], [ 30.95472, 3.67111 ] ], [ [ 34.000490437485219, 4.220876887245359 ], [ 34.000490437485219, 4.220876887245359 ], [ 34.02624, 4.20805 ], [ 34.000490437485219, 4.220876887245359 ] ] ] } },
{ "type": "Feature", "properties": { "name": "Zambia", "iso3": "ZMB" }, "geometry": { "type": "Polygon", "coordinates": [ [ [ 32.9404, -9.40508 ], [ 33.00013, -9.62185 ], [ 33.22916, -9.63417 ], [ 33.32597, -10.06403 ], [ 33.55708, -10.22375 ], [ 33.70228, -10.56186 ], [ 33.25041, -10.89208 ], [ 33.41041, -11.16319 ], [ 33.24951, -11.41104 ], [ 33.27139, -12.12993 ], [ 33.36889, -12.32625 ], [ 33.5418, -12.36417 ], [ 33.36402, -12.54042 ], [ 33.04639, -12.60389 ], [ 32.97749, -13.22917 ], [ 32.68187, -13.61285 ], [ 33.22223, -14.01257 ], [ 30.21302, -14.98172 ], [ 30.41576, -15.63187 ], [ 29.57847, -15.6609 ], [ 28.92771, -15.97236 ], [ 28.75264, -16.55591 ], [ 27.82527, -16.95917 ], [ 27.15021, -17.85417 ], [ 26.69858, -18.07492 ], [ 26.23, -17.90278 ], [ 25.90444, -17.98889 ], [ 25.68583, -17.80764 ], [ 25.33903, -17.84375 ], [ 24.70861, -17.49834 ], [ 23.47611, -17.62584 ], [ 22.13507, -16.4859 ], [ 22.00015, -16.17166 ], [ 22.00152, -13.00459 ], [ 24.01944, -12.99945 ], [ 23.88701, -12.76361 ], [ 24.05069, -12.39243 ], [ 23.98621, -10.87046 ], [ 24.39861, -11.11181 ], [ 24.44916, -11.46264 ], [ 25.34444, -11.20528 ], [ 25.36361, -11.64299 ], [ 26.00472, -11.9025 ], [ 26.87396, -11.97174 ], [ 27.03312, -11.59694 ], [ 27.20898, -11.57649 ], [ 27.23111, -11.77583 ], [ 27.65541, -12.29028 ], [ 27.86028, -12.25472 ], [ 28.44625, -12.52584 ], [ 28.57271, -12.89181 ], [ 28.74298, -12.90868 ], [ 29.01875, -13.39847 ], [ 29.19739, -13.43382 ], [ 29.59472, -13.22347 ], [ 29.63403, -13.41556 ], [ 29.80166, -13.44972 ], [ 29.80505, -12.15525 ], [ 29.47354, -12.2491 ], [ 29.48166, -12.45945 ], [ 29.02708, -12.37695 ], [ 28.50028, -11.87056 ], [ 28.35743, -11.52445 ], [ 28.69875, -10.65187 ], [ 28.595, -10.24611 ], [ 28.69555, -9.79576 ], [ 28.37715, -9.25042 ], [ 28.86833, -8.82695 ], [ 28.89975, -8.48041 ], [ 30.77124, -8.19225 ], [ 31.03264, -8.585 ], [ 31.41472, -8.63361 ], [ 31.68361, -8.90889 ], [ 31.95208, -8.93625 ], [ 31.98166, -9.07063 ], [ 32.42125, -9.12903 ], [ 32.9404, -9.40508 ] ] ] } },
{ "type": "Feature", "properties": { "name": "Malawi", "iso3": "MWI" }, "geometry": { "type": "Polygon", "coordinates": [ [ [ 34.96673, -11.57211 ], [ 34.62486, -11.57938 ], [ 34.37527, -12.15583 ], [ 34.56569, -13.33958 ], [ 34.65805, -13.49639 ], [ 35.09527, -13.68611 ], [ 35.87603, -14.66112 ], [ 35.92097, -14.89389 ], [ 35.80236, -15.18667 ], [ 35.81597, -16.01361 ], [ 35.41166, -16.12625 ], [ 35.13862, -16.54974 ], [ 35.27805, -16.70472 ], [ 35.29005, -17.13426 ], [ 35.08777, -17.12708 ], [ 35.14513, -16.83611 ], [ 34.45069, -16.2807 ], [ 34.25444, -15.88889 ], [ 34.58972, -15.28278 ], [ 34.52222, -14.57167 ], [ 34.36375, -14.38597 ], [ 33.63333, -14.53972 ], [ 33.16673, -13.92695 ], [ 32.99, -13.93472 ], [ 32.68187, -13.61285 ], [ 32.97749, -13.22917 ], [ 33.04639, -12.60389 ], [ 33.36402, -12.54042 ], [ 33.5418, -12.36417 ], [ 33.36889, -12.32625 ], [ 33.27139, -12.12993 ], [ 33.24951, -11.41104 ], [ 33.41041, -11.16319 ], [ 33.25041, -10.89208 ], [ 33.70228, -10.56186 ], [ 33.55708, -10.22375 ], [ 33.32597, -10.06403 ], [ 33.22916, -9.63417 ], [ 33.00013, -9.62185 ], [ 32.94333, -9.39986 ], [ 33.91882, -9.70674 ], [ 34.04153, -9.48375 ], [ 34.32965, -9.74021 ], [ 34.53486, -10.04597 ], [ 34.61604, -11.11076 ], [ 34.96673, -11.57211 ] ] ] } },
{ "type": "Feature", "properties": { "name": "Burundi", "iso3": "BDI" }, "geometry": { "type": "Polygon", "coordinates": [ [ [ 30.57333, -2.39917 ], [ 30.41694, -2.85604 ], [ 30.84366, -2.97879 ], [ 30.83361, -3.25903 ], [ 30.44847, -3.55104 ], [ 30.02611, -4.26944 ], [ 29.76639, -4.43806 ], [ 29.42333, -4.4475 ], [ 29.2325, -3.885 ], [ 29.23722, -3.06028 ], [ 28.99069, -2.81431 ], [ 29.06257, -2.60327 ], [ 29.32889, -2.65708 ], [ 29.38048, -2.82549 ], [ 29.73917, -2.80292 ], [ 29.90646, -2.69368 ], [ 29.95222, -2.30945 ], [ 30.15833, -2.42833 ], [ 30.39312, -2.30156 ], [ 30.57333, -2.39917 ] ] ] } },
{ "type": "Feature", "properties": { "name": "Democratic Republic of the Congo", "iso3": "COD" }, "geometry": { "type": "Polygon", "coordinates": [ [ [ 16.57972, -5.90083 ], [ 12.89792, -5.81195 ], [ 12.43583, -6.01667 ], [ 12.21455, -5.76856 ], [ 12.52667, -5.72417 ], [ 12.53222, -5.11583 ], [ 12.82055, -4.7375 ], [ 13.11944, -4.57361 ], [ 13.41208, -4.88278 ], [ 13.69958, -4.72583 ], [ 13.73028, -4.44833 ], [ 13.96035, -4.49486 ], [ 14.40583, -4.28278 ], [ 14.41889, -4.88722 ], [ 14.6693, -4.90722 ], [ 15.21805, -4.33403 ], [ 15.45139, -4.27292 ], [ 15.53528, -4.0582 ], [ 15.92444, -3.885 ], [ 16.22694, -3.32833 ], [ 16.19403, -2.18097 ], [ 16.52844, -1.86247 ], [ 16.86194, -1.25444 ], [ 17.32305, -1.00417 ], [ 17.71222, -0.54472 ], [ 17.71569, -0.14208 ], [ 17.96111, 0.39972 ], [ 17.87361, 0.99236 ], [ 18.07028, 1.52889 ], [ 18.09187, 2.22243 ], [ 18.6418, 3.2075 ], [ 18.54444, 4.34 ], [ 18.75167, 4.39055 ], [ 19.08542, 4.91472 ], [ 19.4159, 5.13104 ], [ 19.84139, 5.08451 ], [ 20.3393, 4.7675 ], [ 20.57194, 4.4175 ], [ 22.34666, 4.1275 ], [ 22.53826, 4.21924 ], [ 22.89333, 4.82014 ], [ 23.42451, 4.59375 ], [ 24.3675, 5.00889 ], [ 24.38729, 5.11215 ], [ 24.73444, 4.91083 ], [ 25.29, 5.025 ], [ 25.36194, 5.31472 ], [ 25.54014, 5.38069 ], [ 26.52083, 5.04194 ], [ 26.86944, 5.03097 ], [ 27.09027, 5.20347 ], [ 27.42458, 5.06972 ], [ 27.76889, 4.78778 ], [ 27.78944, 4.60014 ], [ 28.36305, 4.29 ], [ 28.7825, 4.55736 ], [ 29.24361, 4.34611 ], [ 29.46777, 4.66389 ], [ 29.64333, 4.64361 ], [ 30.20778, 3.96167 ], [ 30.55104, 3.86382 ], [ 30.56201, 3.61326 ], [ 30.78639, 3.66 ], [ 30.92479, 3.51076 ], [ 30.72972, 2.44806 ], [ 30.88625, 2.33681 ], [ 30.98486, 2.40931 ], [ 31.30278, 2.12139 ], [ 29.9575, 0.81833 ], [ 29.95986, 0.48375 ], [ 29.71861, 0.07708 ], [ 29.59694, -1.38583 ], [ 29.14347, -1.81514 ], [ 29.15639, -2.16083 ], [ 28.85444, -2.52611 ], [ 29.23722, -3.06028 ], [ 29.2325, -3.885 ], [ 29.43028, -4.50111 ], [ 29.34791, -4.93042 ], [ 29.63167, -5.72194 ], [ 29.49778, -5.97972 ], [ 29.55028, -6.29528 ], [ 29.73916, -6.63458 ], [ 30.315, -7.14375 ], [ 30.77124, -8.19225 ], [ 28.90167, -8.47861 ], [ 28.92583, -8.74195 ], [ 28.37222, -9.27917 ], [ 28.51896, -9.35903 ], [ 28.69555, -9.79576 ], [ 28.595, -10.24611 ], [ 28.69875, -10.65187 ], [ 28.36541, -11.55556 ], [ 28.50028, -11.87056 ], [ 29.02708, -12.37695 ], [ 29.48166, -12.45945 ], [ 29.47354, -12.2491 ], [ 29.80505, -12.15525 ], [ 29.80166, -13.44972 ], [ 29.63403, -13.41556 ], [ 29.59472, -13.22347 ], [ 29.19739, -13.43382 ], [ 29.01875, -13.39847 ], [ 28.74298, -12.90868 ], [ 28.57271, -12.89181 ], [ 28.44625, -12.52584 ], [ 27.86028, -12.25472 ], [ 27.65541, -12.29028 ], [ 27.23111, -11.77583 ], [ 27.20898, -11.57649 ], [ 27.03312, -11.59694 ], [ 26.87396, -11.97174 ], [ 26.00472, -11.9025 ], [ 25.36361, -11.64299 ], [ 25.32021, -11.19445 ], [ 24.44916, -11.46264 ], [ 24.39861, -11.11181 ], [ 23.99472, -10.86917 ], [ 23.85861, -11.02716 ], [ 22.5675, -11.03361 ], [ 22.25389, -11.20972 ], [ 22.16646, -10.85993 ], [ 22.31514, -10.7275 ], [ 22.31382, -10.375 ], [ 21.79153, -9.41139 ], [ 21.94, -8.49611 ], [ 21.75507, -8.00375 ], [ 21.85972, -7.47695 ], [ 21.77786, -7.28125 ], [ 20.54872, -7.28362 ], [ 20.62975, -6.91388 ], [ 19.53895, -6.99661 ], [ 19.37278, -7.99333 ], [ 18.52694, -7.93708 ], [ 18.11542, -8.10711 ], [ 17.63111, -8.09806 ], [ 16.94312, -7.19903 ], [ 16.57972, -5.90083 ] ] ] } },
{ "type": "Feature", "properties": { "name": "Kenya", "iso3": "KEN" }, "geometry": { "type": "MultiPolygon", "coordinates": [ [ [ [ 41.13805, -2.12444 ], [ 40.9975, -2.20306 ], [ 40.95034, -2.17132 ], [ 41.075, -2.04139 ], [ 41.13805, -2.12444 ] ] ], [ [ [ 41.90517, 3.98032 ], [ 40.99135, 2.83553 ], [ 40.99833, -0.86611 ], [ 41.55816, -1.67487 ], [ 41.31528, -1.95806 ], [ 40.89166, -2.01917 ], [ 40.98208, -2.25722 ], [ 40.83917, -2.24833 ], [ 40.63048, -2.55285 ], [ 40.23111, -2.67111 ], [ 40.12548, -3.26569 ], [ 39.97416, -3.37583 ], [ 39.4025, -4.63389 ], [ 39.20303, -4.66962 ], [ 37.62638, -3.50951 ], [ 37.71999, -3.31194 ], [ 37.60277, -2.99583 ], [ 33.9211, -1.00194 ], [ 33.90722, 0.10306 ], [ 34.52, 1.10584 ], [ 34.82034, 1.23597 ], [ 34.79222, 1.39361 ], [ 34.99972, 1.67028 ], [ 34.90944, 2.52111 ], [ 34.45389, 3.24556 ], [ 34.46361, 3.66465 ], [ 34.22222, 3.77917 ], [ 33.99667, 4.22278 ], [ 34.38032, 4.61129 ], [ 35.94826, 4.61154 ], [ 36.0453, 4.44708 ], [ 36.88777, 4.43472 ], [ 38.12111, 3.61167 ], [ 39.51902, 3.40931 ], [ 39.86666, 3.86944 ], [ 40.78377, 4.28798 ], [ 41.16055, 3.94583 ], [ 41.90517, 3.98032 ] ] ] ] } },
{ "type": "Feature", "properties": { "name": "Micronesia (Federated States of)", "iso3": "FSM" }, "geometry": { "type": "MultiPolygon", "coordinates": [ [ [ [ 163.04289, 5.32 ], [ 162.9056700000001, 5.30778 ], [ 163.02164, 5.37493 ], [ 163.04289, 5.32 ] ] ], [ [ [ 158.29983, 6.7875 ], [ 158.17581, 6.79833 ], [ 158.12774, 6.93639 ], [ 158.32067, 6.92861 ], [ 158.29983, 6.7875 ] ] ] ] } },
{ "type": "Feature", "properties": { "name": "Marshall Islands", "iso3": "MHL" }, "geometry": { "type": "MultiPolygon", "coordinates": [ [ [ [ 168.13098, 5.62236 ], [ 168.09497, 5.61069 ], [ 168.12648, 5.63847 ], [ 168.13098, 5.62236 ] ] ], [ [ [ 171.37488, 7.12802 ], [ 171.36178, 7.1201 ], [ 171.36162, 7.13625 ], [ 171.37488, 7.12802 ] ] ], [ [ [ 168.76803, 7.29833 ], [ 168.78638, 7.28889 ], [ 168.672330000000102, 7.33014 ], [ 168.76803, 7.29833 ] ] ], [ [ [ 167.74497, 8.73639 ], [ 167.72538, 8.72805 ], [ 167.73954, 8.74569 ], [ 167.74497, 8.73639 ] ] ], [ [ [ 165.53713, 9.20118 ], [ 165.5272, 9.19889 ], [ 165.52582, 9.21423 ], [ 165.53713, 9.20118 ] ] ], [ [ [ 169.96287, 10.445 ], [ 169.96178, 10.43472 ], [ 169.94877, 10.44972 ], [ 169.96287, 10.445 ] ] ], [ [ [ 162.33944, 11.35712 ], [ 162.33274, 11.35083 ], [ 162.32497, 11.35278 ], [ 162.33944, 11.35712 ] ] ], [ [ [ 168.98773, 14.58083 ], [ 168.97607, 14.58278 ], [ 169.00198, 14.59403 ], [ 168.98773, 14.58083 ] ] ] ] } },
{ "type": "Feature", "properties": { "name": "Antigua & Barbuda", "iso3": "ATG" }, "geometry": { "type": "MultiPolygon", "coordinates": [ [ [ [ -61.68459, 17.02597 ], [ -61.82917, 16.99694 ], [ -61.89111, 17.09417 ], [ -61.79445, 17.16333 ], [ -61.68459, 17.02597 ] ] ], [ [ [ -61.72917, 17.60861 ], [ -61.85306, 17.58305 ], [ -61.87306, 17.70389 ], [ -61.78542, 17.69889 ], [ -61.72917, 17.60861 ] ] ] ] } },
{ "type": "Feature", "properties": { "name": "Bangladesh", "iso3": "BGD" }, "geometry": { "type": "MultiPolygon", "coordinates": [ [ [ [ 91.89749, 21.47666 ], [ 91.84387, 21.69055 ], [ 91.88401, 21.755 ], [ 91.98179, 21.62736 ], [ 91.89749, 21.47666 ] ] ], [ [ [ 90.56317, 22.03305 ], [ 90.48637, 22.07708 ], [ 90.61074, 22.16166 ], [ 90.56317, 22.03305 ] ] ], [ [ [ 91.03527, 22.08555 ], [ 91.07305, 22.5075 ], [ 91.08971, 22.52403 ], [ 91.17469, 22.21861 ], [ 91.03527, 22.08555 ] ] ], [ [ [ 91.5297, 22.34777 ], [ 91.40833, 22.47222 ], [ 91.43282, 22.6227 ], [ 91.55998, 22.43527 ], [ 91.5297, 22.34777 ] ] ], [ [ [ 90.76971, 22.07007 ], [ 90.602, 22.03174 ], [ 90.68471, 22.39249 ], [ 90.55165, 22.6275 ], [ 90.60554, 22.77791 ], [ 90.87747, 22.45722 ], [ 90.76971, 22.07007 ] ] ], [ [ [ 90.54162, 22.7832 ], [ 90.46992, 22.86729 ], [ 90.68359, 22.85389 ], [ 90.54162, 22.7832 ] ] ], [ [ [ 92.27804, 23.71083 ], [ 92.66934, 21.29698 ], [ 92.36012, 21.47235 ], [ 92.20499, 21.30055 ], [ 92.32711, 20.74482 ], [ 92.04804, 21.165 ], [ 91.95526, 21.45055 ], [ 92.03942, 21.66027 ], [ 91.90138, 21.77444 ], [ 91.70444, 22.48055 ], [ 91.45583, 22.79 ], [ 91.23067, 22.58639 ], [ 90.96526, 22.57069 ], [ 90.83152, 22.68833 ], [ 90.62457, 23.0584 ], [ 90.60234, 23.46666 ], [ 90.71603, 23.5068 ], [ 90.6002, 23.49173 ], [ 90.59383, 23.59797 ], [ 90.4736, 23.57583 ], [ 90.57777, 23.53667 ], [ 90.54804, 23.3843 ], [ 90.30887, 23.41444 ], [ 90.61318, 23.21833 ], [ 90.45304, 23.0658 ], [ 90.4244, 22.77019 ], [ 90.60151, 22.4718 ], [ 90.56206, 22.2068 ], [ 90.43595, 22.07305 ], [ 90.40138, 22.26056 ], [ 90.26999, 21.84694 ], [ 90.11554, 21.81222 ], [ 90.02992, 21.94382 ], [ 90.23845, 22.18284 ], [ 89.93387, 21.99472 ], [ 89.87414, 22.27666 ], [ 90.0, 22.48375 ], [ 89.84138, 22.26097 ], [ 89.88374, 21.89465 ], [ 89.5811, 21.70166 ], [ 89.61512, 22.31958 ], [ 89.52825, 21.99069 ], [ 89.53404, 22.06393 ], [ 89.47471, 22.28916 ], [ 89.46276, 21.76889 ], [ 89.37282, 21.73097 ], [ 89.35498, 21.96604 ], [ 89.20745, 21.65218 ], [ 88.86311, 22.96826 ], [ 88.98279, 23.20614 ], [ 88.72714, 23.24708 ], [ 88.78634, 23.49284 ], [ 88.56596, 23.64666 ], [ 88.6018, 23.85849 ], [ 88.73471, 23.91813 ], [ 88.74208, 24.24167 ], [ 88.1304, 24.50653 ], [ 88.04387, 24.6852 ], [ 88.1411, 24.91642 ], [ 88.39721, 24.93972 ], [ 88.45422, 25.1884 ], [ 88.93304, 25.16444 ], [ 89.00867, 25.29028 ], [ 88.11053, 25.83555 ], [ 88.18289, 26.15055 ], [ 88.52307, 26.36732 ], [ 88.33559, 26.483 ], [ 88.41307, 26.62614 ], [ 88.85715, 26.24014 ], [ 89.044, 26.27461 ], [ 88.9467, 26.44268 ], [ 89.07073, 26.38533 ], [ 89.31991, 26.02483 ], [ 89.54822, 26.01563 ], [ 89.60172, 26.22747 ], [ 89.73394, 26.15631 ], [ 89.84901, 25.90616 ], [ 89.85054, 25.28896 ], [ 90.41249, 25.14888 ], [ 92.03888, 25.1875 ], [ 92.40887, 25.02555 ], [ 92.49163, 24.87751 ], [ 92.24839, 24.89458 ], [ 92.1172, 24.39 ], [ 91.9212, 24.32746 ], [ 91.88258, 24.15156 ], [ 91.38198, 24.10514 ], [ 91.16193, 23.63152 ], [ 91.34429, 23.09819 ], [ 91.42609, 23.26194 ], [ 91.61151, 22.94458 ], [ 91.81818, 23.09028 ], [ 91.77013, 23.27917 ], [ 91.9663, 23.50557 ], [ 91.95859, 23.72777 ], [ 92.27804, 23.71083 ] ] ] ] } },
{ "type": "Feature", "properties": { "name": "India", "iso3": "IND" }, "geometry": { "type": "MultiPolygon", "coordinates": [ [ [ [ 93.89941, 6.80708 ], [ 93.81066, 6.75319 ], [ 93.67249, 7.18403 ], [ 93.86249, 7.19944 ], [ 93.89941, 6.80708 ] ] ], [ [ [ 93.6938, 7.4366 ], [ 93.63666, 7.24653 ], [ 93.59638, 7.30653 ], [ 93.6938, 7.4366 ] ] ], [ [ [ 93.46027, 7.88764 ], [ 93.34595, 7.88347 ], [ 93.31596, 7.99542 ], [ 93.3854, 8.0168 ], [ 93.46027, 7.88764 ] ] ], [ [ [ 93.53478, 8.03764 ], [ 93.44664, 8.13611 ], [ 93.51652, 8.22597 ], [ 93.53407, 8.20883 ], [ 93.53478, 8.03764 ] ] ], [ [ [ 73.07318, 8.27472 ], [ 73.02041, 8.26243 ], [ 73.07887, 8.31028 ], [ 73.07318, 8.27472 ] ] ], [ [ [ 92.80568, 9.21007 ], [ 92.70887, 9.16361 ], [ 92.75916, 9.26264 ], [ 92.80568, 9.21007 ] ] ], [ [ [ 73.64665, 10.08472 ], [ 73.63603, 10.05312 ], [ 73.64269, 10.0968 ], [ 73.64665, 10.08472 ] ] ], [ [ [ 72.65, 10.56694 ], [ 72.62629, 10.55111 ], [ 72.65207, 10.57354 ], [ 72.65, 10.56694 ] ] ], [ [ [ 72.19552, 10.84805 ], [ 72.1708, 10.81243 ], [ 72.19602, 10.87062 ], [ 72.19552, 10.84805 ] ] ], [ [ [ 92.49525, 10.51944 ], [ 92.3593, 10.54264 ], [ 92.34665, 10.69416 ], [ 92.49804, 10.90083 ], [ 92.57693, 10.70083 ], [ 92.49525, 10.51944 ] ] ], [ [ [ 72.77832, 11.18889 ], [ 72.77117, 11.19243 ], [ 72.78845, 11.25125 ], [ 72.77832, 11.18889 ] ] ], [ [ [ 92.70262, 11.38361 ], [ 92.59631, 11.37389 ], [ 92.6402, 11.51222 ], [ 92.70262, 11.38361 ] ] ], [ [ [ 92.71706, 12.1828 ], [ 92.79583, 11.90194 ], [ 92.71651, 11.4918 ], [ 92.52533, 11.85541 ], [ 92.71706, 12.1828 ] ] ], [ [ [ 92.75527, 12.2798 ], [ 92.90166, 12.26583 ], [ 92.75427, 12.07134 ], [ 92.75527, 12.2798 ] ] ], [ [ [ 92.92858, 12.90916 ], [ 92.98637, 12.50611 ], [ 92.75888, 12.305 ], [ 92.73637, 12.80972 ], [ 92.92858, 12.90916 ] ] ], [ [ [ 93.00638, 13.57139 ], [ 93.03527, 13.04778 ], [ 92.81342, 12.89792 ], [ 92.84068, 13.3275 ], [ 93.00638, 13.57139 ] ] ], [ [ [ 88.1647, 21.81166 ], [ 88.05096, 21.63624 ], [ 88.1297, 21.875 ], [ 88.1647, 21.81166 ] ] ], [ [ [ 78.40632, 32.51922 ], [ 78.47594, 32.24304 ], [ 78.77075, 31.96847 ], [ 78.69289, 31.77972 ], [ 78.84248, 31.6075 ], [ 78.71248, 31.50271 ], [ 78.86825, 31.16133 ], [ 79.86695, 30.96858 ], [ 80.23276, 30.57416 ], [ 81.03013, 30.21333 ], [ 80.37501, 29.7402 ], [ 80.40846, 29.60138 ], [ 80.23803, 29.42298 ], [ 80.28776, 29.20555 ], [ 80.06137, 28.82993 ], [ 81.19359, 28.36666 ], [ 81.29803, 28.16389 ], [ 81.90105, 27.85493 ], [ 82.04332, 27.9186 ], [ 82.42943, 27.6775 ], [ 82.70109, 27.7111 ], [ 82.76652, 27.50347 ], [ 83.30998, 27.33625 ], [ 83.41832, 27.47277 ], [ 83.8583, 27.35223 ], [ 84.14722, 27.51139 ], [ 84.59839, 27.34 ], [ 84.65527, 27.04035 ], [ 85.32805, 26.73611 ], [ 85.63075, 26.86597 ], [ 85.86047, 26.57284 ], [ 86.03291, 26.66319 ], [ 86.73338, 26.4202 ], [ 87.00444, 26.53444 ], [ 87.26971, 26.37527 ], [ 87.89416, 26.4693 ], [ 88.0202, 26.36836 ], [ 88.19455, 26.76042 ], [ 87.99498, 27.11229 ], [ 88.18734, 27.78264 ], [ 88.12206, 27.90701 ], [ 88.62435, 28.1168 ], [ 88.8772, 27.87555 ], [ 88.76464, 27.54243 ], [ 88.91747, 27.31738 ], [ 88.75194, 27.14861 ], [ 89.10631, 26.83257 ], [ 89.3672, 26.85944 ], [ 89.64305, 26.71527 ], [ 90.1236, 26.74805 ], [ 90.38874, 26.90347 ], [ 90.68859, 26.77319 ], [ 91.30734, 26.77806 ], [ 91.41727, 26.87125 ], [ 91.71554, 26.80097 ], [ 92.64348, 26.9717 ], [ 93.10341, 26.89351 ], [ 93.7178, 26.98845 ], [ 94.27816, 27.57481 ], [ 94.56439, 27.59715 ], [ 95.30593, 27.94897 ], [ 95.38188, 28.16117 ], [ 95.84743, 28.30078 ], [ 96.47568, 28.16117 ], [ 97.07421, 27.76553 ], [ 96.89027, 27.61972 ], [ 96.9036, 27.45743 ], [ 97.15901, 27.12805 ], [ 96.90512, 27.16888 ], [ 96.7259, 27.36569 ], [ 96.19123, 27.26986 ], [ 95.14498, 26.61618 ], [ 95.06672, 26.31166 ], [ 95.16498, 26.0368 ], [ 94.88527, 25.57861 ], [ 94.62859, 25.40187 ], [ 94.57847, 25.20916 ], [ 94.73518, 25.03201 ], [ 94.14777, 23.85152 ], [ 93.33751, 24.07184 ], [ 93.38784, 23.23145 ], [ 93.30547, 23.01764 ], [ 93.13957, 23.04708 ], [ 93.09276, 22.71444 ], [ 93.19789, 22.26472 ], [ 92.92442, 22.005 ], [ 92.70633, 22.15451 ], [ 92.60082, 21.98222 ], [ 92.27804, 23.71083 ], [ 91.95859, 23.72777 ], [ 91.9663, 23.50557 ], [ 91.77013, 23.27917 ], [ 91.81818, 23.09028 ], [ 91.61151, 22.94458 ], [ 91.42609, 23.26194 ], [ 91.34429, 23.09819 ], [ 91.16193, 23.63152 ], [ 91.38198, 24.10514 ], [ 91.88258, 24.15156 ], [ 91.9212, 24.32746 ], [ 92.1172, 24.39 ], [ 92.24839, 24.89458 ], [ 92.49163, 24.87751 ], [ 92.40887, 25.02555 ], [ 92.03888, 25.1875 ], [ 90.41249, 25.14888 ], [ 89.85054, 25.28896 ], [ 89.84901, 25.90616 ], [ 89.73394, 26.15631 ], [ 89.60172, 26.22747 ], [ 89.54822, 26.01563 ], [ 89.31991, 26.02483 ], [ 89.07073, 26.38533 ], [ 88.9467, 26.44268 ], [ 89.044, 26.27461 ], [ 88.85715, 26.24014 ], [ 88.41307, 26.62614 ], [ 88.33559, 26.483 ], [ 88.52307, 26.36732 ], [ 88.18289, 26.15055 ], [ 88.11053, 25.83555 ], [ 89.00867, 25.29028 ], [ 88.93304, 25.16444 ], [ 88.45422, 25.1884 ], [ 88.39721, 24.93972 ], [ 88.1411, 24.91642 ], [ 88.04387, 24.6852 ], [ 88.1304, 24.50653 ], [ 88.75173, 24.21643 ], [ 88.56596, 23.64666 ], [ 88.78634, 23.49284 ], [ 88.72714, 23.24708 ], [ 88.98279, 23.20614 ], [ 88.86311, 22.96826 ], [ 89.09409, 22.14333 ], [ 89.00555, 21.90361 ], [ 89.08437, 21.6252 ], [ 88.71201, 21.56229 ], [ 88.67678, 22.19715 ], [ 88.57222, 21.56 ], [ 88.48318, 21.55389 ], [ 88.50027, 21.94805 ], [ 88.4504, 21.61139 ], [ 88.30633, 21.61059 ], [ 88.29547, 21.77659 ], [ 88.26121, 21.79692 ], [ 88.25749, 21.54874 ], [ 88.19926, 22.1519 ], [ 87.9061, 22.42041 ], [ 88.16652, 22.08972 ], [ 87.79637, 21.69888 ], [ 86.96332, 21.38194 ], [ 86.82805, 21.1525 ], [ 86.89137, 20.75944 ], [ 87.02556, 20.67483 ], [ 86.75583, 20.49138 ], [ 86.80165, 20.38389 ], [ 86.48783, 20.17708 ], [ 86.42123, 19.98493 ], [ 86.19636, 20.075 ], [ 86.35525, 19.96583 ], [ 85.45139, 19.66027 ], [ 85.57501, 19.83548 ], [ 85.43488, 19.88701 ], [ 85.12519, 19.50729 ], [ 85.24944, 19.64953 ], [ 85.38249, 19.6125 ], [ 84.72658, 19.124 ], [ 84.11588, 18.30208 ], [ 83.58124, 18.01527 ], [ 83.23415, 17.59249 ], [ 82.36207, 17.09833 ], [ 82.24838, 16.91194 ], [ 82.36945, 16.8693 ], [ 82.3017, 16.58305 ], [ 81.72727, 16.31083 ], [ 81.32101, 16.36708 ], [ 81.01333, 15.78344 ], [ 80.88262, 16.01194 ], [ 80.82527, 15.75194 ], [ 80.68471, 15.9 ], [ 80.27944, 15.69917 ], [ 80.04908, 15.05555 ], [ 80.30915, 13.43805 ], [ 80.15248, 13.71805 ], [ 80.04942, 13.62055 ], [ 80.34874, 13.34264 ], [ 80.16026, 12.47305 ], [ 79.7643, 11.65625 ], [ 79.85811, 10.28583 ], [ 79.32436, 10.27993 ], [ 78.94331, 9.59833 ], [ 79.00916, 9.33166 ], [ 79.33166, 9.26417 ], [ 79.44623, 9.15993 ], [ 78.96791, 9.27333 ], [ 78.40999, 9.09694 ], [ 78.19247, 8.90417 ], [ 78.06207, 8.36625 ], [ 77.5361, 8.07194 ], [ 76.9986, 8.36527 ], [ 76.57582, 8.87694 ], [ 76.66374, 9.00382 ], [ 76.53415, 8.965 ], [ 76.38026, 9.28139 ], [ 76.24442, 9.96121 ], [ 76.3529, 9.52639 ], [ 76.49887, 9.53042 ], [ 75.71776, 11.36527 ], [ 75.19387, 12.01014 ], [ 74.85526, 12.755 ], [ 74.41193, 14.48333 ], [ 74.09797, 14.78746 ], [ 73.7886, 15.39899 ], [ 73.9495, 15.39854 ], [ 73.79373, 15.44986 ], [ 73.44748, 16.05861 ], [ 72.85387, 18.66055 ], [ 72.85984, 18.79639 ], [ 72.98749, 18.72777 ], [ 72.91192, 18.9175 ], [ 73.05418, 19.00472 ], [ 72.96971, 19.07888 ], [ 72.77322, 18.94593 ], [ 72.77902, 19.31055 ], [ 73.04262, 19.21105 ], [ 72.75375, 19.37277 ], [ 72.66416, 19.87083 ], [ 72.93442, 20.77472 ], [ 72.80623, 21.12569 ], [ 72.61297, 21.10673 ], [ 72.71458, 21.20152 ], [ 72.56485, 21.37507 ], [ 73.12713, 21.75784 ], [ 72.54603, 21.66388 ], [ 72.72263, 21.99013 ], [ 72.50166, 21.97492 ], [ 72.58068, 22.19833 ], [ 72.91477, 22.27111 ], [ 72.15519, 22.28125 ], [ 72.32541, 22.15152 ], [ 72.0389, 21.93902 ], [ 72.16318, 21.83736 ], [ 71.99831, 21.85389 ], [ 72.28915, 21.61083 ], [ 72.1081, 21.20409 ], [ 70.82513, 20.69597 ], [ 70.0608, 21.14444 ], [ 68.94596, 22.2893 ], [ 69.07138, 22.48076 ], [ 69.22039, 22.27396 ], [ 70.16998, 22.55083 ], [ 70.50972, 23.09819 ], [ 70.39387, 22.94006 ], [ 69.71027, 22.74277 ], [ 69.21582, 22.84027 ], [ 68.65901, 23.14826 ], [ 68.43305, 23.43 ], [ 68.40852, 23.60812 ], [ 68.74136, 23.84416 ], [ 68.32957, 23.58493 ], [ 68.14423, 23.60909 ], [ 68.28471, 23.9393 ], [ 68.74721, 23.96999 ], [ 68.78874, 24.33361 ], [ 70.0, 24.16972 ], [ 70.55998, 24.43583 ], [ 70.58415, 24.28111 ], [ 70.76193, 24.23583 ], [ 71.10498, 24.4193 ], [ 71.00332, 24.46506 ], [ 71.07742, 24.68046 ], [ 70.88249, 25.14916 ], [ 70.67769, 25.40312 ], [ 70.67567, 25.68013 ], [ 70.28485, 25.70555 ], [ 70.08853, 25.98319 ], [ 70.16797, 26.55625 ], [ 69.51131, 26.74875 ], [ 69.58353, 27.17798 ], [ 70.36651, 28.01875 ], [ 70.58736, 28.00319 ], [ 70.82944, 27.70638 ], [ 71.89694, 27.96194 ], [ 72.38971, 28.785 ], [ 72.95026, 29.04 ], [ 73.39749, 29.94277 ], [ 73.9334, 30.136 ], [ 73.87041, 30.38741 ], [ 74.30748, 30.84888 ], [ 74.69759, 31.05909 ], [ 74.52267, 31.17508 ], [ 74.6328, 31.46211 ], [ 74.48873, 31.72159 ], [ 74.59928, 31.86943 ], [ 75.25653, 32.09287 ], [ 75.39129, 32.24156 ], [ 75.32261, 32.32444 ], [ 75.49637, 32.25944 ], [ 75.86749, 32.53745 ], [ 75.94525, 32.71999 ], [ 75.84027, 32.87332 ], [ 76.48415, 33.17083 ], [ 77.44656, 32.81399 ], [ 77.75694, 32.98082 ], [ 78.00527, 32.61805 ], [ 78.38248, 32.74666 ], [ 78.28533, 32.45401 ], [ 78.40632, 32.51922 ] ] ] ] } },
{ "type": "Feature", "properties": { "name": "Nepal", "iso3": "NPL" }, "geometry": { "type": "Polygon", "coordinates": [ [ [ 88.14279, 27.86605 ], [ 87.99498, 27.11229 ], [ 88.19455, 26.76042 ], [ 88.09068, 26.43319 ], [ 87.26971, 26.37527 ], [ 87.00444, 26.53444 ], [ 86.73338, 26.4202 ], [ 86.03291, 26.66319 ], [ 85.86047, 26.57284 ], [ 85.63075, 26.86597 ], [ 85.22192, 26.76305 ], [ 84.65527, 27.04035 ], [ 84.59839, 27.34 ], [ 84.14722, 27.51139 ], [ 83.8583, 27.35223 ], [ 83.41832, 27.47277 ], [ 83.30998, 27.33625 ], [ 82.76652, 27.50347 ], [ 82.70109, 27.7111 ], [ 82.42943, 27.6775 ], [ 82.04332, 27.9186 ], [ 81.90105, 27.85493 ], [ 81.29803, 28.16389 ], [ 81.19359, 28.36666 ], [ 80.54136, 28.68527 ], [ 80.3875, 28.625 ], [ 80.0522, 28.89833 ], [ 80.28776, 29.20555 ], [ 80.23803, 29.42298 ], [ 80.41582, 29.78569 ], [ 81.02536, 30.20435 ], [ 81.23221, 30.01194 ], [ 81.4086, 30.37555 ], [ 81.63026, 30.42472 ], [ 82.11123, 30.33444 ], [ 82.17525, 30.06923 ], [ 82.87206, 29.66694 ], [ 83.19108, 29.63166 ], [ 83.5479, 29.18902 ], [ 84.11651, 29.26097 ], [ 84.23693, 28.91888 ], [ 84.48623, 28.73402 ], [ 84.84665, 28.54444 ], [ 85.19518, 28.59104 ], [ 85.11095, 28.30666 ], [ 85.72138, 28.27916 ], [ 86.0054, 27.88625 ], [ 86.19769, 28.15805 ], [ 86.22305, 28.01139 ], [ 86.45137, 27.90888 ], [ 86.69527, 28.11166 ], [ 87.19275, 27.82305 ], [ 88.14279, 27.86605 ] ] ] } },
{ "type": "Feature", "properties": { "name": "Myanmar", "iso3": "MMR" }, "geometry": { "type": "MultiPolygon", "coordinates": [ [ [ [ 98.15582, 9.87666 ], [ 98.16581, 10.00278 ], [ 98.28943, 10.05368 ], [ 98.28832, 10.0075 ], [ 98.15582, 9.87666 ] ] ], [ [ [ 98.2122, 10.94778 ], [ 98.26999, 10.81583 ], [ 98.2668, 10.69069 ], [ 98.21416, 10.86444 ], [ 98.07699, 10.88722 ], [ 98.2122, 10.94778 ] ] ], [ [ [ 98.28082, 11.48166 ], [ 98.16554, 11.45333 ], [ 98.29124, 11.79708 ], [ 98.28082, 11.48166 ] ] ], [ [ [ 98.54888, 11.78833 ], [ 98.42735, 11.56069 ], [ 98.38136, 11.79 ], [ 98.54888, 11.78833 ] ] ], [ [ [ 98.65998, 11.93305 ], [ 98.47916, 11.88722 ], [ 98.42708, 12.09861 ], [ 98.51899, 12.0 ], [ 98.65998, 11.93305 ] ] ], [ [ [ 98.12101, 12.28021 ], [ 98.13909, 12.14208 ], [ 98.03444, 12.21583 ], [ 98.12101, 12.28021 ] ] ], [ [ [ 98.07693, 12.41639 ], [ 98.00555, 12.28194 ], [ 97.9372, 12.34069 ], [ 98.07693, 12.41639 ] ] ], [ [ [ 98.46624, 12.57361 ], [ 98.30498, 12.33375 ], [ 98.32193, 12.67111 ], [ 98.46624, 12.57361 ] ] ], [ [ [ 94.64802, 16.24503 ], [ 94.41582, 15.86805 ], [ 94.3815, 15.98444 ], [ 94.64802, 16.24503 ] ] ], [ [ [ 97.56916, 16.2336 ], [ 97.46582, 16.31805 ], [ 97.51555, 16.50611 ], [ 97.61665, 16.46527 ], [ 97.56916, 16.2336 ] ] ], [ [ [ 93.48943, 18.8525 ], [ 93.7479, 18.87069 ], [ 93.70582, 18.66902 ], [ 93.48943, 18.8525 ] ] ], [ [ [ 93.48332, 19.38638 ], [ 93.89665, 19.20499 ], [ 93.94219, 18.8625 ], [ 93.48332, 19.38638 ] ] ], [ [ [ 93.85138, 19.27333 ], [ 93.66027, 19.44749 ], [ 93.68122, 19.55875 ], [ 93.96833, 19.42083 ], [ 93.85138, 19.27333 ] ] ], [ [ [ 93.52026, 19.75722 ], [ 93.43776, 19.79944 ], [ 93.39554, 19.95194 ], [ 93.49331, 19.88944 ], [ 93.52026, 19.75722 ] ] ], [ [ [ 92.86026, 20.32583 ], [ 92.7611, 20.3175 ], [ 92.7636, 20.43242 ], [ 92.86026, 20.32583 ] ] ], [ [ [ 101.14824, 21.57263 ], [ 100.72721, 21.30781 ], [ 100.52069, 20.95194 ], [ 100.64055, 20.86173 ], [ 100.25874, 20.74903 ], [ 100.09136, 20.34861 ], [ 99.96262, 20.45458 ], [ 99.78832, 20.32972 ], [ 99.52845, 20.35014 ], [ 99.45207, 20.09694 ], [ 99.07909, 20.09847 ], [ 99.00047, 19.78444 ], [ 98.2422, 19.68999 ], [ 98.04936, 19.80479 ], [ 97.67984, 18.93215 ], [ 97.77568, 18.57236 ], [ 97.35408, 18.5752 ], [ 97.49791, 18.27916 ], [ 97.64336, 18.28048 ], [ 97.77832, 17.70333 ], [ 98.51111, 16.9411 ], [ 98.48002, 16.73895 ], [ 98.69122, 16.28305 ], [ 98.92119, 16.39534 ], [ 98.85776, 16.14104 ], [ 98.63165, 16.04611 ], [ 98.5818, 15.35791 ], [ 98.20548, 15.22678 ], [ 98.2011, 15.075 ], [ 98.32541, 14.715 ], [ 99.17397, 13.72778 ], [ 99.21389, 13.23472 ], [ 99.11241, 13.06111 ], [ 99.43623, 12.57443 ], [ 99.65735, 11.82646 ], [ 99.21331, 11.09916 ], [ 98.78498, 10.6775 ], [ 98.82429, 10.51986 ], [ 98.5514, 9.98691 ], [ 98.46075, 10.72875 ], [ 98.70942, 10.91625 ], [ 98.7472, 11.67486 ], [ 98.88372, 11.69722 ], [ 98.59845, 11.7493 ], [ 98.72082, 12.01389 ], [ 98.70588, 12.22447 ], [ 98.53373, 12.25464 ], [ 98.70359, 12.34005 ], [ 98.60484, 12.42118 ], [ 98.68082, 12.69083 ], [ 98.58033, 13.17833 ], [ 98.18623, 14.055 ], [ 98.14068, 13.53819 ], [ 98.08721, 14.17986 ], [ 97.79726, 14.88196 ], [ 97.72457, 15.84666 ], [ 97.56971, 16.0652 ], [ 97.73729, 16.56076 ], [ 97.37804, 16.495 ], [ 97.15027, 17.12389 ], [ 96.87804, 17.45 ], [ 96.91248, 17.03666 ], [ 96.77777, 16.70388 ], [ 96.37747, 16.5025 ], [ 96.24192, 16.80373 ], [ 96.26833, 16.38972 ], [ 96.00681, 16.38307 ], [ 96.02193, 16.25583 ], [ 95.75333, 16.14444 ], [ 95.42858, 15.72972 ], [ 95.27805, 15.79 ], [ 95.35999, 15.96889 ], [ 95.3606, 16.14145 ], [ 95.21756, 15.78632 ], [ 95.12109, 15.82472 ], [ 95.10796, 16.06236 ], [ 95.22429, 16.11909 ], [ 95.1372, 16.13722 ], [ 95.06735, 16.05333 ], [ 95.04061, 15.80833 ], [ 94.84818, 15.78215 ], [ 94.86137, 16.13055 ], [ 94.98852, 16.23618 ], [ 94.87928, 16.19083 ], [ 94.65707, 15.85083 ], [ 94.79166, 16.14866 ], [ 94.56374, 15.93861 ], [ 94.68095, 16.12388 ], [ 94.64277, 16.33791 ], [ 94.25097, 15.95889 ], [ 94.23277, 16.35083 ], [ 94.61234, 17.54743 ], [ 94.23858, 18.73777 ], [ 94.03839, 18.84708 ], [ 94.05129, 19.22157 ], [ 93.96985, 19.14347 ], [ 93.87431, 19.25597 ], [ 93.97824, 19.36263 ], [ 93.98571, 19.45715 ], [ 93.6004, 19.71749 ], [ 93.72436, 19.93243 ], [ 93.58644, 19.8793 ], [ 93.13788, 20.06572 ], [ 93.24296, 19.8318 ], [ 93.10055, 19.97583 ], [ 93.12664, 19.8393 ], [ 92.98193, 20.07444 ], [ 93.10916, 20.17125 ], [ 92.99415, 20.1493 ], [ 93.08208, 20.5392 ], [ 92.89097, 20.11902 ], [ 92.76978, 20.20322 ], [ 92.89194, 20.32277 ], [ 92.64433, 20.68583 ], [ 92.7372, 20.26319 ], [ 92.3806, 20.6952 ], [ 92.20499, 21.30055 ], [ 92.38165, 21.47208 ], [ 92.66609, 21.29333 ], [ 92.60082, 21.98222 ], [ 92.70633, 22.15451 ], [ 92.92442, 22.005 ], [ 93.19789, 22.26472 ], [ 93.09276, 22.71444 ], [ 93.13957, 23.04708 ], [ 93.30547, 23.01764 ], [ 93.38784, 23.23145 ], [ 93.33751, 24.07184 ], [ 94.14777, 23.85152 ], [ 94.73518, 25.03201 ], [ 94.57847, 25.20916 ], [ 94.62859, 25.40187 ], [ 94.88527, 25.57861 ], [ 95.16498, 26.0368 ], [ 95.06672, 26.31166 ], [ 95.14498, 26.61618 ], [ 96.19123, 27.26986 ], [ 96.7259, 27.36569 ], [ 97.13541, 27.08722 ], [ 96.89027, 27.61972 ], [ 97.36109, 27.94083 ], [ 97.34888, 28.22277 ], [ 97.55887, 28.54652 ], [ 98.14499, 28.14889 ], [ 98.31991, 27.54014 ], [ 98.45887, 27.6725 ], [ 98.69699, 27.52972 ], [ 98.77846, 26.63958 ], [ 98.73109, 26.18472 ], [ 98.56944, 26.12527 ], [ 98.7104, 25.85597 ], [ 98.54078, 25.84489 ], [ 98.36137, 25.56944 ], [ 98.19109, 25.61527 ], [ 97.55255, 24.73992 ], [ 97.54304, 24.47666 ], [ 97.7593, 24.26055 ], [ 97.5372, 23.9486 ], [ 97.64998, 23.8517 ], [ 98.06449, 24.08909 ], [ 98.89073, 24.16007 ], [ 98.6799, 23.97076 ], [ 98.92747, 23.18916 ], [ 99.5113, 23.08204 ], [ 99.56484, 22.93659 ], [ 99.34457, 22.70999 ], [ 99.38457, 22.50694 ], [ 99.16785, 22.15592 ], [ 99.95741, 22.05018 ], [ 99.97763, 21.72555 ], [ 100.20568, 21.43546 ], [ 100.37317, 21.53819 ], [ 100.6397, 21.47694 ], [ 101.099, 21.76903 ], [ 101.14824, 21.57263 ] ] ] ] } },
{ "type": "Feature", "properties": { "name": "Samoa", "iso3": "WSM" }, "geometry": { "type": "MultiPolygon", "coordinates": [ [ [ [ -171.4292, -14.01625 ], [ -171.91113, -14.0125 ], [ -172.06476, -13.87819 ], [ -171.82226, -13.8075 ], [ -171.4292, -14.01625 ] ] ], [ [ [ -172.2878, -13.48416 ], [ -172.21235, -13.80653 ], [ -172.52793, -13.80271 ], [ -172.78002, -13.53257 ], [ -172.2878, -13.48416 ] ] ] ] } },
{ "type": "Feature", "properties": { "name": "Anguilla", "iso3": "AIA" }, "geometry": { "type": "Polygon", "coordinates": [ [ [ -63.15375, 18.16528 ], [ -63.05202, 18.25958 ], [ -62.97271, 18.27298 ], [ -62.99306, 18.22722 ], [ -63.15375, 18.16528 ] ] ] } },
{ "type": "Feature", "properties": { "name": "Israel", "iso3": "ISR" }, "geometry": { "type": "Polygon", "coordinates": [ [ [ 35.62364, 33.24573 ], [ 35.66548, 32.76199 ], [ 35.55257, 32.3942 ], [ 35.20806, 32.54639 ], [ 34.97916, 32.15305 ], [ 34.96556, 31.83055 ], [ 35.22762, 31.7751 ], [ 34.98555, 31.63333 ], [ 34.88985, 31.38055 ], [ 35.47861, 31.44916 ], [ 34.9038, 29.48671 ], [ 34.26758, 31.21654 ], [ 34.55889, 31.54 ], [ 34.49055, 31.59609 ], [ 35.10083, 33.0936 ], [ 35.42555, 33.06833 ], [ 35.62364, 33.24573 ] ] ] } },
{ "type": "Feature", "properties": { "name": "Syrian Arab Republic", "iso3": "SYR" }, "geometry": { "type": "Polygon", "coordinates": [ [ [ 42.35562, 37.10693 ], [ 41.83527, 36.59888 ], [ 41.40305, 36.52555 ], [ 41.29028, 36.35555 ], [ 41.38402, 35.63097 ], [ 41.21527, 35.22471 ], [ 41.22485, 34.7829 ], [ 41.00388, 34.41943 ], [ 36.83778, 32.31361 ], [ 36.40028, 32.38194 ], [ 35.93125, 32.72028 ], [ 35.64889, 32.68527 ], [ 35.62666, 33.27632 ], [ 36.03444, 33.55333 ], [ 35.9402, 33.64416 ], [ 36.07104, 33.82753 ], [ 36.37395, 33.83111 ], [ 36.28347, 33.9109 ], [ 36.62374, 34.20499 ], [ 36.52583, 34.43194 ], [ 36.35123, 34.50075 ], [ 36.45931, 34.63041 ], [ 35.97277, 34.6475 ], [ 35.91903, 35.42263 ], [ 35.73389, 35.58166 ], [ 35.92244, 35.92699 ], [ 36.16847, 35.81972 ], [ 36.37497, 35.99791 ], [ 36.39222, 36.21333 ], [ 36.68312, 36.23273 ], [ 36.54958, 36.48777 ], [ 36.65994, 36.83371 ], [ 37.37381, 36.65534 ], [ 38.2434, 36.91388 ], [ 38.72527, 36.70361 ], [ 39.22153, 36.66534 ], [ 39.81805, 36.75361 ], [ 40.77082, 37.11805 ], [ 41.54819, 37.08527 ], [ 42.18083, 37.29054 ], [ 42.35152, 37.23117 ], [ 42.35562, 37.10693 ] ] ] } },
{ "type": "Feature", "properties": { "name": "West Bank", "iso3": "PSE" }, "geometry": { "type": "Polygon", "coordinates": [ [ [ 35.55257, 32.3942 ], [ 35.4782, 31.49732 ], [ 34.90819, 31.36055 ], [ 34.96136, 31.60336 ], [ 35.22762, 31.7751 ], [ 34.96556, 31.83055 ], [ 35.06638, 32.44722 ], [ 35.20806, 32.54639 ], [ 35.55257, 32.3942 ] ] ] } },
{ "type": "Feature", "properties": { "name": "Jordan", "iso3": "JOR" }, "geometry": { "type": "Polygon", "coordinates": [ [ [ 39.30111, 32.23638 ], [ 39.005, 32.00555 ], [ 37.00527, 31.50556 ], [ 38.00139, 30.50416 ], [ 37.6675, 30.33639 ], [ 37.50278, 30.00222 ], [ 36.74361, 29.86472 ], [ 36.50055, 29.50278 ], [ 36.07, 29.18889 ], [ 34.96139, 29.36083 ], [ 35.15861, 30.44417 ], [ 35.46222, 31.12111 ], [ 35.61578, 32.67966 ], [ 35.93125, 32.72028 ], [ 36.40028, 32.38194 ], [ 36.83778, 32.31361 ], [ 38.7947, 33.37759 ], [ 39.08601, 32.50151 ], [ 38.98602, 32.47766 ], [ 39.04365, 32.30405 ], [ 39.26, 32.35554 ], [ 39.30111, 32.23638 ] ] ] } },
{ "type": "Feature", "properties": { "name": "Gaza Strip", "iso3": "PSE" }, "geometry": { "type": "Polygon", "coordinates": [ [ [ 34.26758, 31.21654 ], [ 34.21666, 31.32333 ], [ 34.49055, 31.59609 ], [ 34.55889, 31.54 ], [ 34.26758, 31.21654 ] ] ] } },
{ "type": "Feature", "properties": { "name": "Lebanon", "iso3": "LBN" }, "geometry": { "type": "Polygon", "coordinates": [ [ [ 35.97277, 34.6475 ], [ 36.45931, 34.63041 ], [ 36.35123, 34.50075 ], [ 36.52583, 34.43194 ], [ 36.62374, 34.20499 ], [ 36.28347, 33.9109 ], [ 36.37395, 33.83111 ], [ 36.07104, 33.82753 ], [ 35.9402, 33.64416 ], [ 36.03444, 33.55333 ], [ 35.50527, 33.09805 ], [ 35.10083, 33.0936 ], [ 35.47531, 33.9018 ], [ 35.63444, 34.01277 ], [ 35.64888, 34.2811 ], [ 35.98361, 34.5275 ], [ 35.97277, 34.6475 ] ] ] } },
{ "type": "Feature", "properties": { "name": "Oman", "iso3": "OMN" }, "geometry": { "type": "MultiPolygon", "coordinates": [ [ [ [ 58.95111, 20.51111 ], [ 58.78513, 20.27931 ], [ 58.6475, 20.17139 ], [ 58.64111, 20.35 ], [ 58.89604, 20.69236 ], [ 58.95111, 20.51111 ] ] ], [ [ [ 56.37353, 24.97938 ], [ 56.61978, 24.47757 ], [ 57.17131, 23.93444 ], [ 58.6093, 23.63277 ], [ 59.39778, 22.68055 ], [ 59.80173, 22.53687 ], [ 59.80916, 22.22333 ], [ 59.3443, 21.44201 ], [ 58.83722, 21.03944 ], [ 58.52069, 20.41951 ], [ 58.21152, 20.39722 ], [ 58.21375, 20.61277 ], [ 57.82819, 20.21625 ], [ 57.68764, 19.70833 ], [ 57.80569, 18.97097 ], [ 56.81044, 18.7444 ], [ 56.64388, 18.57917 ], [ 56.56166, 18.13667 ], [ 56.35232, 17.94118 ], [ 55.43604, 17.82611 ], [ 55.23055, 17.55 ], [ 55.25055, 17.26694 ], [ 55.03194, 17.01472 ], [ 54.09264, 17.01431 ], [ 53.11444, 16.64278 ], [ 51.99929, 18.99934 ], [ 55.0, 20.0 ], [ 55.66611, 21.99972 ], [ 55.20867, 22.70928 ], [ 55.56944, 24.0 ], [ 55.85, 24.01667 ], [ 55.9, 24.21667 ], [ 55.75, 24.22917 ], [ 55.81402, 24.88583 ], [ 56.00013, 24.97708 ], [ 56.14375, 24.74111 ], [ 56.37353, 24.97938 ] ] ], [ [ [ 56.26972, 25.63601 ], [ 56.14722, 25.66611 ], [ 56.18555, 26.01472 ], [ 56.07994, 26.06556 ], [ 56.2019, 26.26086 ], [ 56.30388, 26.20111 ], [ 56.40152, 26.21979 ], [ 56.31097, 26.2227 ], [ 56.40421, 26.36871 ], [ 56.47138, 26.14215 ], [ 56.32069, 26.16694 ], [ 56.42388, 25.95028 ], [ 56.26972, 25.63601 ] ] ] ] } },
{ "type": "Feature", "properties": { "name": "Iran (Islamic Republic of)", "iso3": "IRN" }, "geometry": { "type": "MultiPolygon", "coordinates": [ [ [ [ 55.69263, 26.92999 ], [ 55.73166, 26.7975 ], [ 55.63277, 26.79472 ], [ 55.69263, 26.92999 ] ] ], [ [ [ 56.24527, 26.92749 ], [ 55.98722, 26.72777 ], [ 55.28361, 26.55861 ], [ 55.28249, 26.65805 ], [ 55.76999, 26.79277 ], [ 55.75458, 26.95208 ], [ 56.24527, 26.92749 ] ] ], [ [ [ 45.43348, 39.00319 ], [ 46.54038, 38.87559 ], [ 46.84888, 39.16061 ], [ 47.98471, 39.71558 ], [ 48.35788, 39.38991 ], [ 48.12388, 39.27818 ], [ 48.30874, 39.00374 ], [ 48.02464, 38.83339 ], [ 48.62351, 38.3965 ], [ 48.84117, 38.45048 ], [ 49.71453, 38.26281 ], [ 51.29271, 38.71485 ], [ 51.97159, 37.92783 ], [ 52.65501, 37.77763 ], [ 53.5271, 37.32344 ], [ 54.66874, 37.44013 ], [ 54.83305, 37.74638 ], [ 55.43763, 38.08333 ], [ 56.2197, 38.07121 ], [ 56.44276, 38.25999 ], [ 57.06263, 38.19541 ], [ 57.20846, 38.28263 ], [ 57.45402, 37.93846 ], [ 58.40721, 37.64111 ], [ 58.9336, 37.6686 ], [ 59.34305, 37.53555 ], [ 59.47999, 37.23277 ], [ 60.06347, 37.01166 ], [ 60.33125, 36.65804 ], [ 61.15374, 36.65041 ], [ 61.28791, 35.55562 ], [ 61.10583, 35.2818 ], [ 60.97665, 34.65076 ], [ 60.72388, 34.52791 ], [ 60.87887, 34.31972 ], [ 60.67513, 34.31402 ], [ 60.51097, 34.14555 ], [ 60.53082, 33.63999 ], [ 60.93888, 33.51704 ], [ 60.5825, 33.0661 ], [ 60.85833, 32.22596 ], [ 60.84881, 31.49611 ], [ 61.71361, 31.38333 ], [ 61.85013, 31.02388 ], [ 61.75833, 30.79028 ], [ 60.8663, 29.86366 ], [ 61.90555, 28.555 ], [ 62.39985, 28.41944 ], [ 62.59249, 28.2336 ], [ 62.78222, 28.26375 ], [ 62.78027, 27.2668 ], [ 63.20193, 27.26764 ], [ 63.33027, 27.14888 ], [ 63.18513, 26.63916 ], [ 62.43791, 26.56653 ], [ 62.27489, 26.3566 ], [ 61.85486, 26.23055 ], [ 61.61103, 25.19765 ], [ 61.44138, 25.07597 ], [ 60.62263, 25.26986 ], [ 60.55096, 25.44111 ], [ 60.41027, 25.39777 ], [ 60.4668, 25.26597 ], [ 59.45055, 25.47777 ], [ 59.02291, 25.39861 ], [ 58.78999, 25.56472 ], [ 58.12819, 25.54291 ], [ 57.95124, 25.69999 ], [ 57.31909, 25.77146 ], [ 57.02346, 26.8475 ], [ 56.80888, 27.12361 ], [ 56.13277, 27.16028 ], [ 55.64138, 26.98014 ], [ 55.59833, 26.79861 ], [ 55.23972, 26.77875 ], [ 54.78846, 26.49041 ], [ 54.29694, 26.7161 ], [ 53.74777, 26.70916 ], [ 53.4393, 26.97444 ], [ 52.60833, 27.34819 ], [ 52.49972, 27.60861 ], [ 51.43027, 27.93778 ], [ 51.05472, 28.73875 ], [ 50.80104, 28.92979 ], [ 50.92375, 29.06458 ], [ 50.63888, 29.14277 ], [ 50.63916, 29.47041 ], [ 50.1475, 29.93278 ], [ 50.05555, 30.20278 ], [ 49.55506, 30.00722 ], [ 49.48583, 30.14868 ], [ 49.00471, 30.29736 ], [ 48.92888, 30.38705 ], [ 49.26346, 30.42909 ], [ 48.97888, 30.51152 ], [ 48.86638, 30.35902 ], [ 48.91735, 30.04069 ], [ 48.47338, 29.9829 ], [ 48.41194, 30.19967 ], [ 48.03249, 30.49138 ], [ 48.03666, 30.99611 ], [ 47.69388, 31.00111 ], [ 47.69721, 31.40777 ], [ 47.86444, 31.79861 ], [ 47.43791, 32.38555 ], [ 46.45083, 32.92527 ], [ 46.10641, 32.97106 ], [ 46.17715, 33.26479 ], [ 45.87422, 33.49979 ], [ 45.89888, 33.63305 ], [ 45.75169, 33.59502 ], [ 45.40361, 33.9752 ], [ 45.58417, 34.30127 ], [ 45.43863, 34.45784 ], [ 45.71467, 34.55761 ], [ 45.65166, 34.7352 ], [ 45.87777, 35.03249 ], [ 46.16601, 35.10852 ], [ 45.97999, 35.58472 ], [ 46.3452, 35.81419 ], [ 45.75713, 35.81735 ], [ 45.41388, 35.99542 ], [ 45.27916, 36.3811 ], [ 45.01309, 36.54286 ], [ 45.06541, 36.68305 ], [ 44.85304, 36.79458 ], [ 44.90312, 37.03048 ], [ 44.76617, 37.11228 ], [ 44.81818, 37.29742 ], [ 44.58885, 37.44309 ], [ 44.61777, 37.71797 ], [ 44.22397, 37.89915 ], [ 44.48252, 38.3413 ], [ 44.30526, 38.40054 ], [ 44.30027, 38.84263 ], [ 44.03638, 39.38548 ], [ 44.4011, 39.41652 ], [ 44.60846, 39.77916 ], [ 45.43348, 39.00319 ] ] ] ] } },
{ "type": "Feature", "properties": { "name": "United Arab Emirates", "iso3": "ARE" }, "geometry": { "type": "MultiPolygon", "coordinates": [ [ [ [ 53.96486, 24.17944 ], [ 53.78417, 24.125 ], [ 53.62472, 24.16972 ], [ 53.85271, 24.26777 ], [ 53.96486, 24.17944 ] ] ], [ [ [ 54.38669, 24.51288 ], [ 54.47264, 24.41977 ], [ 54.33058, 24.45678 ], [ 54.38669, 24.51288 ] ] ], [ [ [ 56.26972, 25.63601 ], [ 56.37353, 24.97938 ], [ 56.14375, 24.74111 ], [ 56.00013, 24.97708 ], [ 55.81402, 24.88583 ], [ 55.75, 24.22917 ], [ 55.9, 24.21667 ], [ 55.85, 24.01667 ], [ 55.56944, 24.0 ], [ 55.14166, 22.63333 ], [ 52.58333, 22.93889 ], [ 51.58333, 24.11666 ], [ 51.62333, 24.26444 ], [ 51.72583, 24.26111 ], [ 51.81597, 23.99798 ], [ 52.08597, 23.95597 ], [ 52.62625, 24.1968 ], [ 53.87416, 24.05972 ], [ 54.4275, 24.28569 ], [ 54.65028, 24.74694 ], [ 55.85944, 25.72041 ], [ 56.07994, 26.06556 ], [ 56.18555, 26.01472 ], [ 56.14722, 25.66611 ], [ 56.26972, 25.63601 ] ] ] ] } },
{ "type": "Feature", "properties": { "name": "Yemen", "iso3": "YEM" }, "geometry": { "type": "MultiPolygon", "coordinates": [ [ [ [ 52.08555, 12.22354 ], [ 52.39527, 12.19653 ], [ 52.39458, 12.15306 ], [ 52.08555, 12.22354 ] ] ], [ [ [ 53.76687, 12.62222 ], [ 54.09851, 12.70316 ], [ 54.47347, 12.54875 ], [ 54.1443, 12.35292 ], [ 53.75527, 12.30861 ], [ 53.33083, 12.54597 ], [ 53.49971, 12.71722 ], [ 53.76687, 12.62222 ] ] ], [ [ [ 42.78986, 13.9125 ], [ 42.68916, 14.01361 ], [ 42.76819, 14.06653 ], [ 42.79986, 13.99694 ], [ 42.78986, 13.9125 ] ] ], [ [ [ 42.59729, 15.27451 ], [ 42.56847, 15.38986 ], [ 42.645, 15.45722 ], [ 42.65139, 15.39083 ], [ 42.59729, 15.27451 ] ] ], [ [ [ 53.11444, 16.64278 ], [ 52.2943, 16.26652 ], [ 52.1577, 15.98479 ], [ 52.18916, 15.60528 ], [ 51.66361, 15.35889 ], [ 49.0943, 14.51681 ], [ 48.69805, 14.04 ], [ 47.99013, 14.04708 ], [ 47.39444, 13.64639 ], [ 46.69152, 13.42806 ], [ 45.65902, 13.33917 ], [ 45.40958, 13.06764 ], [ 45.13097, 12.97139 ], [ 45.04232, 12.75238 ], [ 45.015, 12.83889 ], [ 44.90222, 12.73153 ], [ 44.59041, 12.81708 ], [ 44.18666, 12.61694 ], [ 43.46194, 12.68736 ], [ 43.23027, 13.26972 ], [ 43.27944, 13.72028 ], [ 43.08666, 13.99333 ], [ 42.93583, 14.95778 ], [ 42.68111, 15.20833 ], [ 42.81034, 15.26201 ], [ 42.69389, 15.70028 ], [ 42.83458, 15.88333 ], [ 42.78968, 16.3775 ], [ 43.20611, 16.67222 ], [ 43.19194, 17.34222 ], [ 43.40722, 17.51389 ], [ 43.93916, 17.30646 ], [ 44.36611, 17.43333 ], [ 45.21667, 17.43333 ], [ 46.1, 17.25 ], [ 46.75, 17.28333 ], [ 47.0, 16.95 ], [ 47.18333, 16.95 ], [ 47.46667, 17.11667 ], [ 48.18333, 18.16667 ], [ 49.11667, 18.61667 ], [ 51.99929, 18.99934 ], [ 53.11444, 16.64278 ] ] ] ] } },
{ "type": "Feature", "properties": { "name": "Republic of Korea", "iso3": "KOR" }, "geometry": { "type": "MultiPolygon", "coordinates": [ [ [ [ 126.84527, 33.30999 ], [ 126.26562, 33.19221 ], [ 126.15833, 33.31471 ], [ 126.37512, 33.47388 ], [ 126.89444, 33.5243 ], [ 126.84527, 33.30999 ] ] ], [ [ [ 126.34471, 34.40305 ], [ 126.10082, 34.42208 ], [ 126.33499, 34.53999 ], [ 126.34471, 34.40305 ] ] ], [ [ [ 127.88178, 34.92943 ], [ 128.07336, 34.80326 ], [ 128.05913, 34.70061 ], [ 127.85886, 34.72179 ], [ 127.88178, 34.92943 ] ] ], [ [ [ 128.71109, 34.97665 ], [ 128.61246, 34.7011 ], [ 128.48856, 34.85638 ], [ 128.71109, 34.97665 ] ] ], [ [ [ 126.4306, 36.40353 ], [ 126.33707, 36.43638 ], [ 126.344430000000102, 36.58971 ], [ 126.377480000000105, 36.58847 ], [ 126.4306, 36.40353 ] ] ], [ [ [ 126.50139, 37.59444 ], [ 126.37304, 37.62318 ], [ 126.39874, 37.81777 ], [ 126.51665, 37.75847 ], [ 126.50139, 37.59444 ] ] ], [ [ [ 126.68054, 37.68443 ], [ 127.1009600000001, 38.28416 ], [ 128.07996, 38.31194 ], [ 128.36355, 38.62524 ], [ 129.42944, 37.05986 ], [ 129.39203, 36.02282 ], [ 129.58687, 36.00386 ], [ 129.23749, 35.1899 ], [ 128.97858, 35.08499 ], [ 128.57276, 35.16999 ], [ 128.38207, 35.03917 ], [ 128.50137, 35.00833 ], [ 128.40596, 34.83277 ], [ 128.33496, 34.94652 ], [ 127.59707, 34.94013 ], [ 127.6386, 34.81416 ], [ 127.77374, 34.83513 ], [ 127.74581, 34.7254 ], [ 127.6379, 34.61597 ], [ 127.52249, 34.85694 ], [ 127.41832, 34.8186 ], [ 127.51276, 34.59082 ], [ 127.38942, 34.4711 ], [ 127.126220000000103, 34.55138 ], [ 127.33512, 34.74013 ], [ 127.00972, 34.60222 ], [ 126.88942, 34.41249 ], [ 126.78075, 34.58541 ], [ 126.59721, 34.29986 ], [ 126.47831, 34.34527 ], [ 126.29214, 34.74576 ], [ 126.45166, 34.57805 ], [ 126.61428, 34.61951 ], [ 126.4847, 34.72332 ], [ 126.66027, 34.81013 ], [ 126.37556, 34.79138 ], [ 126.4336, 34.96361 ], [ 126.33585, 34.92159 ], [ 126.24873, 35.11347 ], [ 126.45721, 35.06889 ], [ 126.3875, 35.33694 ], [ 126.48922, 35.50611 ], [ 126.68441, 35.53339 ], [ 126.47707, 35.63791 ], [ 126.80109, 35.86166 ], [ 126.63269, 35.96568 ], [ 126.76193, 35.99527 ], [ 126.87202, 36.05625 ], [ 126.68878, 36.00137 ], [ 126.54442, 36.13641 ], [ 126.4972, 36.72388 ], [ 126.34999, 36.7393 ], [ 126.293050000000108, 36.58194 ], [ 126.26606, 36.71121 ], [ 126.12581, 36.70721 ], [ 126.29484, 36.96207 ], [ 126.287, 36.79305 ], [ 126.4011, 36.85194 ], [ 126.34512, 36.99138 ], [ 126.47481, 36.84319 ], [ 126.50081, 37.05125 ], [ 126.77207, 36.96749 ], [ 126.83304, 36.7609 ], [ 126.9922, 36.91082 ], [ 126.75478, 37.04791 ], [ 126.869420000000105, 37.1743 ], [ 126.66096, 37.15901 ], [ 126.66192, 37.25166 ], [ 126.86185, 37.26555 ], [ 126.54929, 37.64506 ], [ 126.5397, 37.76305 ], [ 126.68054, 37.68443 ] ] ] ] } },
{ "type": "Feature", "properties": { "name": "Democratic People's Republic of Korea", "iso3": "PRK" }, "geometry": { "type": "Polygon", "coordinates": [ [ [ 130.69742, 42.29221 ], [ 130.42081, 42.31194 ], [ 129.69787, 41.64568 ], [ 129.66664, 41.47957 ], [ 129.80359, 41.37742 ], [ 129.70204, 40.83069 ], [ 129.21516, 40.6793 ], [ 129.10787, 40.4779 ], [ 128.59802, 40.17416 ], [ 128.00137, 40.03722 ], [ 127.51763, 39.73957 ], [ 127.56018, 39.31114 ], [ 127.45748, 39.42006 ], [ 127.37643, 39.23513 ], [ 128.36273, 38.67686 ], [ 128.22498, 38.38166 ], [ 127.13082, 38.29819 ], [ 126.58235, 37.77201 ], [ 126.3886, 37.88721 ], [ 126.104830000000106, 37.74124 ], [ 125.60526, 38.0261 ], [ 125.72443, 37.91082 ], [ 125.34275, 37.67138 ], [ 125.50972, 37.88555 ], [ 124.9829, 37.93329 ], [ 125.25686, 38.07729 ], [ 124.67005, 38.11951 ], [ 124.86249, 38.22916 ], [ 124.9933, 38.58638 ], [ 125.4472, 38.70055 ], [ 125.65259, 38.62451 ], [ 125.51721, 38.71777 ], [ 125.28324, 38.69707 ], [ 125.140540000000101, 38.79812 ], [ 125.45044, 39.57236 ], [ 125.12025, 39.55874 ], [ 124.74529, 39.77322 ], [ 124.63588, 39.59801 ], [ 124.5616500000001, 39.8 ], [ 124.32395, 39.91589 ], [ 124.55471, 40.24222 ], [ 125.70311, 40.85997 ], [ 126.01179, 40.89694 ], [ 126.51026, 41.38999 ], [ 126.56607, 41.61176 ], [ 126.90471, 41.79222 ], [ 127.27083, 41.47249 ], [ 128.1529, 41.38124 ], [ 128.30025, 41.58284 ], [ 128.05664, 42.00124 ], [ 128.92692, 42.02736 ], [ 129.34927, 42.44624 ], [ 129.69553, 42.43582 ], [ 129.90459, 43.00457 ], [ 130.25142, 42.88794 ], [ 130.24678, 42.71415 ], [ 130.69742, 42.29221 ] ] ] } },
{ "type": "Feature", "properties": { "name": "Montserrat", "iso3": "MSR" }, "geometry": { "type": "Polygon", "coordinates": [ [ [ -62.14723, 16.74916 ], [ -62.23695, 16.71472 ], [ -62.20459, 16.81236 ], [ -62.14723, 16.74916 ] ] ] } },
{ "type": "Feature", "properties": { "name": "Liberia", "iso3": "LBR" }, "geometry": { "type": "Polygon", "coordinates": [ [ [ -8.66056, 7.695 ], [ -8.28667, 7.17847 ], [ -8.30889, 6.85806 ], [ -8.60638, 6.50782 ], [ -7.89778, 6.26194 ], [ -7.75764, 5.94667 ], [ -7.42569, 5.84556 ], [ -7.3684, 5.32569 ], [ -7.58833, 4.90583 ], [ -7.5254, 4.35281 ], [ -8.24215, 4.57083 ], [ -9.14278, 5.05556 ], [ -10.37195, 6.16222 ], [ -10.76417, 6.27111 ], [ -10.84917, 6.46194 ], [ -11.35118, 6.69451 ], [ -11.49233, 6.92709 ], [ -10.60778, 7.7725 ], [ -10.60264, 8.03292 ], [ -10.29757, 8.19903 ], [ -10.26665, 8.48838 ], [ -10.16972, 8.51278 ], [ -9.66986, 8.49069 ], [ -9.48365, 8.34693 ], [ -9.35386, 7.74237 ], [ -9.48516, 7.36199 ], [ -9.32445, 7.4268 ], [ -9.10997, 7.19393 ], [ -8.84445, 7.27173 ], [ -8.66056, 7.695 ] ] ] } },
{ "type": "Feature", "properties": { "name": "Guinea", "iso3": "GIN" }, "geometry": { "type": "Polygon", "coordinates": [ [ [ -11.37306, 12.40777 ], [ -11.49417, 12.17639 ], [ -11.31958, 12.02569 ], [ -10.92889, 12.22444 ], [ -10.65275, 11.89261 ], [ -10.32709, 12.22354 ], [ -9.70195, 12.02916 ], [ -9.31847, 12.26805 ], [ -9.40028, 12.45215 ], [ -9.31168, 12.50469 ], [ -8.94833, 12.35472 ], [ -8.77972, 11.92583 ], [ -8.83167, 11.66166 ], [ -8.36285, 11.37512 ], [ -8.67153, 10.95892 ], [ -8.28972, 11.00778 ], [ -8.27, 10.5025 ], [ -7.94201, 10.24299 ], [ -8.14764, 9.98389 ], [ -8.13194, 9.49694 ], [ -7.87722, 9.35153 ], [ -7.92, 9.20403 ], [ -7.73611, 9.09167 ], [ -7.91417, 9.00292 ], [ -7.95625, 8.80444 ], [ -7.67347, 8.61528 ], [ -7.65337, 8.38384 ], [ -7.94889, 8.50167 ], [ -8.24102, 8.44655 ], [ -8.22889, 8.24028 ], [ -8.02056, 8.17972 ], [ -7.94684, 8.0185 ], [ -8.05339, 8.03282 ], [ -8.21875, 7.545 ], [ -8.66056, 7.695 ], [ -8.84445, 7.27173 ], [ -9.10997, 7.19393 ], [ -9.32445, 7.4268 ], [ -9.48516, 7.36199 ], [ -9.35386, 7.74237 ], [ -9.48365, 8.34693 ], [ -9.63917, 8.47111 ], [ -10.32333, 8.50917 ], [ -10.69584, 8.29861 ], [ -10.50806, 8.71792 ], [ -10.57153, 9.05953 ], [ -10.73965, 9.09139 ], [ -10.65729, 9.30264 ], [ -11.21445, 9.9975 ], [ -12.45611, 9.88833 ], [ -12.79778, 9.29805 ], [ -12.94868, 9.27729 ], [ -13.09319, 9.04722 ], [ -13.29561, 9.03214 ], [ -13.27278, 9.20222 ], [ -13.49313, 9.56008 ], [ -13.67951, 9.54147 ], [ -13.59472, 9.76014 ], [ -13.74736, 9.7609 ], [ -13.68864, 9.95219 ], [ -13.82236, 9.84944 ], [ -14.4575, 10.29361 ], [ -14.53583, 10.50667 ], [ -14.6607, 10.47333 ], [ -14.51653, 10.84278 ], [ -14.69861, 10.64048 ], [ -14.81889, 10.9175 ], [ -14.69042, 11.02889 ], [ -14.86584, 10.96465 ], [ -14.98445, 10.76903 ], [ -15.0732, 10.83986 ], [ -14.67813, 11.51264 ], [ -13.7082, 11.71764 ], [ -13.71407, 12.01618 ], [ -13.96398, 12.15349 ], [ -13.66931, 12.31861 ], [ -13.71314, 12.67722 ], [ -13.05632, 12.6341 ], [ -13.04569, 12.47903 ], [ -12.89625, 12.545 ], [ -12.3454, 12.30175 ], [ -11.37306, 12.40777 ] ] ] } },
{ "type": "Feature", "properties": { "name": "Côte d'Ivoire", "iso3": "CIV" }, "geometry": { "type": "MultiPolygon", "coordinates": [ [ [ [ -3.10227, 5.10954 ], [ -3.10304, 5.08502 ], [ -3.16833, 5.11722 ], [ -3.10227, 5.10954 ] ] ], [ [ [ -5.51985, 10.43627 ], [ -5.4041, 10.29764 ], [ -5.12819, 10.30306 ], [ -4.70444, 9.69806 ], [ -4.31246, 9.59997 ], [ -4.12417, 9.8293 ], [ -3.63708, 9.95444 ], [ -3.20861, 9.90139 ], [ -2.77972, 9.40361 ], [ -2.67472, 9.46597 ], [ -2.7675, 9.06361 ], [ -2.61667, 8.91444 ], [ -2.48778, 8.19778 ], [ -2.77514, 7.94292 ], [ -3.24889, 6.61375 ], [ -3.01361, 5.7075 ], [ -2.76444, 5.57917 ], [ -2.73444, 5.11278 ], [ -3.13611, 5.14222 ], [ -3.14021, 5.3643 ], [ -3.25757, 5.33229 ], [ -3.29799, 5.11917 ], [ -4.00354, 5.25667 ], [ -3.73472, 5.25917 ], [ -3.71472, 5.27847 ], [ -3.77139, 5.37055 ], [ -3.73875, 5.27604 ], [ -4.46806, 5.29556 ], [ -4.8075, 5.17653 ], [ -4.00569, 5.23097 ], [ -4.89389, 5.12861 ], [ -5.02667, 5.21472 ], [ -5.32292, 5.22896 ], [ -5.36049, 5.11847 ], [ -5.0142, 5.12523 ], [ -5.8975, 5.02014 ], [ -7.5254, 4.35281 ], [ -7.58833, 4.90583 ], [ -7.3684, 5.32569 ], [ -7.42569, 5.84556 ], [ -7.75764, 5.94667 ], [ -7.89778, 6.26194 ], [ -8.60638, 6.50782 ], [ -8.30889, 6.85806 ], [ -8.28667, 7.17847 ], [ -8.46975, 7.56132 ], [ -8.18646, 7.57305 ], [ -8.05339, 8.03282 ], [ -7.94684, 8.0185 ], [ -8.02056, 8.17972 ], [ -8.22889, 8.24028 ], [ -8.24102, 8.44655 ], [ -7.94889, 8.50167 ], [ -7.65337, 8.38384 ], [ -7.67347, 8.61528 ], [ -7.95625, 8.80444 ], [ -7.91417, 9.00292 ], [ -7.73611, 9.09167 ], [ -7.92, 9.20403 ], [ -7.87722, 9.35153 ], [ -8.13194, 9.49694 ], [ -8.14764, 9.98389 ], [ -7.63799, 10.44667 ], [ -6.98806, 10.1475 ], [ -6.94083, 10.35375 ], [ -6.65083, 10.36097 ], [ -6.6456, 10.66399 ], [ -6.42191, 10.55167 ], [ -6.41354, 10.68799 ], [ -6.2434, 10.73526 ], [ -6.11139, 10.19778 ], [ -5.7975, 10.42125 ], [ -5.51985, 10.43627 ] ] ] ] } },
{ "type": "Feature", "properties": { "name": "Sierra Leone", "iso3": "SLE" }, "geometry": { "type": "MultiPolygon", "coordinates": [ [ [ [ -12.59111, 7.63444 ], [ -12.55945, 7.42083 ], [ -12.95167, 7.56667 ], [ -12.59111, 7.63444 ] ] ], [ [ [ -10.26665, 8.48838 ], [ -10.29757, 8.19903 ], [ -10.60264, 8.03292 ], [ -10.60778, 7.7725 ], [ -11.49233, 6.92709 ], [ -12.50417, 7.38861 ], [ -12.18431, 7.59104 ], [ -12.46056, 7.55542 ], [ -12.95896, 7.90326 ], [ -12.97434, 8.24777 ], [ -13.13278, 8.195 ], [ -13.285, 8.49757 ], [ -13.0559, 8.36958 ], [ -13.09556, 8.48528 ], [ -12.8975, 8.56778 ], [ -13.17917, 8.53944 ], [ -13.2425, 8.78389 ], [ -13.13222, 8.86194 ], [ -13.29561, 9.03214 ], [ -13.09319, 9.04722 ], [ -12.94868, 9.27729 ], [ -12.79778, 9.29805 ], [ -12.45611, 9.88833 ], [ -11.21445, 9.9975 ], [ -10.65729, 9.30264 ], [ -10.73965, 9.09139 ], [ -10.57153, 9.05953 ], [ -10.50806, 8.71792 ], [ -10.69584, 8.29861 ], [ -10.26665, 8.48838 ] ] ] ] } },
{ "type": "Feature", "properties": { "name": "Zimbabwe", "iso3": "ZWE" }, "geometry": { "type": "Polygon", "coordinates": [ [ [ 30.41576, -15.63187 ], [ 30.42236, -16.00556 ], [ 31.27666, -16.01861 ], [ 31.91118, -16.41271 ], [ 32.98114, -16.70905 ], [ 32.865, -16.91861 ], [ 33.04203, -17.35648 ], [ 32.94611, -17.975 ], [ 33.0716, -18.34972 ], [ 32.88833, -18.53056 ], [ 32.92027, -18.77674 ], [ 32.70417, -18.83306 ], [ 32.69944, -18.94792 ], [ 32.88486, -19.10528 ], [ 32.78541, -19.46708 ], [ 33.05944, -19.78028 ], [ 33.01888, -19.94333 ], [ 32.66583, -20.55722 ], [ 32.50222, -20.59861 ], [ 32.52138, -20.91417 ], [ 32.36055, -21.13556 ], [ 32.48888, -21.34445 ], [ 31.2975, -22.41476 ], [ 30.9043, -22.28931 ], [ 30.30097, -22.34445 ], [ 29.72611, -22.13917 ], [ 29.37362, -22.19241 ], [ 29.07583, -22.03945 ], [ 29.07252, -21.80941 ], [ 28.01583, -21.56611 ], [ 27.68673, -21.07118 ], [ 27.71558, -20.51022 ], [ 27.28745, -20.49496 ], [ 27.21361, -20.08736 ], [ 26.72854, -19.92875 ], [ 26.16937, -19.52986 ], [ 25.95611, -18.91361 ], [ 25.23792, -17.90375 ], [ 25.26443, -17.80225 ], [ 25.68583, -17.80764 ], [ 25.90444, -17.98889 ], [ 26.23, -17.90278 ], [ 26.69858, -18.07492 ], [ 27.0294, -17.96126 ], [ 27.82527, -16.95917 ], [ 28.75264, -16.55591 ], [ 28.92771, -15.97236 ], [ 29.57847, -15.6609 ], [ 30.41576, -15.63187 ] ] ] } },
{ "type": "Feature", "properties": { "name": "Fiji", "iso3": "FJI" }, "geometry": { "type": "MultiPolygon", "coordinates": [ [ [ [ 178.49829, -18.99 ], [ 178.09411, -19.16278 ], [ 177.95218, -19.12958 ], [ 178.30692, -18.93555 ], [ 178.49829, -18.99 ] ] ], [ [ [ 179.3519, -18.12111 ], [ 179.24579, -18.03639 ], [ 179.26999, -17.93583 ], [ 179.35426, -18.01153 ], [ 179.3519, -18.12111 ] ] ], [ [ [ 178.85303, -17.66972 ], [ 178.74775, -17.71972 ], [ 178.79193, -17.62111 ], [ 178.85303, -17.66972 ] ] ], [ [ [ 178.19079, -17.3025 ], [ 178.59468, -17.63944 ], [ 178.6611, -18.08972 ], [ 177.96024, -18.26833 ], [ 177.29913, -18.07861 ], [ 177.25804, -17.87208 ], [ 177.5147, -17.50667 ], [ 178.19079, -17.3025 ] ] ], [ [ [ 179.99998, -16.96574 ], [ 179.88358, -16.96166 ], [ 179.99998, -16.78742 ], [ 179.99998, -16.96574 ] ] ], [ [ [ -179.99332, -16.95528 ], [ -179.99999, -16.78735 ], [ -179.86486, -16.67989 ], [ -179.8211, -16.78109 ], [ -179.99332, -16.95528 ] ] ], [ [ [ 179.95801, -16.1975 ], [ 179.4815, -16.69694 ], [ 179.56413, -16.76084 ], [ 179.93864, -16.46795 ], [ 179.90012, -16.77014 ], [ 179.33191, -16.80222 ], [ 179.27046, -16.69132 ], [ 178.7472, -17.01195 ], [ 178.492170000000101, -16.80445 ], [ 178.9819, -16.46972 ], [ 179.95801, -16.1975 ] ] ] ] } },
{ "type": "Feature", "properties": { "name": "Swaziland", "iso3": "SWZ" }, "geometry": { "type": "Polygon", "coordinates": [ [ [ 31.96851, -25.95784 ], [ 32.10194, -26.15542 ], [ 32.1334, -26.83963 ], [ 32.01559, -26.80708 ], [ 31.98555, -27.31639 ], [ 31.16166, -27.20306 ], [ 30.89944, -26.77195 ], [ 30.82076, -26.81021 ], [ 30.79833, -26.54278 ], [ 31.1268, -25.92111 ], [ 31.42167, -25.72834 ], [ 31.96851, -25.95784 ] ] ] } },
{ "type": "Feature", "properties": { "name": "South Africa", "iso3": "ZAF" }, "geometry": { "type": "Polygon", "coordinates": [ [ [ 31.2975, -22.41476 ], [ 31.55083, -23.47667 ], [ 31.8774, -23.95065 ], [ 32.01611, -24.45945 ], [ 32.0061, -25.61584 ], [ 31.87805, -25.99556 ], [ 31.42167, -25.72834 ], [ 31.1268, -25.92111 ], [ 30.80861, -26.44722 ], [ 30.82076, -26.81021 ], [ 30.89944, -26.77195 ], [ 31.16166, -27.20306 ], [ 31.5175, -27.31306 ], [ 31.98555, -27.31639 ], [ 32.01559, -26.80708 ], [ 32.89043, -26.84714 ], [ 32.86833, -27.0075 ], [ 32.39444, -28.53139 ], [ 31.32583, -29.39083 ], [ 30.00083, -31.30278 ], [ 27.9, -33.04056 ], [ 26.53055, -33.75334 ], [ 25.725, -33.76723 ], [ 25.61305, -33.91445 ], [ 25.70194, -34.03195 ], [ 25.02264, -33.96806 ], [ 24.82472, -34.20167 ], [ 23.6493, -33.98389 ], [ 23.36618, -34.0909 ], [ 22.53916, -34.01118 ], [ 22.1625, -34.08945 ], [ 21.8025, -34.38306 ], [ 20.50444, -34.46473 ], [ 20.0, -34.822 ], [ 19.32041, -34.59528 ], [ 19.27819, -34.40917 ], [ 18.81972, -34.37889 ], [ 18.79903, -34.08889 ], [ 18.48597, -34.09945 ], [ 18.42028, -34.32306 ], [ 18.31055, -34.03556 ], [ 18.44555, -33.91167 ], [ 18.43903, -33.70195 ], [ 17.8475, -32.83083 ], [ 18.28972, -32.62931 ], [ 18.2791, -31.90299 ], [ 17.27791, -30.34229 ], [ 16.81833, -29.09437 ], [ 16.48333, -28.60833 ], [ 16.77667, -28.44167 ], [ 16.91187, -28.0675 ], [ 17.07576, -28.03035 ], [ 17.39805, -28.34222 ], [ 17.4009, -28.7084 ], [ 18.18132, -28.90847 ], [ 18.71916, -28.83653 ], [ 19.14583, -28.955 ], [ 19.56746, -28.52833 ], [ 19.99695, -28.41559 ], [ 20.00094, -24.76541 ], [ 20.39, -25.03695 ], [ 20.81028, -25.88083 ], [ 20.86028, -26.1418 ], [ 20.60972, -26.45444 ], [ 20.64111, -26.82597 ], [ 21.66833, -26.86368 ], [ 22.62481, -26.11156 ], [ 23.01483, -25.29972 ], [ 23.45437, -25.27701 ], [ 23.90195, -25.62486 ], [ 24.68457, -25.82822 ], [ 25.50972, -25.67778 ], [ 25.87139, -24.74444 ], [ 26.44028, -24.60639 ], [ 26.85236, -24.25375 ], [ 27.0052, -23.64375 ], [ 27.52909, -23.37938 ], [ 28.29833, -22.60945 ], [ 28.91784, -22.45495 ], [ 29.0248, -22.22711 ], [ 29.72611, -22.13917 ], [ 30.30097, -22.34445 ], [ 30.9043, -22.28931 ], [ 31.2975, -22.41476 ] ], [ [ 28.68639, -28.59611 ], [ 27.7975, -28.91806 ], [ 27.30055, -29.52584 ], [ 27.01397, -29.62714 ], [ 27.37892, -30.31733 ], [ 27.73736, -30.5966 ], [ 28.07994, -30.65053 ], [ 28.37778, -30.16028 ], [ 29.16653, -29.91542 ], [ 29.17292, -29.66389 ], [ 29.42187, -29.42799 ], [ 29.32694, -29.0875 ], [ 28.68639, -28.59611 ] ] ] } },
{ "type": "Feature", "properties": { "name": "Afghanistan", "iso3": "AFG" }, "geometry": { "type": "Polygon", "coordinates": [ [ [ 74.91574, 37.23733 ], [ 74.52783, 37.2408 ], [ 74.39089, 37.17 ], [ 74.55484, 36.96506 ], [ 74.06219, 36.82135 ], [ 73.66831, 36.90964 ], [ 72.5786, 36.82543 ], [ 71.61987, 36.45271 ], [ 71.18971, 36.05211 ], [ 71.44275, 35.86693 ], [ 71.64832, 35.42818 ], [ 71.4938, 34.9577 ], [ 70.98228, 34.53791 ], [ 71.15491, 34.35562 ], [ 71.08117, 34.05617 ], [ 70.55832, 33.94443 ], [ 69.90096, 34.02916 ], [ 70.32478, 33.3327 ], [ 70.02887, 33.13583 ], [ 69.50708, 33.03611 ], [ 69.4561, 32.67423 ], [ 69.2479, 32.4411 ], [ 69.32825, 31.94036 ], [ 68.82777, 31.60583 ], [ 68.5761, 31.82347 ], [ 68.4463, 31.78017 ], [ 68.53457, 31.7268 ], [ 68.16363, 31.82934 ], [ 67.96874, 31.63388 ], [ 67.58138, 31.52927 ], [ 67.79055, 31.34341 ], [ 67.38472, 31.21527 ], [ 66.96555, 31.32 ], [ 66.72158, 31.20735 ], [ 66.57902, 30.98666 ], [ 66.40026, 30.94347 ], [ 66.24067, 30.06534 ], [ 66.36206, 29.95979 ], [ 66.25665, 29.85194 ], [ 64.05914, 29.41444 ], [ 63.58721, 29.50389 ], [ 62.48444, 29.40611 ], [ 60.8663, 29.86366 ], [ 61.75833, 30.79028 ], [ 61.85013, 31.02388 ], [ 61.71361, 31.38333 ], [ 60.84881, 31.49611 ], [ 60.85833, 32.22596 ], [ 60.5825, 33.0661 ], [ 60.93888, 33.51704 ], [ 60.53082, 33.63999 ], [ 60.50444, 34.12221 ], [ 60.67513, 34.31402 ], [ 60.87887, 34.31972 ], [ 60.72388, 34.52791 ], [ 61.0511, 34.78944 ], [ 61.10583, 35.2818 ], [ 61.29638, 35.62853 ], [ 61.59583, 35.44415 ], [ 62.0427, 35.44124 ], [ 62.31212, 35.14599 ], [ 62.46954, 35.28756 ], [ 62.72707, 35.25763 ], [ 63.10735, 35.45694 ], [ 63.1231, 35.86279 ], [ 64.46638, 36.25138 ], [ 64.79373, 37.12152 ], [ 65.56304, 37.26131 ], [ 65.69755, 37.53256 ], [ 66.28748, 37.32652 ], [ 67.01291, 37.37971 ], [ 67.2461, 37.18499 ], [ 67.72581, 37.22887 ], [ 68.00139, 36.9361 ], [ 68.89111, 37.33846 ], [ 69.28665, 37.10416 ], [ 69.52221, 37.58235 ], [ 70.15582, 37.53623 ], [ 70.28609, 37.6997 ], [ 70.16254, 37.92895 ], [ 70.71138, 38.40987 ], [ 70.96013, 38.47198 ], [ 71.36193, 38.24794 ], [ 71.25214, 37.92794 ], [ 71.58485, 37.91174 ], [ 71.43081, 37.06694 ], [ 71.6772, 36.67601 ], [ 72.66246, 37.02535 ], [ 72.79977, 37.22922 ], [ 73.29929, 37.46039 ], [ 73.77632, 37.43286 ], [ 73.6206, 37.26352 ], [ 73.73858, 37.22165 ], [ 74.25415, 37.4094 ], [ 74.66957, 37.39212 ], [ 74.91574, 37.23733 ] ] ] } },
{ "type": "Feature", "properties": { "name": "Djibouti", "iso3": "DJI" }, "geometry": { "type": "Polygon", "coordinates": [ [ [ 43.24922, 11.46953 ], [ 42.89097, 10.98208 ], [ 42.64041, 11.09708 ], [ 42.01972, 10.94472 ], [ 41.78972, 11.00805 ], [ 41.82902, 11.74097 ], [ 42.45611, 12.52917 ], [ 42.69861, 12.36389 ], [ 43.12138, 12.70833 ], [ 43.32749, 12.47673 ], [ 43.3709, 11.99326 ], [ 42.50861, 11.56722 ], [ 42.62389, 11.46667 ], [ 43.15722, 11.57083 ], [ 43.24922, 11.46953 ] ] ] } },
{ "type": "Feature", "properties": { "name": "Iraq", "iso3": "IRQ" }, "geometry": { "type": "Polygon", "coordinates": [ [ [ 44.64222, 37.18846 ], [ 44.90312, 37.03048 ], [ 44.85304, 36.79458 ], [ 45.06541, 36.68305 ], [ 45.08652, 36.4352 ], [ 45.27916, 36.3811 ], [ 45.41388, 35.99542 ], [ 45.75713, 35.81735 ], [ 46.3452, 35.81419 ], [ 45.97999, 35.58472 ], [ 46.16601, 35.10852 ], [ 45.87777, 35.03249 ], [ 45.65166, 34.7352 ], [ 45.71467, 34.55761 ], [ 45.43863, 34.45784 ], [ 45.58417, 34.30127 ], [ 45.40361, 33.9752 ], [ 45.75169, 33.59502 ], [ 45.89888, 33.63305 ], [ 45.87422, 33.49979 ], [ 46.17715, 33.26479 ], [ 46.10641, 32.97106 ], [ 46.45083, 32.92527 ], [ 47.43791, 32.38555 ], [ 47.86444, 31.79861 ], [ 47.69721, 31.40777 ], [ 47.69388, 31.00111 ], [ 48.03666, 30.99611 ], [ 48.03249, 30.49138 ], [ 48.56069, 29.93916 ], [ 47.72346, 30.08416 ], [ 47.2043, 30.03333 ], [ 46.69038, 29.23034 ], [ 46.42667, 29.06166 ], [ 44.72166, 29.19833 ], [ 42.085, 31.11166 ], [ 40.41333, 31.94833 ], [ 39.19674, 32.15494 ], [ 39.30111, 32.23638 ], [ 39.26, 32.35554 ], [ 39.04365, 32.30405 ], [ 38.98602, 32.47766 ], [ 39.08601, 32.50151 ], [ 38.7947, 33.37759 ], [ 41.00388, 34.41943 ], [ 41.22485, 34.7829 ], [ 41.21527, 35.22471 ], [ 41.38402, 35.63097 ], [ 41.25499, 36.05499 ], [ 41.40305, 36.52555 ], [ 41.83527, 36.59888 ], [ 42.7868, 37.38367 ], [ 43.62305, 37.23 ], [ 44.11888, 37.31569 ], [ 44.26215, 37.23652 ], [ 44.19597, 37.09638 ], [ 44.31916, 36.97124 ], [ 44.64222, 37.18846 ] ] ] } },
{ "type": "Feature", "properties": { "name": "Botswana", "iso3": "BWA" }, "geometry": { "type": "Polygon", "coordinates": [ [ [ 25.26443, -17.80225 ], [ 25.31743, -18.07493 ], [ 25.97667, -18.95278 ], [ 26.16937, -19.52986 ], [ 26.72854, -19.92875 ], [ 27.21361, -20.08736 ], [ 27.28745, -20.49496 ], [ 27.71558, -20.51022 ], [ 27.68673, -21.07118 ], [ 28.01583, -21.56611 ], [ 29.07252, -21.80941 ], [ 29.07583, -22.03945 ], [ 29.37362, -22.19241 ], [ 29.0248, -22.22711 ], [ 28.91784, -22.45495 ], [ 28.29833, -22.60945 ], [ 27.52909, -23.37938 ], [ 27.0052, -23.64375 ], [ 26.85236, -24.25375 ], [ 26.41104, -24.62827 ], [ 25.87139, -24.74444 ], [ 25.67139, -25.47028 ], [ 25.41417, -25.73334 ], [ 24.64889, -25.82264 ], [ 23.90195, -25.62486 ], [ 23.45437, -25.27701 ], [ 23.01483, -25.29972 ], [ 22.70715, -26.00361 ], [ 22.05673, -26.62445 ], [ 21.76975, -26.68396 ], [ 21.66833, -26.86368 ], [ 20.70389, -26.87556 ], [ 20.60972, -26.45444 ], [ 20.86028, -26.1418 ], [ 20.81028, -25.88083 ], [ 20.39, -25.03695 ], [ 20.00094, -24.76541 ], [ 19.99666, -22.005 ], [ 20.99194, -21.99695 ], [ 20.99329, -18.31842 ], [ 23.29711, -17.99595 ], [ 23.61326, -18.48516 ], [ 24.36306, -17.94917 ], [ 24.56632, -18.05424 ], [ 24.83277, -17.83771 ], [ 25.26443, -17.80225 ] ] ] } },
{ "type": "Feature", "properties": { "name": "Namibia", "iso3": "NAM" }, "geometry": { "type": "Polygon", "coordinates": [ [ [ 20.85416, -18.01639 ], [ 24.66389, -17.49361 ], [ 24.97, -17.55972 ], [ 25.26443, -17.80225 ], [ 24.83277, -17.83771 ], [ 24.56632, -18.05424 ], [ 24.36306, -17.94917 ], [ 23.61326, -18.48516 ], [ 23.29711, -17.99595 ], [ 20.99329, -18.31842 ], [ 20.99194, -21.99695 ], [ 19.99666, -22.005 ], [ 19.99695, -28.41559 ], [ 19.56746, -28.52833 ], [ 19.14583, -28.955 ], [ 18.71916, -28.83653 ], [ 18.18132, -28.90847 ], [ 17.4009, -28.7084 ], [ 17.39805, -28.34222 ], [ 17.07576, -28.03035 ], [ 16.88694, -28.09236 ], [ 16.71951, -28.49903 ], [ 16.39333, -28.59111 ], [ 15.53104, -27.73042 ], [ 15.095, -26.73528 ], [ 15.13111, -26.47861 ], [ 14.95916, -26.30806 ], [ 14.85667, -25.05889 ], [ 14.46264, -24.10334 ], [ 14.41055, -22.96722 ], [ 14.535, -22.8816 ], [ 14.51139, -22.55278 ], [ 13.40389, -20.86236 ], [ 13.175, -20.18084 ], [ 12.46083, -18.92806 ], [ 11.80722, -18.08625 ], [ 11.75278, -17.25483 ], [ 12.08778, -17.13653 ], [ 12.55722, -17.24333 ], [ 13.14917, -16.95417 ], [ 13.47208, -17.01083 ], [ 13.99322, -17.42395 ], [ 18.45154, -17.38984 ], [ 18.91944, -17.81639 ], [ 20.32132, -17.85722 ], [ 20.85416, -18.01639 ] ] ] } },
{ "type": "Feature", "properties": { "name": "Singapore", "iso3": "SGP" }, "geometry": { "type": "Polygon", "coordinates": [ [ [ 103.95997, 1.32083 ], [ 103.84192, 1.25903 ], [ 103.64095, 1.31833 ], [ 103.8172, 1.44528 ], [ 103.95997, 1.32083 ] ] ] } },
{ "type": "Feature", "properties": { "name": "Indonesia", "iso3": "IDN" }, "geometry": { "type": "MultiPolygon", "coordinates": [ [ [ [ 123.39444, -10.68417 ], [ 122.84886, -10.92965 ], [ 122.80928, -10.78778 ], [ 123.39096, -10.43806 ], [ 123.39444, -10.68417 ] ] ], [ [ [ 121.97901, -10.53778 ], [ 121.69358, -10.5625 ], [ 121.99027, -10.43764 ], [ 121.97901, -10.53778 ] ] ], [ [ [ 123.40734, -10.33937 ], [ 123.3097, -10.27597 ], [ 123.4495, -10.13965 ], [ 123.50672, -10.18042 ], [ 123.40734, -10.33937 ] ] ], [ [ [ 119.93984, -9.28965 ], [ 120.81429, -9.98528 ], [ 120.72436, -10.19958 ], [ 120.16235, -10.23042 ], [ 119.62983, -9.77222 ], [ 119.12025, -9.72666 ], [ 118.93324, -9.55944 ], [ 119.28215, -9.36028 ], [ 119.80595, -9.38778 ], [ 119.93984, -9.28965 ] ] ], [ [ [ 125.12941, -9.43529 ], [ 124.43526, -10.16278 ], [ 124.10513, -10.185 ], [ 123.81166, -10.37583 ], [ 123.48832, -10.31639 ], [ 123.7622, -10.07889 ], [ 123.57527, -10.02833 ], [ 123.6636, -9.64556 ], [ 123.97735, -9.35694 ], [ 124.3404, -9.46166 ], [ 124.4628, -9.18441 ], [ 124.9519, -8.95013 ], [ 125.1597, -9.0681 ], [ 124.9663, -9.22131 ], [ 125.12941, -9.43529 ] ] ], [ [ [ 115.59832, -8.8009 ], [ 115.46972, -8.73208 ], [ 115.51041, -8.67139 ], [ 115.60283, -8.70271 ], [ 115.59832, -8.8009 ] ] ], [ [ [ 119.71999, -8.68695 ], [ 119.60963, -8.77667 ], [ 119.63306, -8.6008 ], [ 119.71999, -8.68695 ] ] ], [ [ [ 123.17429, -8.43889 ], [ 122.88443, -8.58333 ], [ 122.98804, -8.45667 ], [ 123.17429, -8.43889 ] ] ], [ [ [ 119.46165, -8.44028 ], [ 119.58526, -8.56 ], [ 119.456100000000106, -8.60305 ], [ 119.45144, -8.75326 ], [ 119.37457, -8.72222 ], [ 119.46165, -8.44028 ] ] ], [ [ [ 123.2811, -8.40583 ], [ 123.01755, -8.41 ], [ 123.01679, -8.37528 ], [ 123.21749, -8.23361 ], [ 123.34117, -8.26639 ], [ 123.2811, -8.40583 ] ] ], [ [ [ 116.7349, -8.36548 ], [ 116.58283, -8.89618 ], [ 116.25943, -8.92333 ], [ 115.84415, -8.76347 ], [ 116.073040000000105, -8.73111 ], [ 116.10248, -8.40639 ], [ 116.37665, -8.20597 ], [ 116.7349, -8.36548 ] ] ], [ [ [ 123.93248, -8.23549 ], [ 123.5361, -8.56694 ], [ 123.21901, -8.53201 ], [ 123.46989, -8.35511 ], [ 123.40248, -8.275 ], [ 123.54972, -8.24778 ], [ 123.58221, -8.37806 ], [ 123.78762, -8.18472 ], [ 123.93248, -8.23549 ] ] ], [ [ [ 124.27249, -8.18097 ], [ 124.11526, -8.55556 ], [ 123.90686, -8.44604 ], [ 124.27249, -8.18097 ] ] ], [ [ [ 129.0154, -8.26681 ], [ 128.92499, -8.26264 ], [ 128.83058, -8.20215 ], [ 128.969700000000103, -8.18389 ], [ 129.0154, -8.26681 ] ] ], [ [ [ 138.88525, -8.4125 ], [ 138.57762, -8.37597 ], [ 138.5447, -8.33306 ], [ 138.81906, -8.15833 ], [ 138.88525, -8.4125 ] ] ], [ [ [ 117.54318, -8.38917 ], [ 117.48137, -8.19139 ], [ 117.67957, -8.15917 ], [ 117.69137, -8.18375 ], [ 117.54318, -8.38917 ] ] ], [ [ [ 119.13694, -8.19222 ], [ 119.01485, -8.20306 ], [ 119.07513, -8.13389 ], [ 119.13694, -8.19222 ] ] ], [ [ [ 124.39818, -8.22542 ], [ 125.0875, -8.15542 ], [ 125.1397, -8.32569 ], [ 124.35915, -8.46 ], [ 124.39818, -8.22542 ] ] ], [ [ [ 127.80248, -8.18597 ], [ 128.10052, -8.13861 ], [ 128.12773, -8.16861 ], [ 128.02527, -8.2675 ], [ 127.80248, -8.18597 ] ] ], [ [ [ 130.80414, -8.35222 ], [ 131.01352, -8.09028 ], [ 131.17831, -8.13125 ], [ 130.95941, -8.23694 ], [ 130.80414, -8.35222 ] ] ], [ [ [ 118.25527, -8.34583 ], [ 118.65172, -8.29792 ], [ 118.66474, -8.54528 ], [ 118.77332, -8.31319 ], [ 118.99992, -8.31576 ], [ 119.03804, -8.63139 ], [ 119.17692, -8.72264 ], [ 118.75088, -8.71521 ], [ 118.94318, -8.84104 ], [ 118.45721, -8.87194 ], [ 118.40512, -8.58958 ], [ 118.14874, -8.87264 ], [ 117.04776, -9.11076 ], [ 116.7525, -9.01167 ], [ 116.80331, -8.59132 ], [ 117.15027, -8.36847 ], [ 117.56352, -8.41222 ], [ 117.96637, -8.74861 ], [ 118.27998, -8.58833 ], [ 117.82874, -8.36986 ], [ 117.7372, -8.15215 ], [ 118.09693, -8.10868 ], [ 118.25527, -8.34583 ] ] ], [ [ [ 122.9797, -8.14736 ], [ 123.02318, -8.32472 ], [ 122.80005, -8.43944 ], [ 122.83778, -8.59818 ], [ 121.76492, -8.89104 ], [ 121.38637, -8.79986 ], [ 121.31831, -8.92444 ], [ 121.01639, -8.94972 ], [ 120.53804, -8.79333 ], [ 119.89388, -8.85028 ], [ 119.79623, -8.72034 ], [ 119.90971, -8.46417 ], [ 120.52249, -8.25722 ], [ 121.5136, -8.60667 ], [ 121.63721, -8.475 ], [ 122.03943, -8.44361 ], [ 122.2883, -8.64445 ], [ 122.89095, -8.28479 ], [ 122.946510000000103, -8.20535 ], [ 122.7418100000001, -8.22583 ], [ 122.80026, -8.11083 ], [ 122.9797, -8.14736 ] ] ], [ [ [ 115.19568, -8.05806 ], [ 115.70984, -8.40444 ], [ 115.13596, -8.85458 ], [ 115.16194, -8.67824 ], [ 114.60928, -8.39569 ], [ 114.449840000000108, -8.10229 ], [ 114.99402, -8.18639 ], [ 115.19568, -8.05806 ] ] ], [ [ [ 129.76721, -8.06042 ], [ 129.58414, -7.90778 ], [ 129.6069, -7.80389 ], [ 129.84253, -7.84125 ], [ 129.76721, -8.06042 ] ] ], [ [ [ 126.61846, -7.565 ], [ 126.79055, -7.74972 ], [ 126.41832, -7.93222 ], [ 126.0619200000001, -7.88611 ], [ 125.77222, -8.00625 ], [ 125.97221, -7.65861 ], [ 126.1858, -7.72139 ], [ 126.61846, -7.565 ] ] ], [ [ [ 127.48859, -7.54917 ], [ 127.34527, -7.63111 ], [ 127.38734, -7.5025 ], [ 127.48859, -7.54917 ] ] ], [ [ [ 131.13443, -7.46361 ], [ 130.99997, -7.42847 ], [ 131.17726, -7.41187 ], [ 131.13443, -7.46361 ] ] ], [ [ [ 138.8819, -8.03611 ], [ 138.2997, -8.42639 ], [ 137.63094, -8.41083 ], [ 138.048860000000104, -7.59208 ], [ 138.76137, -7.37056 ], [ 139.03665, -7.61389 ], [ 138.9133, -7.87861 ], [ 138.8819, -8.03611 ] ] ], [ [ [ 120.81463, -7.25979 ], [ 121.06304, -7.30208 ], [ 120.79109, -7.27542 ], [ 120.81463, -7.25979 ] ] ], [ [ [ 131.74002, -7.20882 ], [ 131.64046, -7.25181 ], [ 131.6301, -7.62917 ], [ 131.32927, -8.01431 ], [ 131.10856, -7.99847 ], [ 131.23705, -7.49097 ], [ 131.53533, -7.14819 ], [ 131.74002, -7.20882 ] ] ], [ [ [ 131.92719, -7.10694 ], [ 131.96219, -7.25445 ], [ 131.72817, -7.15556 ], [ 131.75055, -7.11646 ], [ 131.92719, -7.10694 ] ] ], [ [ [ 128.65483, -7.20833 ], [ 128.53921, -7.16375 ], [ 128.52955, -7.12792 ], [ 128.69872, -7.1084 ], [ 128.65483, -7.20833 ] ] ], [ [ [ 114.37025, -7.06611 ], [ 114.32624, -7.16472 ], [ 114.29263, -7.08514 ], [ 114.37025, -7.06611 ] ] ], [ [ [ 120.63778, -7.12208 ], [ 120.77554, -7.06028 ], [ 120.7697, -7.13417 ], [ 120.63778, -7.12208 ] ] ], [ [ [ 113.9913600000001, -6.88028 ], [ 114.12796, -6.97326 ], [ 113.50388, -7.22528 ], [ 112.69413, -7.0925 ], [ 112.92165, -6.89333 ], [ 113.9913600000001, -6.88028 ] ] ], [ [ [ 115.21111, -6.90972 ], [ 115.46193, -6.85056 ], [ 115.57048, -6.92111 ], [ 115.29553, -7.00826 ], [ 115.21111, -6.90972 ] ] ], [ [ [ 138.6283, -6.72583 ], [ 138.73856, -6.76806 ], [ 138.78581, -6.83771 ], [ 138.68524, -6.85722 ], [ 138.6283, -6.72583 ] ] ], [ [ [ 134.708, -6.58972 ], [ 134.72162, -6.69056 ], [ 134.6465, -6.76986 ], [ 134.62634, -6.71556 ], [ 134.708, -6.58972 ] ] ], [ [ [ 105.26138, -6.6125 ], [ 105.11442, -6.6109 ], [ 105.25436, -6.52875 ], [ 105.26138, -6.6125 ] ] ], [ [ [ 134.83322, -6.46972 ], [ 134.788730000000101, -6.39028 ], [ 134.85454, -6.28944 ], [ 134.88888, -6.32903 ], [ 134.83322, -6.46972 ] ] ], [ [ [ 134.60412, -6.42472 ], [ 134.52777, -6.53 ], [ 134.45566, -6.42756 ], [ 134.34552, -6.35972 ], [ 134.44788, -6.28479 ], [ 134.60412, -6.42472 ] ] ], [ [ [ 134.20054, -6.92083 ], [ 134.0515, -6.77764 ], [ 134.12094, -6.17035 ], [ 134.51573, -6.5925 ], [ 134.20054, -6.92083 ] ] ], [ [ [ 134.13038, -6.15125 ], [ 134.22294, -6.03042 ], [ 134.23176, -6.14097 ], [ 134.404, -6.28167 ], [ 134.13038, -6.15125 ] ] ], [ [ [ 134.67358, -6.33861 ], [ 134.33455, -6.22472 ], [ 134.29276, -6.04889 ], [ 134.6423, -5.94965 ], [ 134.77027, -6.10347 ], [ 134.67358, -6.33861 ] ] ], [ [ [ 106.16331, -6.01417 ], [ 106.26429, -5.94056 ], [ 106.98359, -6.08389 ], [ 107.03859, -5.91611 ], [ 107.33194, -5.96167 ], [ 107.65055, -6.25 ], [ 108.12526, -6.34389 ], [ 108.31318, -6.26167 ], [ 108.73761, -6.81542 ], [ 110.3936, -6.97903 ], [ 110.72984, -6.45917 ], [ 110.92735, -6.41118 ], [ 111.14874, -6.69729 ], [ 111.49122, -6.63007 ], [ 112.09444, -6.91167 ], [ 112.56026, -6.91222 ], [ 112.60478, -7.20021 ], [ 112.81331, -7.25167 ], [ 112.8479, -7.60069 ], [ 113.29914, -7.79215 ], [ 114.03804, -7.61194 ], [ 114.448310000000106, -7.80056 ], [ 114.37262, -8.52347 ], [ 114.62165, -8.74389 ], [ 113.72137, -8.53111 ], [ 113.23276, -8.28111 ], [ 112.64666, -8.43417 ], [ 111.78701, -8.2607 ], [ 111.6511, -8.3625 ], [ 110.71804, -8.19722 ], [ 109.28971, -7.69944 ], [ 108.87997, -7.64111 ], [ 108.46054, -7.8075 ], [ 108.16304, -7.78306 ], [ 107.46886, -7.50458 ], [ 106.42331, -7.37139 ], [ 106.5068, -6.97833 ], [ 106.00055, -6.82861 ], [ 105.54887, -6.87361 ], [ 105.24331, -6.81028 ], [ 105.31861, -6.7225 ], [ 105.48235, -6.81778 ], [ 105.6372, -6.46778 ], [ 105.80109, -6.46722 ], [ 106.01332, -5.9025 ], [ 106.16331, -6.01417 ] ] ], [ [ [ 120.56137, -6.02792 ], [ 120.47991, -6.48222 ], [ 120.487350000000106, -5.76958 ], [ 120.56137, -6.02792 ] ] ], [ [ [ 112.72158, -5.74139 ], [ 112.590330000000108, -5.84507 ], [ 112.63749, -5.73847 ], [ 112.72158, -5.74139 ] ] ], [ [ [ 132.77484, -5.93583 ], [ 132.66666, -5.91 ], [ 132.63498, -5.61611 ], [ 132.80441, -5.7975 ], [ 132.77484, -5.93583 ] ] ], [ [ [ 134.56906, -5.42938 ], [ 134.69275, -5.53028 ], [ 134.73024, -5.97708 ], [ 134.63022, -5.93486 ], [ 134.30234, -6.02278 ], [ 134.38097, -5.80674 ], [ 134.2091, -5.70403 ], [ 134.359920000000102, -5.70611 ], [ 134.56906, -5.42938 ] ] ], [ [ [ 133.11191, -5.59167 ], [ 132.83954, -6.00028 ], [ 133.17094, -5.29694 ], [ 133.11191, -5.59167 ] ] ], [ [ [ 102.38665, -5.48417 ], [ 102.25694, -5.45444 ], [ 102.09984, -5.33514 ], [ 102.38081, -5.3725 ], [ 102.38665, -5.48417 ] ] ], [ [ [ 123.6272, -5.2825 ], [ 123.56566, -5.36847 ], [ 123.52319, -5.25056 ], [ 123.6272, -5.2825 ] ] ], [ [ [ 122.01972, -5.47347 ], [ 121.80831, -5.26917 ], [ 121.91067, -5.05931 ], [ 122.05998, -5.23194 ], [ 122.01972, -5.47347 ] ] ], [ [ [ 122.73353, -4.64333 ], [ 122.775400000000104, -4.95556 ], [ 122.60019, -5.16847 ], [ 122.60277, -5.42271 ], [ 122.2847, -5.38174 ], [ 122.37422, -4.7559 ], [ 122.73353, -4.64333 ] ] ], [ [ [ 123.08006, -4.38826 ], [ 123.204120000000103, -4.84122 ], [ 123.1354, -4.70958 ], [ 123.04553, -4.7575 ], [ 122.97972, -5.10722 ], [ 123.21464, -5.29368 ], [ 122.87525, -5.46431 ], [ 122.82909, -5.6766 ], [ 122.65544, -5.68503 ], [ 122.5686, -5.50694 ], [ 122.7811, -5.12972 ], [ 122.91429, -4.47167 ], [ 123.08006, -4.38826 ] ] ], [ [ [ 133.41803, -4.16972 ], [ 133.61551, -4.30056 ], [ 133.31692, -4.10375 ], [ 133.41803, -4.16972 ] ] ], [ [ [ 122.95499, -4.08944 ], [ 123.25665, -4.07361 ], [ 123.14623, -4.24271 ], [ 122.95499, -4.08944 ] ] ], [ [ [ 128.52276, -3.61694 ], [ 128.40277, -3.64083 ], [ 128.38588, -3.6384 ], [ 128.44058, -3.51996 ], [ 128.52276, -3.61694 ] ] ], [ [ [ 128.33496, -3.62583 ], [ 128.11774, -3.77694 ], [ 128.21337, -3.6491 ], [ 127.91832, -3.74083 ], [ 128.27609, -3.51153 ], [ 128.33496, -3.62583 ] ] ], [ [ [ 128.62689, -3.62347 ], [ 128.70636, -3.50194 ], [ 128.72314, -3.61632 ], [ 128.62689, -3.62347 ] ] ], [ [ [ 116.39026, -3.63278 ], [ 116.31694, -3.54097 ], [ 116.41789, -3.37882 ], [ 116.42943, -3.43917 ], [ 116.39026, -3.63278 ] ] ], [ [ [ 127.632750000000101, -3.36528 ], [ 127.52069, -3.33278 ], [ 127.48109, -3.29333 ], [ 127.56972, -3.26389 ], [ 127.632750000000101, -3.36528 ] ] ], [ [ [ 116.11832, -4.03611 ], [ 116.00862, -3.64917 ], [ 116.26012, -3.22444 ], [ 116.30532, -3.90722 ], [ 116.11832, -4.03611 ] ] ], [ [ [ 127.75596, -3.15306 ], [ 127.67303, -3.25375 ], [ 127.63833, -3.22458 ], [ 127.75596, -3.15306 ] ] ], [ [ [ 126.99387, -3.145 ], [ 127.096230000000105, -3.37021 ], [ 127.260540000000105, -3.3775 ], [ 127.23665, -3.6175 ], [ 126.69303, -3.83493 ], [ 126.2422, -3.61556 ], [ 126.01721, -3.35125 ], [ 126.09555, -3.10319 ], [ 126.99387, -3.145 ] ] ], [ [ [ 106.89152, -3.02347 ], [ 106.72387, -2.96757 ], [ 106.74248, -2.92264 ], [ 106.90735, -2.93528 ], [ 106.89152, -3.02347 ] ] ], [ [ [ 129.52664, -2.78361 ], [ 130.37607, -2.98861 ], [ 130.58906, -3.14035 ], [ 130.87398, -3.59299 ], [ 130.82995, -3.87278 ], [ 129.88858, -3.33444 ], [ 129.51609, -3.2975 ], [ 129.51782, -3.46993 ], [ 128.96829, -3.35361 ], [ 128.88267, -3.20938 ], [ 128.47038, -3.46069 ], [ 128.18186, -3.0741 ], [ 127.90914, -3.54472 ], [ 127.85609, -3.18667 ], [ 128.17192, -2.85694 ], [ 128.9133, -2.85833 ], [ 129.133020000000101, -2.96326 ], [ 129.52664, -2.78361 ] ] ], [ [ [ 100.46144, -3.13361 ], [ 100.37998, -3.15167 ], [ 100.45943, -3.33389 ], [ 100.18012, -2.79694 ], [ 100.46144, -3.13361 ] ] ], [ [ [ 107.83277, -2.535 ], [ 108.26305, -2.75139 ], [ 108.07739, -3.22736 ], [ 107.86971, -3.05181 ], [ 107.61213, -3.21208 ], [ 107.64972, -2.58583 ], [ 107.83277, -2.535 ] ] ], [ [ [ 100.20638, -2.69194 ], [ 100.00875, -2.82917 ], [ 99.98443, -2.48986 ], [ 100.20638, -2.69194 ] ] ], [ [ [ 99.85902, -2.36806 ], [ 99.5686, -2.22014 ], [ 99.57263, -2.02639 ], [ 99.68498, -2.06875 ], [ 99.85902, -2.36806 ] ] ], [ [ [ 126.06956, -2.47493 ], [ 125.89582, -2.21569 ], [ 125.92083, -1.97153 ], [ 126.00027, -2.01611 ], [ 126.06956, -2.47493 ] ] ], [ [ [ 125.34011, -1.87069 ], [ 125.98858, -1.78889 ], [ 126.34888, -1.81986 ], [ 125.46666, -1.94 ], [ 125.34011, -1.87069 ] ] ], [ [ [ 130.43567, -1.97472 ], [ 129.91193, -2.00389 ], [ 129.71794, -1.88819 ], [ 130.35056, -1.6802 ], [ 130.43567, -1.97472 ] ] ], [ [ [ 124.39513, -1.66285 ], [ 125.29074, -1.73326 ], [ 125.319980000000101, -1.88743 ], [ 124.40533, -2.01611 ], [ 124.32832, -1.8825 ], [ 124.39513, -1.66285 ] ] ], [ [ [ 135.42122, -1.60882 ], [ 136.90066, -1.79618 ], [ 136.21884, -1.87444 ], [ 135.42122, -1.60882 ] ] ], [ [ [ 108.94664, -1.63326 ], [ 108.80456, -1.56458 ], [ 108.93221, -1.54583 ], [ 108.94664, -1.63326 ] ] ], [ [ [ 105.91069, -1.49556 ], [ 106.31525, -2.43208 ], [ 106.78167, -2.59194 ], [ 106.60137, -2.92264 ], [ 106.71776, -3.09833 ], [ 105.97262, -2.81486 ], [ 105.74735, -2.1316 ], [ 105.12275, -2.02653 ], [ 105.39874, -1.795 ], [ 105.34512, -1.65611 ], [ 105.57665, -1.52875 ], [ 105.8097, -1.79236 ], [ 105.70915, -1.5475 ], [ 105.91069, -1.49556 ] ] ], [ [ [ 127.62858, -1.33042 ], [ 128.1383, -1.68722 ], [ 127.54414, -1.74222 ], [ 127.37831, -1.63389 ], [ 127.42499, -1.44083 ], [ 127.62858, -1.33042 ] ] ], [ [ [ 127.6147, -1.25778 ], [ 127.49552, -1.26889 ], [ 127.45693, -1.23208 ], [ 127.547060000000101, -1.17167 ], [ 127.6147, -1.25778 ] ] ], [ [ [ 123.18387, -1.14681 ], [ 123.23056, -1.39889 ], [ 123.45526, -1.23667 ], [ 123.53235, -1.43222 ], [ 123.41041, -1.52264 ], [ 123.29776, -1.41889 ], [ 123.16401, -1.62306 ], [ 123.12915, -1.33111 ], [ 122.85971, -1.57917 ], [ 122.89444, -1.19042 ], [ 123.18387, -1.14681 ] ] ], [ [ [ 129.93136, -1.21028 ], [ 129.83273, -1.24236 ], [ 129.74149, -1.21097 ], [ 129.869690000000105, -1.14306 ], [ 129.93136, -1.21028 ] ] ], [ [ [ 109.62379, -0.98484 ], [ 109.77582, -1.14236 ], [ 109.46721, -1.29694 ], [ 109.44942, -1.04056 ], [ 109.62379, -0.98484 ] ] ], [ [ [ 134.92249, -1.13806 ], [ 134.80108, -1.04069 ], [ 134.84094, -0.94333 ], [ 134.99231, -1.0259 ], [ 134.92249, -1.13806 ] ] ], [ [ [ 98.92916, -0.95028 ], [ 99.27832, -1.61986 ], [ 99.24916, -1.77361 ], [ 98.87623, -1.67694 ], [ 98.60304, -1.22306 ], [ 98.65749, -0.97111 ], [ 98.92916, -0.95028 ] ] ], [ [ [ 130.89936, -0.89144 ], [ 131.07467, -0.97278 ], [ 130.96136, -1.35694 ], [ 130.6393, -0.98694 ], [ 130.89936, -0.89144 ] ] ], [ [ [ 130.91713, -0.79097 ], [ 130.79636, -0.87639 ], [ 130.39763, -0.92389 ], [ 130.486630000000105, -0.83528 ], [ 130.91713, -0.79097 ] ] ], [ [ [ 135.36828, -0.66535 ], [ 135.85163, -0.70347 ], [ 136.38636, -1.11521 ], [ 135.884280000000103, -1.18556 ], [ 135.7572100000001, -0.82556 ], [ 135.46204, -0.7979 ], [ 135.36828, -0.66535 ] ] ], [ [ [ 127.31826, -0.79458 ], [ 127.1611, -0.78132 ], [ 127.20235, -0.62056 ], [ 127.2529, -0.62 ], [ 127.31826, -0.79458 ] ] ], [ [ [ 130.66025, -0.42667 ], [ 130.4653, -0.52528 ], [ 130.45581, -0.46861 ], [ 130.66025, -0.42667 ] ] ], [ [ [ 121.74137, -0.41861 ], [ 121.8902700000001, -0.51389 ], [ 121.64082, -0.53361 ], [ 121.74137, -0.41861 ] ] ], [ [ [ 141.00247, -2.60709 ], [ 141.00613, -6.33292 ], [ 140.85886, -6.67833 ], [ 141.00614, -6.89328 ], [ 141.00702, -9.12847 ], [ 139.98523, -8.19361 ], [ 140.14791, -7.88583 ], [ 139.915800000000104, -8.11472 ], [ 139.3663600000001, -8.20639 ], [ 139.21829, -8.08917 ], [ 138.91026, -8.29833 ], [ 138.836640000000102, -8.13 ], [ 138.99191, -7.8675 ], [ 139.09455, -7.56181 ], [ 138.6622, -7.20097 ], [ 139.05053, -7.25167 ], [ 139.17581, -7.23889 ], [ 139.22247, -7.1625 ], [ 138.84747, -7.15389 ], [ 138.56289, -6.90653 ], [ 138.90929, -6.84361 ], [ 139.10717, -6.97028 ], [ 139.18664, -6.96757 ], [ 138.681920000000105, -6.72056 ], [ 138.29745, -5.85556 ], [ 138.16772, -5.79333 ], [ 138.35162, -5.68028 ], [ 138.071240000000103, -5.73132 ], [ 138.065250000000106, -5.40896 ], [ 135.92831, -4.49861 ], [ 135.20468, -4.45972 ], [ 134.64622, -4.12556 ], [ 134.69497, -3.93972 ], [ 134.96761, -3.94111 ], [ 134.67303, -3.91514 ], [ 134.52163, -4.02639 ], [ 134.41666, -3.90764 ], [ 134.21205, -3.96 ], [ 134.16387, -3.77694 ], [ 133.92468, -3.75028 ], [ 133.8324, -3.58903 ], [ 133.74302, -3.66083 ], [ 133.6368, -3.48903 ], [ 133.82886, -2.96167 ], [ 133.65887, -3.13667 ], [ 133.58551, -3.56833 ], [ 133.399140000000102, -3.7325 ], [ 133.45108, -3.86931 ], [ 133.23746, -4.07639 ], [ 132.90025, -4.08944 ], [ 132.75082, -3.71833 ], [ 132.92706, -3.55472 ], [ 132.819, -3.30542 ], [ 132.663730000000101, -3.32556 ], [ 132.46579, -3.045 ], [ 132.080380000000105, -2.96736 ], [ 131.95691, -2.78701 ], [ 132.31775, -2.68222 ], [ 132.72274, -2.81722 ], [ 133.2458, -2.4175 ], [ 133.64858, -2.54389 ], [ 133.67859, -2.71806 ], [ 133.70566, -2.51625 ], [ 133.81638, -2.65917 ], [ 133.78165, -2.48111 ], [ 133.95554, -2.32917 ], [ 133.94697, -2.21056 ], [ 133.78845, -2.25674 ], [ 133.93429, -2.1041 ], [ 133.64581, -2.23722 ], [ 132.29899, -2.26847 ], [ 132.04123, -2.08569 ], [ 131.88244, -1.64222 ], [ 131.27406, -1.38424 ], [ 131.33304, -1.46056 ], [ 131.20773, -1.52722 ], [ 130.96359, -1.40306 ], [ 131.24884, -1.09694 ], [ 131.25556, -0.82278 ], [ 131.86328, -0.69806 ], [ 132.42276, -0.34667 ], [ 133.16052, -0.53764 ], [ 133.42997, -0.73639 ], [ 133.99384, -0.73444 ], [ 134.2793, -1.34931 ], [ 134.08829, -1.67792 ], [ 134.1597, -2.31944 ], [ 134.46289, -2.8613 ], [ 134.4858, -2.52556 ], [ 134.642070000000103, -2.5216 ], [ 134.69803, -2.97014 ], [ 134.85469, -2.90681 ], [ 134.87662, -3.24889 ], [ 135.11773, -3.36861 ], [ 135.53164, -3.32972 ], [ 136.2547, -2.57611 ], [ 136.35662, -2.25389 ], [ 137.18816, -2.10417 ], [ 137.13107, -1.79278 ], [ 137.860100000000102, -1.47167 ], [ 139.78082, -2.36139 ], [ 140.16234, -2.32667 ], [ 140.32221, -2.45833 ], [ 140.7219, -2.49 ], [ 140.72717, -2.63708 ], [ 141.00247, -2.60709 ] ] ], [ [ [ 104.50443, -0.62125 ], [ 104.34471, -0.58361 ], [ 104.28622, -0.39556 ], [ 104.52735, -0.37083 ], [ 104.50443, -0.62125 ] ] ], [ [ [ 122.04762, -0.33813 ], [ 121.89694, -0.41222 ], [ 121.85553, -0.36333 ], [ 122.04762, -0.33813 ] ] ], [ [ [ 127.5718, -0.32146 ], [ 127.68414, -0.46778 ], [ 127.64915, -0.70431 ], [ 127.89575, -0.77792 ], [ 127.81526, -0.87181 ], [ 127.4572, -0.81319 ], [ 127.30262, -0.51681 ], [ 127.32013, -0.34306 ], [ 127.5718, -0.32146 ] ] ], [ [ [ 127.18304, -0.52889 ], [ 127.10567, -0.29444 ], [ 127.23595, -0.2575 ], [ 127.28082, -0.38111 ], [ 127.18304, -0.52889 ] ] ], [ [ [ 98.50167, -0.53972 ], [ 98.32609, -0.53972 ], [ 98.43332, -0.24681 ], [ 98.51193, -0.37056 ], [ 98.50167, -0.53972 ] ] ], [ [ [ 103.75278, -0.35333 ], [ 103.61609, -0.39 ], [ 103.45359, -0.35986 ], [ 103.55775, -0.22764 ], [ 103.75278, -0.35333 ] ] ], [ [ [ 130.87744, -0.01917 ], [ 131.29984, -0.16764 ], [ 131.25555, -0.38778 ], [ 130.97788, -0.36389 ], [ 130.68864, -0.08049 ], [ 130.62717, -0.1375 ], [ 130.915800000000104, -0.40889 ], [ 130.75943, -0.45278 ], [ 130.68022, -0.30343 ], [ 130.54277, -0.36604 ], [ 130.5124, -0.25424 ], [ 130.21933, -0.21125 ], [ 130.42844, -0.1975 ], [ 130.283730000000105, -0.10625 ], [ 130.87744, -0.01917 ] ] ], [ [ [ 98.44413, -0.06139 ], [ 98.54414, -0.38639 ], [ 98.30082, -0.00722 ], [ 98.44413, -0.06139 ] ] ], [ [ [ 104.53803, 0.01722 ], [ 104.92942, -0.33417 ], [ 104.43248, -0.20194 ], [ 104.53803, 0.01722 ] ] ], [ [ [ 129.54316, -0.14306 ], [ 129.53638, -0.2225 ], [ 129.28997, 0.04306 ], [ 129.54316, -0.14306 ] ] ], [ [ [ 98.83475, 0.10778 ], [ 98.63766, 0.07736 ], [ 98.51433, 0.13556 ], [ 98.7628, 0.17167 ], [ 98.83475, 0.10778 ] ] ], [ [ [ 104.70388, 0.025 ], [ 104.59316, 0.09722 ], [ 104.49191, 0.23368 ], [ 104.54122, 0.22472 ], [ 104.70388, 0.025 ] ] ], [ [ [ 103.29621, 0.55111 ], [ 103.13289, 0.56444 ], [ 103.21997, 0.70361 ], [ 103.29621, 0.55111 ] ] ], [ [ [ 103.43956, 0.64778 ], [ 103.34499, 0.76778 ], [ 103.37301, 0.88826 ], [ 103.50678, 0.74917 ], [ 103.43956, 0.64778 ] ] ], [ [ [ 104.26082, 0.86597 ], [ 104.17553, 0.79083 ], [ 104.09472, 0.94722 ], [ 104.26082, 0.86597 ] ] ], [ [ [ 103.44219, 0.98979 ], [ 103.32276, 1.03653 ], [ 103.33983, 1.11805 ], [ 103.38574, 1.12507 ], [ 103.44219, 0.98979 ] ] ], [ [ [ 102.62423, 0.99414 ], [ 102.92498, 0.91444 ], [ 103.03858, 0.71014 ], [ 102.40608, 0.87806 ], [ 102.49733, 0.94097 ], [ 102.48684, 1.13167 ], [ 102.62423, 0.99414 ] ] ], [ [ [ 102.78304, 1.16167 ], [ 103.14901, 0.83889 ], [ 102.65776, 1.05417 ], [ 102.78304, 1.16167 ] ] ], [ [ [ 104.07832, 0.98556 ], [ 103.95694, 1.00806 ], [ 103.90088, 1.08958 ], [ 104.13304, 1.17667 ], [ 104.07832, 0.98556 ] ] ], [ [ [ 104.6669, 1.02383 ], [ 104.58331, 0.81917 ], [ 104.23136, 1.085 ], [ 104.40872, 1.19681 ], [ 104.6669, 1.02383 ] ] ], [ [ [ 102.39762, 0.925 ], [ 102.23927, 1.07639 ], [ 102.21095, 1.40361 ], [ 102.47628, 1.22528 ], [ 102.39762, 0.925 ] ] ], [ [ [ 97.39636, 1.50139 ], [ 97.93614, 0.97035 ], [ 97.81079, 0.54972 ], [ 97.11469, 1.39333 ], [ 97.39636, 1.50139 ] ] ], [ [ [ 102.43497, 1.5275 ], [ 102.49191, 1.25972 ], [ 101.99407, 1.60694 ], [ 102.43497, 1.5275 ] ] ], [ [ [ 125.24901, 1.50861 ], [ 124.89874, 0.97222 ], [ 124.2461, 0.375 ], [ 123.64583, 0.28111 ], [ 123.26277, 0.31333 ], [ 123.06804, 0.50958 ], [ 121.79249, 0.42264 ], [ 121.53733, 0.53806 ], [ 121.10485, 0.40722 ], [ 120.54915, 0.53611 ], [ 120.2422, 0.345 ], [ 120.01999, -0.07528 ], [ 120.0661, -0.61306 ], [ 120.27054, -0.91694 ], [ 120.51361, -1.00028 ], [ 120.66458, -1.39389 ], [ 121.08055, -1.42458 ], [ 121.62221, -0.805 ], [ 121.92776, -0.96333 ], [ 122.22693, -0.76083 ], [ 122.91763, -0.76486 ], [ 122.73033, -0.65417 ], [ 123.07083, -0.55972 ], [ 123.41138, -0.65361 ], [ 123.446780000000103, -0.83764 ], [ 123.33375, -1.05611 ], [ 123.15305, -0.89667 ], [ 122.82, -0.91333 ], [ 122.37706, -1.48972 ], [ 121.836640000000102, -1.69139 ], [ 121.665530000000103, -1.92486 ], [ 121.29872, -1.80042 ], [ 121.34437, -1.99278 ], [ 121.71609, -2.18333 ], [ 122.01416, -2.68222 ], [ 122.30748, -2.90264 ], [ 122.26582, -3.02792 ], [ 122.47622, -3.1609 ], [ 122.2979, -3.28528 ], [ 122.1986, -3.58139 ], [ 122.59943, -3.88361 ], [ 122.684, -4.13903 ], [ 122.85776, -4.07639 ], [ 122.89374, -4.39806 ], [ 122.10471, -4.52611 ], [ 122.07805, -4.84361 ], [ 121.55242, -4.74569 ], [ 121.47638, -4.62639 ], [ 121.6147, -4.06472 ], [ 120.88109, -3.53563 ], [ 121.06957, -3.20514 ], [ 121.0761, -2.75889 ], [ 120.77192, -2.6125 ], [ 120.20193, -2.96333 ], [ 120.4086, -3.25861 ], [ 120.42222, -4.67833 ], [ 120.2661, -5.15278 ], [ 120.46346, -5.61979 ], [ 120.32888, -5.51208 ], [ 119.92781, -5.56222 ], [ 119.75554, -5.70806 ], [ 119.46499, -5.56361 ], [ 119.35193, -5.33639 ], [ 119.62609, -4.19139 ], [ 119.44845, -3.70236 ], [ 119.50611, -3.52722 ], [ 119.293050000000108, -3.42764 ], [ 118.92569, -3.57319 ], [ 118.88861, -2.89319 ], [ 118.75916, -2.77417 ], [ 119.14353, -2.45312 ], [ 119.21138, -2.01194 ], [ 119.35401, -1.93611 ], [ 119.30887, -1.26528 ], [ 119.51721, -0.87639 ], [ 119.71859, -0.65361 ], [ 119.86303, -0.84389 ], [ 119.79589, -0.11583 ], [ 119.62565, 0.00021 ], [ 119.82999, -0.09347 ], [ 119.77805, 0.22972 ], [ 120.03338, 0.52132 ], [ 120.03276, 0.71257 ], [ 120.2872, 0.98972 ], [ 120.574840000000108, 0.77694 ], [ 120.7986, 1.065 ], [ 120.82041, 1.31306 ], [ 120.95055, 1.3425 ], [ 121.38389, 1.24722 ], [ 121.57276, 1.05833 ], [ 122.464430000000107, 0.99917 ], [ 122.84631, 0.81467 ], [ 123.20305, 0.95667 ], [ 123.839160000000106, 0.82944 ], [ 124.58971, 1.19139 ], [ 124.55581, 1.37 ], [ 124.83582, 1.46611 ], [ 124.9711, 1.69472 ], [ 125.17053, 1.63917 ], [ 125.24901, 1.50861 ] ] ], [ [ [ 98.55506, 1.68167 ], [ 98.48915, 1.62556 ], [ 98.42857, 1.68125 ], [ 98.55506, 1.68167 ] ] ], [ [ [ 101.60164, 1.70917 ], [ 101.44746, 1.77069 ], [ 101.39844, 1.99222 ], [ 101.64205, 2.12 ], [ 101.77518, 1.94132 ], [ 101.60164, 1.70917 ] ] ], [ [ [ 127.87081, 1.80653 ], [ 128.03734, 1.52028 ], [ 127.90804, 1.20278 ], [ 127.62984, 0.98208 ], [ 127.79358, 0.795 ], [ 127.97387, 1.06778 ], [ 128.16644, 1.13215 ], [ 128.1883, 1.37806 ], [ 128.72455, 1.55694 ], [ 128.69748, 1.10194 ], [ 128.21204, 0.77965 ], [ 128.674310000000105, 0.55281 ], [ 128.68303, 0.35729 ], [ 128.82956, 0.3 ], [ 128.90491, 0.20326 ], [ 128.073850000000107, 0.46611 ], [ 127.92122, 0.45444 ], [ 127.87915, 0.29951 ], [ 128.03693, -0.40333 ], [ 128.40179, -0.88819 ], [ 128.02109, -0.69319 ], [ 127.66394, -0.21514 ], [ 127.68803, 0.19611 ], [ 127.52263, 0.60153 ], [ 127.61436, 0.85278 ], [ 127.39499, 1.06167 ], [ 127.56819, 1.73917 ], [ 128.05406, 2.19243 ], [ 127.87081, 1.80653 ] ] ], [ [ [ 97.33081, 2.03597 ], [ 97.2072, 2.17194 ], [ 97.10831, 2.22194 ], [ 97.28455, 2.22576 ], [ 97.33081, 2.03597 ] ] ], [ [ [ 128.49801, 2.05 ], [ 128.27664, 2.0173 ], [ 128.23218, 2.30611 ], [ 128.5619200000001, 2.63208 ], [ 128.69412, 2.43361 ], [ 128.49801, 2.05 ] ] ], [ [ [ 125.41581, 2.63069 ], [ 125.35472, 2.72444 ], [ 125.41137, 2.80694 ], [ 125.45034, 2.77215 ], [ 125.41581, 2.63069 ] ] ], [ [ [ 96.43219, 2.34305 ], [ 95.81886, 2.65472 ], [ 95.70497, 2.83111 ], [ 95.88331, 2.91889 ], [ 96.43136, 2.50333 ], [ 96.43219, 2.34305 ] ] ], [ [ [ 108.88728, 2.89201 ], [ 108.77347, 2.8875 ], [ 108.87164, 3.00361 ], [ 108.88728, 2.89201 ] ] ], [ [ [ 105.84812, 2.97715 ], [ 105.70305, 2.85028 ], [ 105.70095, 3.05986 ], [ 105.84812, 2.97715 ] ] ], [ [ [ 117.66415, 3.28417 ], [ 117.55761, 3.31805 ], [ 117.54068, 3.42701 ], [ 117.6725, 3.41972 ], [ 117.66415, 3.28417 ] ] ], [ [ [ 117.27388, 3.59236 ], [ 117.51749, 3.47444 ], [ 117.21666, 3.54556 ], [ 117.27388, 3.59236 ] ] ], [ [ [ 125.8854, 3.36333 ], [ 125.64527, 3.65847 ], [ 125.673860000000104, 3.72417 ], [ 125.91207, 3.48917 ], [ 125.8854, 3.36333 ] ] ], [ [ [ 126.72311, 3.91215 ], [ 126.68441, 3.81444 ], [ 126.60317, 4.03687 ], [ 126.72311, 3.91215 ] ] ], [ [ [ 117.74498, 4.0775 ], [ 117.60581, 4.02604 ], [ 117.64402, 4.1393 ], [ 117.74498, 4.0775 ] ] ], [ [ [ 117.6869200000001, 4.16834 ], [ 117.90356, 4.17404 ], [ 117.92915, 4.05653 ], [ 117.85332, 4.03167 ], [ 117.6869200000001, 4.16834 ] ] ], [ [ [ 108.3111, 3.67542 ], [ 108.09444, 3.69472 ], [ 108.20139, 3.79639 ], [ 108.00471, 3.95917 ], [ 108.18166, 4.19639 ], [ 108.39749, 3.97694 ], [ 108.3111, 3.67542 ] ] ], [ [ [ 117.59206, 4.16982 ], [ 117.39277, 4.1075 ], [ 117.82944, 3.7043 ], [ 117.69859, 3.62694 ], [ 117.17693, 3.64805 ], [ 117.03138, 3.60069 ], [ 117.44247, 3.43236 ], [ 117.275400000000104, 3.22 ], [ 117.61831, 3.08896 ], [ 117.67166, 2.80111 ], [ 118.09193, 2.31444 ], [ 117.829300000000103, 2.10417 ], [ 117.87192, 1.87667 ], [ 119.00902, 0.98389 ], [ 118.79456, 0.80028 ], [ 118.34387, 0.84306 ], [ 117.89305, 1.11778 ], [ 118.034990000000107, 0.81028 ], [ 117.7422, 0.73972 ], [ 117.46748, 0.10361 ], [ 117.44479, -0.52397 ], [ 117.63135, -0.42403 ], [ 117.62346, -0.77722 ], [ 117.26586, -0.82165 ], [ 116.9236, -1.25444 ], [ 116.81693, -1.27389 ], [ 116.74026, -1.02792 ], [ 116.75555, -1.3675 ], [ 116.22393, -1.77903 ], [ 116.44546, -1.78319 ], [ 116.45804, -2.045 ], [ 116.32721, -2.1475 ], [ 116.60415, -2.22972 ], [ 116.51472, -2.55528 ], [ 116.30658, -2.51799 ], [ 116.37387, -2.84583 ], [ 116.27443, -3.0 ], [ 116.13193, -2.82333 ], [ 116.21637, -3.14278 ], [ 115.97581, -3.60111 ], [ 114.63706, -4.18507 ], [ 114.60762, -3.68083 ], [ 114.481090000000108, -3.49861 ], [ 114.1022, -3.35639 ], [ 113.6711, -3.47611 ], [ 113.605820000000108, -3.17264 ], [ 113.36581, -3.26083 ], [ 113.0647, -2.99389 ], [ 112.65165, -3.41528 ], [ 112.24582, -3.31389 ], [ 111.88942, -3.57389 ], [ 111.75168, -2.74983 ], [ 111.54721, -3.02417 ], [ 111.33582, -2.92111 ], [ 110.96248, -3.09639 ], [ 110.75679, -3.03417 ], [ 110.9336, -2.88694 ], [ 110.66609, -3.08167 ], [ 110.55109, -2.86917 ], [ 110.24081, -2.98278 ], [ 110.12581, -2.04694 ], [ 109.90358, -1.82833 ], [ 110.05774, -1.33389 ], [ 109.72972, -0.95361 ], [ 109.27998, -0.86806 ], [ 109.25819, -0.66931 ], [ 109.51443, -0.72694 ], [ 109.12442, -0.51167 ], [ 109.04264, -0.24889 ], [ 109.19443, -0.19917 ], [ 109.16554, 0.10639 ], [ 108.9186, 0.31514 ], [ 108.84734, 0.82486 ], [ 108.97859, 0.9425 ], [ 108.9586, 1.17667 ], [ 109.09584, 1.21167 ], [ 109.26361, 1.39458 ], [ 108.98124, 1.21444 ], [ 109.33721, 1.88805 ], [ 109.64857, 2.07341 ], [ 109.54734, 1.90694 ], [ 109.66873, 1.61701 ], [ 110.55525, 0.85389 ], [ 111.21193, 1.06972 ], [ 111.82721, 0.99861 ], [ 112.1322100000001, 1.14979 ], [ 112.20138, 1.45014 ], [ 112.47277, 1.56806 ], [ 112.99971, 1.57278 ], [ 113.65908, 1.22583 ], [ 113.93082, 1.44528 ], [ 114.55999, 1.43292 ], [ 114.86193, 1.91528 ], [ 114.80471, 2.24889 ], [ 115.230820000000108, 2.50806 ], [ 115.082360000000108, 2.61361 ], [ 115.13971, 2.90611 ], [ 115.49553, 3.04 ], [ 115.659720000000107, 4.1086 ], [ 115.87248, 4.36111 ], [ 116.0611, 4.27792 ], [ 117.23944, 4.35833 ], [ 117.59206, 4.16982 ] ] ], [ [ [ 126.76222, 3.98736 ], [ 126.69053, 4.07 ], [ 126.78902, 4.21264 ], [ 126.74186, 4.53979 ], [ 126.91581, 4.27583 ], [ 126.76222, 3.98736 ] ] ], [ [ [ 95.73857, 5.58528 ], [ 96.34775, 5.22278 ], [ 96.98108, 5.27055 ], [ 97.20358, 5.15111 ], [ 97.51483, 5.24944 ], [ 97.91303, 4.88639 ], [ 98.01719, 4.55111 ], [ 98.27678, 4.4268 ], [ 98.27052, 4.1425 ], [ 99.98081, 2.94375 ], [ 99.95511, 2.69028 ], [ 100.00519, 2.60111 ], [ 100.03386, 2.73472 ], [ 100.13295, 2.52687 ], [ 100.20511, 2.70597 ], [ 100.41219, 2.29305 ], [ 100.94246, 1.82056 ], [ 100.79997, 2.22555 ], [ 101.05795, 2.28361 ], [ 101.31329, 2.02889 ], [ 101.41052, 1.71722 ], [ 101.75803, 1.65555 ], [ 102.13553, 1.37333 ], [ 102.21081, 1.015 ], [ 102.42566, 0.7975 ], [ 102.93246, 0.695 ], [ 103.08191, 0.44556 ], [ 102.57101, 0.17625 ], [ 102.43031, 0.24451 ], [ 102.53996, 0.16667 ], [ 102.90442, 0.26278 ], [ 103.35109, 0.53611 ], [ 103.73969, 0.28111 ], [ 103.81118, -0.0035 ], [ 103.27235, -0.25958 ], [ 103.49289, -0.21833 ], [ 103.34236, -0.3641 ], [ 103.59756, -0.435 ], [ 103.3608, -0.70222 ], [ 103.74109, -0.99556 ], [ 104.37776, -1.03931 ], [ 104.48943, -1.925 ], [ 104.56178, -1.86444 ], [ 104.87665, -2.11556 ], [ 104.53179, -2.77139 ], [ 104.86498, -2.28875 ], [ 105.60637, -2.39333 ], [ 105.80859, -2.89667 ], [ 106.05525, -3.03139 ], [ 106.07708, -3.24139 ], [ 105.81609, -3.675 ], [ 105.95624, -3.85528 ], [ 105.80999, -4.2425 ], [ 105.90442, -4.54861 ], [ 105.72888, -5.89826 ], [ 105.27193, -5.44417 ], [ 105.14159, -5.79535 ], [ 104.54317, -5.50806 ], [ 104.7143, -5.91806 ], [ 104.56077, -5.92975 ], [ 103.8911, -5.11139 ], [ 102.32611, -4.00611 ], [ 102.22123, -3.64903 ], [ 101.62692, -3.24611 ], [ 100.90555, -2.31944 ], [ 100.86638, -1.92639 ], [ 100.29359, -0.80639 ], [ 99.81693, -0.31069 ], [ 99.63582, 0.07694 ], [ 99.1396, 0.25792 ], [ 98.70383, 1.55979 ], [ 98.82225, 1.62194 ], [ 98.77072, 1.74861 ], [ 97.94858, 2.26722 ], [ 97.75026, 2.27083 ], [ 97.59692, 2.86694 ], [ 97.38192, 2.96528 ], [ 96.88025, 3.6775 ], [ 96.48887, 3.76361 ], [ 95.53108, 4.68278 ], [ 95.28358, 5.11833 ], [ 95.23358, 5.57014 ], [ 95.73857, 5.58528 ] ] ], [ [ [ 95.33734, 5.89444 ], [ 95.29247, 5.78555 ], [ 95.21095, 5.90347 ], [ 95.33734, 5.89444 ] ] ] ] } },
{ "type": "Feature", "properties": { "name": "Malaysia", "iso3": "MYS" }, "geometry": { "type": "MultiPolygon", "coordinates": [ [ [ [ 111.41152, 2.37639 ], [ 111.30393, 2.45 ], [ 111.32895, 2.78035 ], [ 111.38165, 2.69833 ], [ 111.41152, 2.37639 ] ] ], [ [ [ 104.21719, 2.78556 ], [ 104.12497, 2.77 ], [ 104.16948, 2.8925 ], [ 104.21719, 2.78556 ] ] ], [ [ [ 117.83971, 4.17194 ], [ 117.68581, 4.25988 ], [ 117.90356, 4.17404 ], [ 117.83971, 4.17194 ] ] ], [ [ [ 118.47887, 4.68917 ], [ 118.5297, 4.60028 ], [ 118.34987, 4.67205 ], [ 118.47887, 4.68917 ] ] ], [ [ [ 100.30525, 5.45194 ], [ 100.20386, 5.27111 ], [ 100.1858, 5.46229 ], [ 100.30525, 5.45194 ] ] ], [ [ [ 99.64193, 6.40722 ], [ 99.92302, 6.33361 ], [ 99.73956, 6.24889 ], [ 99.64193, 6.40722 ] ] ], [ [ [ 102.09523, 6.23614 ], [ 102.33388, 6.17555 ], [ 102.50166, 5.88208 ], [ 103.03775, 5.47694 ], [ 103.40998, 4.85805 ], [ 103.49371, 4.30875 ], [ 103.33636, 3.7441 ], [ 103.47643, 3.49868 ], [ 103.43802, 2.92583 ], [ 103.82025, 2.5759 ], [ 104.27754, 1.3691 ], [ 104.10491, 1.36917 ], [ 103.95851, 1.64431 ], [ 103.99851, 1.43569 ], [ 103.68349, 1.44555 ], [ 103.51214, 1.26953 ], [ 103.37455, 1.53347 ], [ 101.51114, 2.67629 ], [ 101.28573, 2.84354 ], [ 101.37108, 3.03305 ], [ 101.29011, 3.27486 ], [ 100.70372, 3.89 ], [ 100.8685, 4.02236 ], [ 100.624, 4.16264 ], [ 100.60553, 4.79833 ], [ 100.36232, 5.08437 ], [ 100.35553, 5.96389 ], [ 100.12785, 6.4137 ], [ 100.19407, 6.69743 ], [ 100.43689, 6.51556 ], [ 100.75136, 6.50278 ], [ 100.85323, 6.24389 ], [ 101.11204, 6.25069 ], [ 100.99115, 5.7943 ], [ 101.14233, 5.63347 ], [ 101.57102, 5.91521 ], [ 101.82609, 5.74097 ], [ 102.09523, 6.23614 ] ] ], [ [ [ 117.51277, 6.67861 ], [ 117.33527, 6.65889 ], [ 117.4679000000001, 6.76139 ], [ 117.51277, 6.67861 ] ] ], [ [ [ 117.59206, 4.16982 ], [ 117.23944, 4.35833 ], [ 116.0611, 4.27792 ], [ 115.87248, 4.36111 ], [ 115.659720000000107, 4.1086 ], [ 115.49553, 3.04 ], [ 115.13971, 2.90611 ], [ 115.082360000000108, 2.61361 ], [ 115.230820000000108, 2.50806 ], [ 114.80471, 2.24889 ], [ 114.86193, 1.91528 ], [ 114.55999, 1.43292 ], [ 113.93082, 1.44528 ], [ 113.65908, 1.22583 ], [ 112.99971, 1.57278 ], [ 112.47277, 1.56806 ], [ 112.20138, 1.45014 ], [ 112.1322100000001, 1.14979 ], [ 111.82721, 0.99861 ], [ 111.21193, 1.06972 ], [ 110.55525, 0.85389 ], [ 109.72191, 1.55556 ], [ 109.56387, 1.83361 ], [ 109.64857, 2.07341 ], [ 109.67137, 1.89806 ], [ 109.92804, 1.69049 ], [ 110.33054, 1.80153 ], [ 110.73368, 1.54013 ], [ 110.68748, 1.44472 ], [ 110.82193, 1.56806 ], [ 111.15555, 1.36389 ], [ 111.37831, 1.34597 ], [ 111.0, 1.57208 ], [ 111.20555, 2.06639 ], [ 111.36998, 2.14667 ], [ 111.17275, 2.14597 ], [ 111.18304, 2.26222 ], [ 111.22539, 2.4225 ], [ 111.36812, 2.33909 ], [ 111.45027, 2.36861 ], [ 111.44845, 2.69472 ], [ 111.66887, 2.84764 ], [ 113.010540000000105, 3.16055 ], [ 113.92609, 4.24417 ], [ 113.98637, 4.5975 ], [ 114.23581, 4.53194 ], [ 114.63804, 4.01819 ], [ 114.86693, 4.35528 ], [ 114.77986, 4.73583 ], [ 115.01844, 4.89579 ], [ 115.10235, 4.38055 ], [ 115.35208, 4.3175 ], [ 115.14578, 4.90324 ], [ 115.36666, 4.90333 ], [ 115.55774, 5.06861 ], [ 115.38026, 5.40097 ], [ 115.84887, 5.56389 ], [ 116.76638, 7.02312 ], [ 116.85971, 6.80333 ], [ 116.7838, 6.58424 ], [ 117.14514, 7.00153 ], [ 117.301650000000109, 6.62625 ], [ 117.72442, 6.42333 ], [ 117.60041, 6.1925 ], [ 117.67484, 5.98236 ], [ 117.50305, 5.89611 ], [ 118.00686, 6.06125 ], [ 118.12468, 5.86403 ], [ 117.90817, 5.79757 ], [ 117.955470000000105, 5.68507 ], [ 118.3736, 5.8075 ], [ 118.93471, 5.42972 ], [ 119.27582, 5.345 ], [ 119.06972, 5.07 ], [ 118.70166, 4.94305 ], [ 118.35428, 5.03583 ], [ 118.14055, 4.88833 ], [ 118.28234, 4.68083 ], [ 118.59485, 4.52125 ], [ 118.54956, 4.35097 ], [ 117.99588, 4.22417 ], [ 117.69303, 4.37472 ], [ 117.59206, 4.16982 ] ] ], [ [ [ 117.28298, 7.31944 ], [ 117.25054, 7.17917 ], [ 117.06645, 7.10507 ], [ 117.07068, 7.28403 ], [ 117.28298, 7.31944 ] ] ], [ [ [ 117.00088, 7.35292 ], [ 116.85694, 7.18389 ], [ 116.878740000000107, 7.27417 ], [ 117.00088, 7.35292 ] ] ] ] } },
{ "type": "Feature", "properties": { "name": "Chile", "iso3": "CHL" }, "geometry": { "type": "MultiPolygon", "coordinates": [ [ [ [ -67.24695, -55.82806 ], [ -67.24695, -55.89501 ], [ -67.41139, -55.83431 ], [ -67.24695, -55.82806 ] ] ], [ [ [ -67.5114, -55.81778 ], [ -67.61196, -55.90223 ], [ -67.85432, -55.85778 ], [ -67.8089, -55.81639 ], [ -67.5114, -55.81778 ] ] ], [ [ [ -67.35306, -55.57528 ], [ -67.3389, -55.79084 ], [ -67.5564, -55.71223 ], [ -67.35306, -55.57528 ] ] ], [ [ [ -67.59056, -55.58223 ], [ -67.73862, -55.61681 ], [ -67.651809999999898, -55.49417 ], [ -67.59056, -55.58223 ] ] ], [ [ [ -66.87473, -55.33223 ], [ -67.05209, -55.32959 ], [ -67.07209, -55.27535 ], [ -66.87861, -55.22889 ], [ -66.87473, -55.33223 ] ] ], [ [ [ -66.51167, -55.26834 ], [ -66.62778, -55.20208 ], [ -66.42063, -55.20208 ], [ -66.51167, -55.26834 ] ] ], [ [ [ -66.85918, -55.02806 ], [ -66.84083, -55.11333 ], [ -67.07501, -55.01111 ], [ -66.85918, -55.02806 ] ] ], [ [ [ -68.40486, -54.95535 ], [ -68.33807, -55.07 ], [ -68.64473, -55.15528 ], [ -69.05979, -55.05042 ], [ -68.20861, -55.2689 ], [ -68.74015, -55.26883 ], [ -68.16307, -55.39723 ], [ -67.96751, -55.59195 ], [ -68.05362, -55.7125 ], [ -68.36057, -55.48168 ], [ -68.93918, -55.45973 ], [ -68.78334, -55.38612 ], [ -68.91251, -55.34223 ], [ -68.81237, -55.19007 ], [ -69.03279, -55.26917 ], [ -69.24904, -55.13723 ], [ -69.42715, -55.16538 ], [ -69.29501, -55.16653 ], [ -69.38834, -55.29056 ], [ -69.16862, -55.51181 ], [ -69.70223, -55.31111 ], [ -69.50514, -55.17882 ], [ -69.85682, -55.26028 ], [ -70.03126, -55.15868 ], [ -68.40486, -54.95535 ] ] ], [ [ [ -70.01334, -54.98028 ], [ -70.20362, -54.98403 ], [ -69.97946, -54.93514 ], [ -70.01334, -54.98028 ] ] ], [ [ [ -68.36111, -54.93771 ], [ -67.22389, -54.95084 ], [ -67.05362, -55.13639 ], [ -67.2439, -55.30889 ], [ -67.52612, -55.17084 ], [ -67.65015, -55.26792 ], [ -68.09529, -55.23695 ], [ -68.20696, -54.98861 ], [ -68.36111, -54.93771 ] ] ], [ [ [ -70.31306, -54.90681 ], [ -70.7325, -55.01285 ], [ -70.26417, -55.11333 ], [ -70.54931, -55.20972 ], [ -70.60668, -55.08306 ], [ -70.93722, -55.07834 ], [ -71.01584, -54.96667 ], [ -70.31306, -54.90681 ] ] ], [ [ [ -69.16875, -54.95994 ], [ -69.906109999999899, -55.04306 ], [ -69.92945, -54.89709 ], [ -69.16875, -54.95994 ] ] ], [ [ [ -70.42029, -54.88222 ], [ -70.74487, -54.87209 ], [ -70.39702, -54.86889 ], [ -70.42029, -54.88222 ] ] ], [ [ [ -71.40133, -54.82688 ], [ -70.91543, -54.92611 ], [ -71.45431, -54.88361 ], [ -71.40133, -54.82688 ] ] ], [ [ [ -72.30424, -54.36646 ], [ -72.46335, -54.43 ], [ -72.54042, -54.34556 ], [ -72.4064, -54.30945 ], [ -72.30424, -54.36646 ] ] ], [ [ [ -70.21723, -54.22903 ], [ -70.46792, -54.23487 ], [ -70.51112, -54.16084 ], [ -70.21723, -54.22903 ] ] ], [ [ [ -72.20813, -54.14542 ], [ -72.468339999999898, -54.25862 ], [ -72.51112, -54.20278 ], [ -72.3057, -54.07056 ], [ -72.20813, -54.14542 ] ] ], [ [ [ -70.33723, -54.15251 ], [ -70.45252, -54.11722 ], [ -70.49918, -54.07306 ], [ -70.31307, -54.03973 ], [ -70.33723, -54.15251 ] ] ], [ [ [ -73.25126, -54.035 ], [ -73.272509999999897, -54.13556 ], [ -73.4682, -54.07181 ], [ -73.25126, -54.035 ] ] ], [ [ [ -71.61154, -53.94709 ], [ -71.00974, -54.10278 ], [ -70.98696, -54.27028 ], [ -71.12001, -54.38598 ], [ -71.345, -54.31264 ], [ -71.41126, -54.11653 ], [ -71.54029, -54.2557 ], [ -71.69862, -54.1639 ], [ -71.63528, -54.10806 ], [ -71.61154, -53.94709 ] ] ], [ [ [ -71.67111, -53.94389 ], [ -71.73306, -54.16195 ], [ -71.95445, -54.0225 ], [ -71.74369, -54.23139 ], [ -71.84237, -54.3389 ], [ -72.25709, -53.94244 ], [ -71.9457, -53.85112 ], [ -71.67111, -53.94389 ] ] ], [ [ [ -70.53806, -53.56209 ], [ -70.37195, -54.03639 ], [ -70.67446, -53.92667 ], [ -70.52445, -54.22861 ], [ -70.87883, -54.04924 ], [ -70.898049999999898, -53.87972 ], [ -70.62111, -53.86417 ], [ -70.71112, -53.705 ], [ -70.53806, -53.56209 ] ] ], [ [ [ -73.83195, -53.59028 ], [ -73.85306, -53.4525 ], [ -73.68903, -53.51917 ], [ -73.69931, -53.54112 ], [ -73.83195, -53.59028 ] ] ], [ [ [ -72.91112, -53.42945 ], [ -72.87626, -53.67868 ], [ -72.8599, -53.46657 ], [ -72.1423, -53.80452 ], [ -72.41695, -53.89709 ], [ -72.32792, -54.04167 ], [ -72.87542, -54.13584 ], [ -73.02633, -54.08035 ], [ -72.77694, -54.01723 ], [ -72.72799, -53.84563 ], [ -73.05904, -53.81382 ], [ -73.13251, -54.01167 ], [ -73.31425, -53.84014 ], [ -73.249859999999899, -53.71226 ], [ -73.576949999999897, -53.75274 ], [ -73.48369, -53.7073 ], [ -73.58195, -53.58188 ], [ -73.49217, -53.59135 ], [ -73.41723, -53.56431 ], [ -73.253889999999899, -53.66028 ], [ -72.95444, -53.66729 ], [ -73.27674, -53.62507 ], [ -73.42167, -53.46806 ], [ -72.91112, -53.42945 ] ] ], [ [ [ -73.46653, -53.4732 ], [ -73.39542, -53.54236 ], [ -73.48987, -53.57389 ], [ -73.8007, -53.43153 ], [ -73.39529, -53.4157 ], [ -73.46653, -53.4732 ] ] ], [ [ [ -74.058059999999898, -53.24556 ], [ -74.21417, -53.33125 ], [ -74.24473, -53.30278 ], [ -74.058059999999898, -53.24556 ] ] ], [ [ [ -73.57584, -52.84529 ], [ -73.38806, -52.95195 ], [ -73.75223, -52.89334 ], [ -73.57584, -52.84529 ] ] ], [ [ [ -74.36057, -52.94889 ], [ -73.60487, -53.06723 ], [ -73.52376, -53.25903 ], [ -73.45557, -53.1389 ], [ -73.09125, -53.35319 ], [ -73.49, -53.32917 ], [ -73.89334, -53.06473 ], [ -74.32612, -53.09389 ], [ -74.74411, -52.75855 ], [ -74.36057, -52.94889 ] ] ], [ [ [ -68.61759, -52.64151 ], [ -68.64312, -54.88861 ], [ -68.89001, -54.80292 ], [ -68.74867, -54.90074 ], [ -69.11111, -54.94833 ], [ -69.65348, -54.8214 ], [ -69.62778, -54.6957 ], [ -69.74085, -54.80862 ], [ -70.27972, -54.85348 ], [ -70.23987, -54.68917 ], [ -70.36402, -54.81368 ], [ -70.76278, -54.84112 ], [ -70.45571, -54.6307 ], [ -71.03667, -54.77778 ], [ -70.97056, -54.62029 ], [ -71.272779999999898, -54.67972 ], [ -71.3357, -54.52292 ], [ -71.48529, -54.69139 ], [ -71.96778, -54.64327 ], [ -71.9896, -54.45403 ], [ -71.67529, -54.57695 ], [ -71.58168, -54.54861 ], [ -71.84778, -54.41806 ], [ -70.96779, -54.47264 ], [ -70.85501, -54.32195 ], [ -70.61389, -54.34695 ], [ -70.75418, -54.59473 ], [ -70.64361, -54.60945 ], [ -70.70703, -54.52799 ], [ -70.59, -54.3925 ], [ -70.13445, -54.54347 ], [ -70.54584, -54.29278 ], [ -70.84639, -54.25973 ], [ -70.88028, -54.1339 ], [ -70.13918, -54.42778 ], [ -70.06681, -54.37139 ], [ -70.19889, -54.31375 ], [ -70.05528, -54.24917 ], [ -69.77362, -54.55611 ], [ -69.85918, -54.28306 ], [ -69.24112, -54.4464 ], [ -69.41834, -54.62639 ], [ -69.3764, -54.68667 ], [ -69.28015, -54.5425 ], [ -69.17279, -54.57806 ], [ -69.15473, -54.45362 ], [ -68.9932, -54.43104 ], [ -70.04599, -54.09931 ], [ -70.18445, -53.81361 ], [ -69.3539, -53.50611 ], [ -69.36112, -53.34549 ], [ -70.21751, -53.47334 ], [ -70.44667, -53.36806 ], [ -70.44446, -53.01278 ], [ -70.09987, -52.90764 ], [ -70.42362, -52.77028 ], [ -70.16972, -52.71723 ], [ -69.91724, -52.82584 ], [ -69.41722, -52.45945 ], [ -69.15167, -52.68445 ], [ -68.8114, -52.5764 ], [ -68.61759, -52.64151 ] ] ], [ [ [ -73.80751, -52.69833 ], [ -74.07779, -52.60667 ], [ -73.73834, -52.40486 ], [ -73.67168, -52.47764 ], [ -73.80751, -52.69833 ] ] ], [ [ [ -74.68903, -52.29987 ], [ -74.82056, -52.22945 ], [ -74.6225, -52.20598 ], [ -74.68903, -52.29987 ] ] ], [ [ [ -73.80972, -52.24945 ], [ -73.84028, -52.39361 ], [ -74.09425, -52.16612 ], [ -73.80972, -52.24945 ] ] ], [ [ [ -74.19417, -52.13667 ], [ -73.93431, -52.32327 ], [ -73.93501, -52.33723 ], [ -74.13584, -52.39765 ], [ -74.2339, -52.24861 ], [ -74.14584, -52.19723 ], [ -74.41556, -52.13361 ], [ -74.19417, -52.13667 ] ] ], [ [ [ -74.683059999999898, -52.16918 ], [ -74.78888, -52.12452 ], [ -74.612229999999897, -52.06042 ], [ -74.683059999999898, -52.16918 ] ] ], [ [ [ -74.50181, -52.00452 ], [ -74.73237, -52.08222 ], [ -74.4896, -51.95501 ], [ -74.50181, -52.00452 ] ] ], [ [ [ -73.68792, -52.22056 ], [ -74.11279, -51.99861 ], [ -74.09529, -51.92278 ], [ -73.77056, -52.06653 ], [ -73.68792, -52.22056 ] ] ], [ [ [ -73.07333, -52.06223 ], [ -73.05695, -51.93334 ], [ -72.88834, -51.88556 ], [ -72.98987, -52.04334 ], [ -73.07333, -52.06223 ] ] ], [ [ [ -74.86361, -52.13917 ], [ -74.75501, -51.84305 ], [ -74.60084, -51.84347 ], [ -74.76973, -52.08362 ], [ -74.86361, -52.13917 ] ] ], [ [ [ -73.84557, -51.8975 ], [ -73.94014, -51.89306 ], [ -73.96015, -51.83958 ], [ -73.90417, -51.79667 ], [ -73.84557, -51.8975 ] ] ], [ [ [ -75.07167, -51.89625 ], [ -75.09529, -51.79056 ], [ -74.98917, -51.71653 ], [ -74.99057, -51.82306 ], [ -75.07167, -51.89625 ] ] ], [ [ [ -74.09029, -51.87722 ], [ -74.37431, -51.89126 ], [ -74.503349999999898, -51.71264 ], [ -74.09029, -51.87722 ] ] ], [ [ [ -73.79528, -51.72653 ], [ -73.85695, -51.80112 ], [ -73.93598, -51.66209 ], [ -73.79528, -51.72653 ] ] ], [ [ [ -74.781109999999899, -51.82167 ], [ -74.88444, -52.04556 ], [ -74.96973, -52.11806 ], [ -75.05972, -51.97056 ], [ -74.95612, -51.81042 ], [ -74.8307, -51.84472 ], [ -74.9225, -51.63583 ], [ -74.78946, -51.64834 ], [ -74.781109999999899, -51.82167 ] ] ], [ [ [ -74.0582, -51.55049 ], [ -73.92529, -51.75973 ], [ -73.94, -51.78584 ], [ -74.23668, -51.70389 ], [ -74.0582, -51.55049 ] ] ], [ [ [ -74.11529, -51.4525 ], [ -74.24723, -51.40222 ], [ -74.2598, -51.29993 ], [ -74.16918, -51.28806 ], [ -74.11529, -51.4525 ] ] ], [ [ [ -75.00029, -51.39556 ], [ -75.15389, -51.57737 ], [ -75.31029, -51.63417 ], [ -75.2053, -51.29917 ], [ -75.00029, -51.39556 ] ] ], [ [ [ -73.79445, -51.25959 ], [ -73.86944, -51.35806 ], [ -73.91529, -51.30306 ], [ -73.79445, -51.25959 ] ] ], [ [ [ -73.97126, -51.24104 ], [ -74.09029, -51.37222 ], [ -74.10792, -51.23695 ], [ -73.97126, -51.24104 ] ] ], [ [ [ -74.53612, -51.27917 ], [ -74.60751, -51.40944 ], [ -74.67834, -51.33 ], [ -75.02028, -51.46639 ], [ -74.7939, -51.20945 ], [ -74.53612, -51.27917 ] ] ], [ [ [ -74.40917, -51.20639 ], [ -74.57571, -51.15792 ], [ -74.60111, -51.07528 ], [ -74.46668, -51.02834 ], [ -74.40917, -51.20639 ] ] ], [ [ [ -74.20028, -51.16195 ], [ -74.284869999999898, -51.23806 ], [ -74.34098, -50.92459 ], [ -74.20028, -51.16195 ] ] ], [ [ [ -74.39667, -50.86056 ], [ -74.401539999999898, -51.08889 ], [ -74.47778, -50.99792 ], [ -74.72057, -51.11195 ], [ -74.96474, -50.96583 ], [ -74.61612, -50.895 ], [ -74.6575, -50.72667 ], [ -74.39667, -50.86056 ] ] ], [ [ [ -74.686819999999898, -50.88889 ], [ -74.92487, -50.8557 ], [ -74.95264, -50.72876 ], [ -74.80862, -50.66681 ], [ -74.686819999999898, -50.88889 ] ] ], [ [ [ -74.98612, -50.80848 ], [ -75.085549999999898, -50.78084 ], [ -75.07918, -50.65723 ], [ -74.98098, -50.66209 ], [ -74.98612, -50.80848 ] ] ], [ [ [ -75.09639, -50.51639 ], [ -75.27473, -50.58472 ], [ -75.30278, -50.79056 ], [ -75.51446, -50.65973 ], [ -75.37445, -50.61584 ], [ -75.41278, -50.46639 ], [ -75.09639, -50.51639 ] ] ], [ [ [ -74.36389, -50.49139 ], [ -74.18112, -50.77028 ], [ -74.19098, -50.84639 ], [ -74.51502, -50.73306 ], [ -74.57112, -50.61889 ], [ -74.42556, -50.52626 ], [ -74.66758, -50.47848 ], [ -74.36389, -50.49139 ] ] ], [ [ [ -74.73834, -50.5 ], [ -74.75591, -50.39181 ], [ -74.54654, -50.37945 ], [ -74.55751, -50.40555 ], [ -74.73834, -50.5 ] ] ], [ [ [ -75.0707, -50.18876 ], [ -74.79056, -50.14827 ], [ -75.21126, -50.43514 ], [ -75.3214, -50.42528 ], [ -75.21704, -50.3072 ], [ -75.45973, -50.36154 ], [ -75.37445, -50.14834 ], [ -75.145, -50.24903 ], [ -75.38306, -50.08028 ], [ -75.3189, -50.00223 ], [ -74.99972, -50.13583 ], [ -75.0707, -50.18876 ] ] ], [ [ [ -75.30875, -49.66973 ], [ -75.17946, -49.90472 ], [ -75.59195, -49.78389 ], [ -75.56279, -49.62639 ], [ -75.30875, -49.66973 ] ] ], [ [ [ -74.29181, -49.55861 ], [ -74.41584, -49.62834 ], [ -74.43778, -49.42987 ], [ -74.34154, -49.47667 ], [ -74.29181, -49.55861 ] ] ], [ [ [ -74.89056, -49.13278 ], [ -74.92632, -49.29792 ], [ -75.04584, -49.20528 ], [ -75.23862, -49.1525 ], [ -75.12098, -49.02362 ], [ -74.89056, -49.13278 ] ] ], [ [ [ -75.28543, -49.09681 ], [ -75.51417, -49.27195 ], [ -75.65641, -49.21389 ], [ -75.37195, -48.99028 ], [ -75.28543, -49.09681 ] ] ], [ [ [ -75.2814, -48.89001 ], [ -75.25778, -49.08195 ], [ -75.32251, -48.95445 ], [ -75.5, -49.04639 ], [ -75.65668, -48.9389 ], [ -75.54502, -48.84112 ], [ -75.2814, -48.89001 ] ] ], [ [ [ -75.08223, -48.88917 ], [ -75.22639, -48.96695 ], [ -75.30952, -48.80008 ], [ -75.08223, -48.88917 ] ] ], [ [ [ -74.44334, -49.30667 ], [ -74.5975, -49.68917 ], [ -74.42001, -49.67598 ], [ -74.46557, -49.93222 ], [ -74.65946, -50.05348 ], [ -74.87007, -50.01021 ], [ -74.6666, -49.94695 ], [ -74.886049999999898, -49.95792 ], [ -74.91987, -49.68612 ], [ -74.65563, -49.36077 ], [ -75.00598, -49.51111 ], [ -75.01723, -49.89944 ], [ -75.46474, -49.37222 ], [ -75.38404, -49.28209 ], [ -75.16751, -49.5025 ], [ -75.31747, -49.26632 ], [ -75.16307, -49.34139 ], [ -75.09056, -49.20473 ], [ -74.91806, -49.33611 ], [ -74.82723, -49.09584 ], [ -75.06098, -48.84042 ], [ -74.74154, -48.68028 ], [ -74.54122, -48.71198 ], [ -74.44334, -49.30667 ] ] ], [ [ [ -74.93584, -48.73139 ], [ -74.99139, -48.6489 ], [ -74.82702, -48.66355 ], [ -74.93584, -48.73139 ] ] ], [ [ [ -75.11764, -48.83209 ], [ -75.24757, -48.77008 ], [ -75.06834, -48.63597 ], [ -75.05667, -48.70251 ], [ -75.11764, -48.83209 ] ] ], [ [ [ -75.28126, -48.70986 ], [ -75.4914, -48.78084 ], [ -75.65445, -48.76625 ], [ -75.34807, -48.63556 ], [ -75.28126, -48.70986 ] ] ], [ [ [ -75.32001, -48.60223 ], [ -75.59751, -48.6932 ], [ -75.44125, -48.61681 ], [ -75.64973, -48.61861 ], [ -75.65056, -48.48195 ], [ -75.34021, -48.43591 ], [ -75.32001, -48.60223 ] ] ], [ [ [ -74.3014, -48.47861 ], [ -74.43462, -48.52557 ], [ -74.51167, -48.41083 ], [ -74.3014, -48.47861 ] ] ], [ [ [ -74.17181, -48.3707 ], [ -74.07417, -48.49111 ], [ -74.24931, -48.38612 ], [ -74.17181, -48.3707 ] ] ], [ [ [ -74.2607, -48.46612 ], [ -74.4582, -48.38653 ], [ -74.491529999999898, -48.35417 ], [ -74.31, -48.28555 ], [ -74.2607, -48.46612 ] ] ], [ [ [ -74.73875, -48.12389 ], [ -74.48237, -48.61042 ], [ -74.58585, -48.69667 ], [ -75.0314, -48.51111 ], [ -74.71043, -48.45639 ], [ -74.81307, -48.33167 ], [ -74.73875, -48.12389 ] ] ], [ [ [ -74.39029, -48.22611 ], [ -74.534869999999898, -48.33584 ], [ -74.6007, -48.15473 ], [ -74.39029, -48.22611 ] ] ], [ [ [ -74.84723, -48.37292 ], [ -75.0532, -48.43958 ], [ -75.25376, -48.07222 ], [ -74.81501, -48.17334 ], [ -74.84723, -48.37292 ] ] ], [ [ [ -75.34765, -48.00903 ], [ -75.07258, -48.59459 ], [ -75.23736, -48.70986 ], [ -75.29501, -48.43667 ], [ -75.55709, -48.40612 ], [ -75.34723, -48.29799 ], [ -75.53931, -48.32459 ], [ -75.58694, -48.09556 ], [ -75.34765, -48.00903 ] ] ], [ [ [ -74.83029, -47.80792 ], [ -74.86973, -48.06917 ], [ -75.26494, -48.03014 ], [ -74.83029, -47.80792 ] ] ], [ [ [ -74.27348, -47.80125 ], [ -73.80028, -47.89125 ], [ -74.49696, -47.92528 ], [ -74.27348, -47.80125 ] ] ], [ [ [ -75.12195, -47.70389 ], [ -75.20105, -47.85778 ], [ -75.30098, -47.77209 ], [ -75.12195, -47.70389 ] ] ], [ [ [ -74.9514, -47.70639 ], [ -75.04472, -47.76362 ], [ -75.07667, -47.69723 ], [ -74.9514, -47.70639 ] ] ], [ [ [ -74.44334, -47.17084 ], [ -74.48154, -47.08181 ], [ -74.31237, -47.06556 ], [ -74.33278, -47.10861 ], [ -74.44334, -47.17084 ] ] ], [ [ [ -74.08056, -47.14917 ], [ -74.18598, -47.02722 ], [ -73.97668, -47.05361 ], [ -74.08056, -47.14917 ] ] ], [ [ [ -73.76501, -46.21111 ], [ -73.93487, -46.07167 ], [ -73.90946, -46.01861 ], [ -73.683329999999899, -46.07667 ], [ -73.76501, -46.21111 ] ] ], [ [ [ -73.67952, -46.02445 ], [ -73.79556, -46.01056 ], [ -73.82613, -45.97084 ], [ -73.75307, -45.89528 ], [ -73.67952, -46.02445 ] ] ], [ [ [ -74.71556, -45.85195 ], [ -74.91057, -46.10445 ], [ -75.08307, -46.08861 ], [ -74.951949999999897, -46.00987 ], [ -75.10418, -45.87612 ], [ -74.71556, -45.85195 ] ] ], [ [ [ -73.88681, -45.86028 ], [ -73.7, -45.89375 ], [ -73.8032, -45.88542 ], [ -73.9289, -45.97584 ], [ -73.88681, -45.86028 ] ] ], [ [ [ -74.01501, -45.91778 ], [ -74.10514, -45.78694 ], [ -74.03417, -45.73694 ], [ -73.96556, -45.75417 ], [ -74.01501, -45.91778 ] ] ], [ [ [ -74.55043, -45.68813 ], [ -74.70084, -45.68973 ], [ -74.55237, -45.57653 ], [ -74.55043, -45.68813 ] ] ], [ [ [ -73.98695, -45.72472 ], [ -74.1114, -45.61722 ], [ -74.0289, -45.53861 ], [ -73.89681, -45.61778 ], [ -73.98695, -45.72472 ] ] ], [ [ [ -74.21, -45.63611 ], [ -74.4982, -45.72973 ], [ -74.39473, -45.44403 ], [ -74.21, -45.63611 ] ] ], [ [ [ -73.64557, -45.75944 ], [ -73.78195, -45.67028 ], [ -73.70403, -45.44473 ], [ -73.58202, -45.47098 ], [ -73.64557, -45.75944 ] ] ], [ [ [ -74.01779, -45.43306 ], [ -73.83556, -45.45223 ], [ -73.81584, -45.47584 ], [ -73.86459, -45.56708 ], [ -74.045699999999897, -45.51737 ], [ -74.13917, -45.57944 ], [ -74.01779, -45.43306 ] ] ], [ [ [ -73.82431, -45.37556 ], [ -73.99167, -45.41917 ], [ -74.0239, -45.40334 ], [ -73.82431, -45.37556 ] ] ], [ [ [ -74.33778, -45.40528 ], [ -74.48222, -45.35834 ], [ -74.53015, -45.31362 ], [ -74.39056, -45.28681 ], [ -74.33778, -45.40528 ] ] ], [ [ [ -74.16612, -45.25056 ], [ -73.83112, -45.26306 ], [ -73.78223, -45.3307 ], [ -74.16612, -45.25056 ] ] ], [ [ [ -74.30223, -45.3 ], [ -74.42015, -45.24028 ], [ -74.39236, -45.15458 ], [ -74.27223, -45.21209 ], [ -74.30223, -45.3 ] ] ], [ [ [ -73.84668, -45.00279 ], [ -73.70334, -45.1339 ], [ -73.7314, -45.28445 ], [ -74.23459, -45.16278 ], [ -74.17668, -45.02917 ], [ -73.84668, -45.00279 ] ] ], [ [ [ -73.98028, -44.98445 ], [ -74.27724, -45.03084 ], [ -74.36584, -45.00737 ], [ -74.16834, -44.86667 ], [ -73.98028, -44.98445 ] ] ], [ [ [ -75.06946, -44.92556 ], [ -75.148049999999898, -44.84001 ], [ -75.11536, -44.78083 ], [ -75.02307, -44.84792 ], [ -75.06946, -44.92556 ] ] ], [ [ [ -73.96557, -44.77862 ], [ -74.06723, -44.85751 ], [ -74.18458, -44.81583 ], [ -73.96557, -44.77862 ] ] ], [ [ [ -73.79362, -44.965 ], [ -73.92418, -44.89223 ], [ -73.91515, -44.78014 ], [ -73.83362, -44.78695 ], [ -73.79362, -44.965 ] ] ], [ [ [ -73.60667, -44.74333 ], [ -73.74626, -44.8107 ], [ -73.74667, -44.75632 ], [ -73.60667, -44.74333 ] ] ], [ [ [ -74.37695, -44.85945 ], [ -74.46501, -44.83021 ], [ -74.52813, -44.74611 ], [ -74.42723, -44.7214 ], [ -74.37695, -44.85945 ] ] ], [ [ [ -74.45383, -44.69 ], [ -74.628889999999899, -44.69834 ], [ -74.67361, -44.66862 ], [ -74.57834, -44.62 ], [ -74.45383, -44.69 ] ] ], [ [ [ -74.20973, -44.78445 ], [ -74.41098, -44.63708 ], [ -73.8741, -44.69348 ], [ -74.01584, -44.72111 ], [ -74.20973, -44.78445 ] ] ], [ [ [ -74.72612, -44.59778 ], [ -74.82501, -44.62861 ], [ -74.80723, -44.55042 ], [ -74.72612, -44.59778 ] ] ], [ [ [ -73.5914, -44.71208 ], [ -73.82223, -44.68 ], [ -73.8064, -44.55959 ], [ -73.62793, -44.61834 ], [ -73.5914, -44.71208 ] ] ], [ [ [ -74.18973, -44.56056 ], [ -74.362499999999898, -44.52653 ], [ -74.13917, -44.55056 ], [ -74.18973, -44.56056 ] ] ], [ [ [ -73.95778, -44.485 ], [ -74.12945, -44.5325 ], [ -74.12946, -44.44833 ], [ -73.95778, -44.485 ] ] ], [ [ [ -74.24334, -44.48222 ], [ -74.54903, -44.47722 ], [ -74.21889, -44.46556 ], [ -74.24334, -44.48222 ] ] ], [ [ [ -72.72112, -44.54681 ], [ -72.97868, -44.60806 ], [ -72.84237, -44.71223 ], [ -73.22473, -44.93917 ], [ -73.40807, -44.82389 ], [ -73.20696, -44.80042 ], [ -73.38918, -44.79112 ], [ -73.46299, -44.64611 ], [ -72.99806, -44.36723 ], [ -72.72112, -44.54681 ] ] ], [ [ [ -73.92653, -44.43917 ], [ -74.07139, -44.395 ], [ -74.10653, -44.32681 ], [ -73.93119, -44.35729 ], [ -73.92653, -44.43917 ] ] ], [ [ [ -73.80098, -44.27334 ], [ -73.95501, -44.32487 ], [ -73.97236, -44.28042 ], [ -73.80098, -44.27334 ] ] ], [ [ [ -73.95083, -44.24056 ], [ -74.09223, -44.28632 ], [ -74.06334, -44.15153 ], [ -73.95083, -44.24056 ] ] ], [ [ [ -73.85278, -44.19584 ], [ -73.97764, -44.18098 ], [ -74.01154, -44.14472 ], [ -73.91556, -44.1014 ], [ -73.85278, -44.19584 ] ] ], [ [ [ -73.64612, -44.13139 ], [ -73.75543, -43.99695 ], [ -73.72862, -43.9389 ], [ -73.63444, -44.01 ], [ -73.64612, -44.13139 ] ] ], [ [ [ -73.15209, -44.01965 ], [ -73.27203, -43.9966 ], [ -73.26946, -43.92084 ], [ -73.14806, -43.88833 ], [ -73.15209, -44.01965 ] ] ], [ [ [ -73.86008, -43.76417 ], [ -73.76404, -43.88931 ], [ -74.17306, -43.875 ], [ -74.14001, -43.81084 ], [ -73.86008, -43.76417 ] ] ], [ [ [ -74.63452, -43.60181 ], [ -74.78557, -43.64889 ], [ -74.86, -43.57389 ], [ -74.76112, -43.52778 ], [ -74.63452, -43.60181 ] ] ], [ [ [ -73.41584, -42.52306 ], [ -73.6257, -42.44792 ], [ -73.65042, -42.37986 ], [ -73.53376, -42.38695 ], [ -73.41584, -42.52306 ] ] ], [ [ [ -73.886049999999898, -41.82278 ], [ -73.99552, -41.84594 ], [ -73.50334, -41.84153 ], [ -73.49965, -42.12535 ], [ -73.36924, -42.24903 ], [ -73.66723, -42.35875 ], [ -73.61674, -42.5107 ], [ -73.82098, -42.51431 ], [ -73.50063, -42.80035 ], [ -73.65209, -42.93542 ], [ -73.49161, -43.11583 ], [ -73.780209999999897, -43.12743 ], [ -73.71474, -43.37029 ], [ -73.86646, -43.3982 ], [ -74.405839999999898, -43.24605 ], [ -74.17806, -42.88709 ], [ -74.06181, -41.81348 ], [ -73.886049999999898, -41.82278 ] ] ], [ [ [ -109.23861, -27.13208 ], [ -109.3339, -27.15139 ], [ -109.44527, -27.1982 ], [ -109.39347, -27.0675 ], [ -109.23861, -27.13208 ] ] ], [ [ [ -67.18362, -22.82167 ], [ -67.00084, -23.00278 ], [ -67.33584, -24.02167 ], [ -68.25361, -24.39861 ], [ -68.56743, -24.78194 ], [ -68.35563, -25.12125 ], [ -68.49695, -25.17111 ], [ -68.5975, -25.44334 ], [ -68.39987, -26.15938 ], [ -68.58362, -26.50528 ], [ -68.28779, -26.91278 ], [ -68.41125, -27.06653 ], [ -68.80744, -27.11854 ], [ -69.17778, -27.95195 ], [ -69.65538, -28.40093 ], [ -69.79279, -29.0957 ], [ -70.02897, -29.29111 ], [ -69.83168, -30.19055 ], [ -70.21167, -30.55945 ], [ -70.29501, -31.02973 ], [ -70.53126, -31.18125 ], [ -70.58674, -31.56382 ], [ -70.43028, -31.86861 ], [ -70.23751, -31.93847 ], [ -70.32098, -32.26528 ], [ -69.99334, -32.87618 ], [ -70.09556, -33.17945 ], [ -69.77493, -33.38715 ], [ -69.90501, -33.77848 ], [ -69.81758, -34.23473 ], [ -70.04762, -34.28601 ], [ -70.363, -35.14479 ], [ -70.565, -35.24195 ], [ -70.42195, -35.36445 ], [ -70.34376, -35.81136 ], [ -70.42431, -36.13604 ], [ -70.70473, -36.27056 ], [ -70.70695, -36.41452 ], [ -71.03431, -36.48389 ], [ -71.18612, -36.84556 ], [ -71.17986, -37.69646 ], [ -70.82973, -38.58806 ], [ -70.92348, -38.74084 ], [ -71.39369, -38.91354 ], [ -71.49264, -39.59917 ], [ -71.70903, -39.62667 ], [ -71.63335, -39.95056 ], [ -71.81806, -40.20459 ], [ -71.66396, -40.33451 ], [ -71.95014, -40.72695 ], [ -71.83806, -40.95549 ], [ -71.91459, -41.65209 ], [ -71.72654, -42.09507 ], [ -72.0175, -42.13389 ], [ -72.13035, -42.28542 ], [ -72.0448, -42.36896 ], [ -72.13667, -43.00577 ], [ -71.73966, -43.17611 ], [ -71.74015, -43.29764 ], [ -71.92973, -43.38695 ], [ -71.70174, -43.60167 ], [ -71.80765, -43.76333 ], [ -71.64667, -43.93806 ], [ -71.85341, -44.37244 ], [ -71.1957, -44.43028 ], [ -71.10876, -44.53528 ], [ -71.27793, -44.7982 ], [ -72.07543, -44.76639 ], [ -72.06682, -44.90167 ], [ -71.58265, -44.97542 ], [ -71.29861, -45.30507 ], [ -71.78195, -45.655 ], [ -71.60445, -45.97695 ], [ -71.901809999999898, -46.1491 ], [ -71.7466, -46.24702 ], [ -71.67285, -46.68396 ], [ -71.93925, -46.81625 ], [ -71.86792, -47.21862 ], [ -72.35014, -47.45001 ], [ -72.53507, -47.91549 ], [ -72.32196, -48.07834 ], [ -72.29189, -48.34778 ], [ -72.59557, -48.47306 ], [ -72.56112, -48.79945 ], [ -73.00639, -48.99833 ], [ -73.13612, -49.30417 ], [ -73.46473, -49.31139 ], [ -73.5823, -49.54084 ], [ -73.44646, -49.7909 ], [ -73.53625, -50.12014 ], [ -73.27751, -50.32848 ], [ -73.15849, -50.75889 ], [ -72.76612, -50.6207 ], [ -72.29389, -50.65292 ], [ -72.26583, -51.0107 ], [ -72.39522, -51.10813 ], [ -72.24962, -51.23785 ], [ -72.40056, -51.51362 ], [ -71.91057, -51.99583 ], [ -69.99833, -51.99639 ], [ -68.43583, -52.32875 ], [ -69.26849, -52.20806 ], [ -69.6757, -52.52826 ], [ -70.81167, -52.73251 ], [ -70.9766, -53.7609 ], [ -71.28473, -53.88639 ], [ -72.11501, -53.68764 ], [ -72.4525, -53.40431 ], [ -72.28341, -53.24501 ], [ -72.11209, -53.25764 ], [ -72.09432, -53.38757 ], [ -72.22736, -53.43552 ], [ -72.10529, -53.42973 ], [ -72.01438, -53.24181 ], [ -71.8666, -53.22285 ], [ -71.78605, -53.42952 ], [ -72.00584, -53.56542 ], [ -71.79737, -53.51278 ], [ -71.73903, -53.21521 ], [ -71.32862, -53.1 ], [ -71.16654, -52.81069 ], [ -71.60445, -52.87555 ], [ -72.0196, -53.12431 ], [ -72.30348, -53.02945 ], [ -72.51709, -53.06237 ], [ -72.18952, -53.18271 ], [ -72.48473, -53.18834 ], [ -72.51737, -53.36549 ], [ -72.647779999999898, -53.32597 ], [ -72.40028, -53.54028 ], [ -73.29889, -53.16077 ], [ -72.710279999999898, -53.29403 ], [ -72.79222, -53.1841 ], [ -72.655839999999898, -53.1491 ], [ -72.9375, -53.10299 ], [ -72.91585, -52.82472 ], [ -72.42167, -52.81278 ], [ -72.17084, -52.64688 ], [ -71.65084, -52.68333 ], [ -71.47528, -52.63334 ], [ -71.5439, -52.5589 ], [ -72.27667, -52.51723 ], [ -72.42077, -52.6557 ], [ -72.546869999999899, -52.59049 ], [ -72.4164, -52.50458 ], [ -72.78979, -52.54285 ], [ -72.8989, -52.62556 ], [ -72.67835, -52.66215 ], [ -73.00584, -52.85417 ], [ -72.98042, -53.06472 ], [ -73.44935, -53.00205 ], [ -73.235, -52.88972 ], [ -73.55646, -52.80233 ], [ -73.23188, -52.78764 ], [ -73.10112, -52.50751 ], [ -72.89063, -52.51764 ], [ -73.14974, -52.48972 ], [ -73.26598, -52.6698 ], [ -73.365, -52.58694 ], [ -73.69361, -52.72209 ], [ -73.54994, -52.54257 ], [ -73.73167, -52.03751 ], [ -73.32182, -52.22376 ], [ -72.98625, -52.07063 ], [ -72.98668, -52.1875 ], [ -72.86639, -52.26389 ], [ -72.78473, -52.06223 ], [ -72.87549, -52.20306 ], [ -72.94334, -52.08778 ], [ -72.86147, -51.9591 ], [ -72.69424, -51.9891 ], [ -72.57563, -52.32153 ], [ -72.89945, -52.45862 ], [ -72.49105, -52.31674 ], [ -72.66657, -51.96525 ], [ -72.47071, -51.93598 ], [ -72.4689, -51.78917 ], [ -72.71265, -51.58389 ], [ -73.24251, -51.46299 ], [ -72.56605, -51.78896 ], [ -72.71974, -51.83723 ], [ -73.2839, -51.61355 ], [ -72.99736, -51.78333 ], [ -73.1907, -51.8765 ], [ -72.92696, -51.86112 ], [ -73.14007, -51.94049 ], [ -73.24077, -52.08723 ], [ -73.32, -51.72611 ], [ -73.38067, -51.6699 ], [ -73.28695, -52.16 ], [ -73.54529, -52.0564 ], [ -73.64914, -51.83451 ], [ -73.39945, -52.01722 ], [ -73.58671, -51.75636 ], [ -73.47132, -51.69413 ], [ -73.70035, -51.78917 ], [ -73.905839999999898, -51.62251 ], [ -73.9048, -51.37729 ], [ -73.60494, -51.62841 ], [ -73.71167, -51.15973 ], [ -74.08376, -51.20903 ], [ -74.24737, -50.9277 ], [ -73.85139, -50.91667 ], [ -73.75167, -50.66174 ], [ -73.53314, -50.71424 ], [ -73.72258, -50.5457 ], [ -73.57174, -50.40434 ], [ -73.77376, -50.54334 ], [ -73.8232, -50.76361 ], [ -74.04348, -50.82806 ], [ -74.28924, -50.48049 ], [ -73.89091, -50.54684 ], [ -74.68876, -50.20709 ], [ -74.34875, -50.08861 ], [ -74.20361, -50.21778 ], [ -73.8814, -50.29723 ], [ -74.37084, -49.99209 ], [ -73.89014, -50.07486 ], [ -74.32488, -49.86778 ], [ -74.06334, -49.71556 ], [ -74.2991, -49.7391 ], [ -74.32139, -49.62264 ], [ -73.94771, -49.55924 ], [ -73.88126, -49.66765 ], [ -73.71251, -49.75722 ], [ -73.87403, -49.53187 ], [ -74.11084, -49.48306 ], [ -74.06834, -49.26278 ], [ -73.9175, -49.34723 ], [ -73.84785, -49.3466 ], [ -74.0289, -49.09306 ], [ -73.83118, -49.03223 ], [ -74.04333, -49.02195 ], [ -74.21598, -49.53222 ], [ -74.3739, -49.42751 ], [ -74.45014, -48.8157 ], [ -74.06465, -48.74368 ], [ -74.39757, -48.61195 ], [ -74.20125, -48.47681 ], [ -74.04668, -48.54778 ], [ -74.02112, -48.41361 ], [ -74.65688, -48.02973 ], [ -74.41494, -47.98771 ], [ -74.21521, -48.23181 ], [ -74.32778, -48.005 ], [ -73.77181, -48.02972 ], [ -73.55334, -48.24583 ], [ -73.34917, -48.1975 ], [ -73.284869999999898, -48.15403 ], [ -73.27376, -48.09334 ], [ -73.48653, -48.12292 ], [ -73.65421, -47.9091 ], [ -73.48778, -47.985 ], [ -73.2266, -48.00303 ], [ -73.71362, -47.78014 ], [ -73.72629, -47.53139 ], [ -73.77126, -47.78653 ], [ -73.93445, -47.84695 ], [ -74.74139, -47.71146 ], [ -74.56056, -47.55097 ], [ -74.23751, -47.75209 ], [ -74.25715, -47.63292 ], [ -74.04668, -47.62021 ], [ -74.52813, -47.43431 ], [ -74.31959, -47.21986 ], [ -74.17251, -47.21396 ], [ -74.16125, -47.27618 ], [ -74.10528, -47.34751 ], [ -74.13168, -47.21431 ], [ -73.93827, -47.03445 ], [ -74.13806, -46.98653 ], [ -74.26577, -46.78757 ], [ -74.61862, -46.78556 ], [ -74.50404, -46.90306 ], [ -75.00862, -46.75195 ], [ -75.0782, -46.62917 ], [ -74.940489999999897, -46.50972 ], [ -74.94529, -46.44271 ], [ -75.18876, -46.62681 ], [ -75.59807, -46.70305 ], [ -75.63251, -46.7825 ], [ -75.41973, -46.71521 ], [ -75.41307, -46.93389 ], [ -75.56757, -46.94181 ], [ -75.71751, -46.72528 ], [ -75.64222, -46.57001 ], [ -74.82167, -46.11278 ], [ -74.67486, -45.8268 ], [ -74.36862, -45.79236 ], [ -74.1107, -45.83583 ], [ -74.16154, -46.1375 ], [ -74.05501, -45.9848 ], [ -73.97265, -46.08861 ], [ -74.31167, -46.24917 ], [ -74.48451, -46.18401 ], [ -74.33264, -46.26542 ], [ -74.04646, -46.19785 ], [ -73.86307, -46.34751 ], [ -74.01736, -46.21351 ], [ -73.8923, -46.13875 ], [ -73.76682, -46.29626 ], [ -73.99383, -46.55931 ], [ -73.84655, -46.59209 ], [ -73.42556, -46.07445 ], [ -73.68785, -46.315 ], [ -73.66514, -45.98049 ], [ -73.42222, -45.71362 ], [ -73.18424, -45.66834 ], [ -73.40299, -45.64875 ], [ -73.57987, -45.77826 ], [ -73.51466, -45.45569 ], [ -73.21493, -45.30146 ], [ -73.01473, -45.44875 ], [ -72.827219999999897, -45.4225 ], [ -73.25987, -45.24501 ], [ -73.45737, -45.27556 ], [ -73.30549, -45.14775 ], [ -73.39679, -44.99451 ], [ -73.1425, -44.94445 ], [ -72.76611, -44.75334 ], [ -72.61389, -44.47278 ], [ -72.60723, -44.37834 ], [ -72.74167, -44.45612 ], [ -73.28938, -44.14688 ], [ -73.13698, -44.02332 ], [ -73.0175, -43.80917 ], [ -72.84584, -43.77667 ], [ -73.0421, -43.73384 ], [ -73.11612, -43.44292 ], [ -72.88501, -43.0425 ], [ -72.745289999999898, -43.04834 ], [ -72.85695, -42.56681 ], [ -72.5398, -42.55417 ], [ -72.84903, -42.28882 ], [ -72.60438, -42.18438 ], [ -72.42146, -42.44597 ], [ -72.46167, -41.97347 ], [ -72.7489, -42.00806 ], [ -72.85945, -41.90695 ], [ -72.35057, -41.65251 ], [ -72.31001, -41.43584 ], [ -72.40403, -41.65625 ], [ -72.57848, -41.70889 ], [ -72.93584, -41.48327 ], [ -73.195419999999899, -41.7882 ], [ -73.745559999999898, -41.75438 ], [ -73.68473, -41.62667 ], [ -73.56285, -41.61118 ], [ -73.49772, -41.51993 ], [ -73.71758, -41.59389 ], [ -73.87112, -41.47917 ], [ -73.99432, -40.96695 ], [ -73.74542, -40.50966 ], [ -73.71486, -39.98167 ], [ -73.40417, -39.885 ], [ -73.22404, -39.41687 ], [ -73.51861, -38.53722 ], [ -73.45494, -38.05715 ], [ -73.66792, -37.72681 ], [ -73.5939, -37.47681 ], [ -73.6771, -37.34729 ], [ -73.58687, -37.15257 ], [ -73.20376, -37.16181 ], [ -73.12945, -36.6825 ], [ -72.98154, -36.69903 ], [ -72.79605, -35.97507 ], [ -72.5914, -35.8025 ], [ -72.647779999999898, -35.57403 ], [ -72.21084, -35.08528 ], [ -72.01681, -34.14438 ], [ -71.65502, -33.66251 ], [ -71.75625, -33.10542 ], [ -71.569519999999898, -33.00945 ], [ -71.44667, -32.665 ], [ -71.70334, -30.76167 ], [ -71.64557, -30.27361 ], [ -71.405839999999898, -30.18583 ], [ -71.28965, -29.90965 ], [ -71.30946, -29.41875 ], [ -71.49085, -29.19972 ], [ -71.51028, -28.895 ], [ -71.29598, -28.67097 ], [ -71.10529, -27.84389 ], [ -70.91389, -27.62444 ], [ -70.96668, -27.17917 ], [ -70.78535, -26.98882 ], [ -70.63806, -26.30139 ], [ -70.73125, -25.8159 ], [ -70.45056, -25.36549 ], [ -70.58335, -24.71611 ], [ -70.39111, -23.56195 ], [ -70.48737, -23.44958 ], [ -70.62209, -23.49965 ], [ -70.57472, -23.06695 ], [ -70.38431, -23.05806 ], [ -70.28612, -22.88688 ], [ -70.05334, -21.42565 ], [ -70.21043, -20.80167 ], [ -70.12473, -19.97444 ], [ -70.40549, -18.34855 ], [ -69.84459, -18.13236 ], [ -69.81473, -17.65222 ], [ -69.49973, -17.50528 ], [ -69.29125, -17.97945 ], [ -69.07167, -18.03889 ], [ -69.1489, -18.1507 ], [ -68.96583, -18.95306 ], [ -68.44368, -19.43365 ], [ -68.68716, -19.70368 ], [ -68.52334, -19.91639 ], [ -68.57778, -20.05354 ], [ -68.77723, -20.08917 ], [ -68.75223, -20.42403 ], [ -68.46702, -20.63063 ], [ -68.56002, -20.89139 ], [ -68.18861, -21.29695 ], [ -67.84973, -22.55486 ], [ -67.8764, -22.82806 ], [ -67.18362, -22.82167 ] ] ] ] } },
{ "type": "Feature", "properties": { "name": "Falkland Islands (Malvinas)", "iso3": "FLK" }, "geometry": { "type": "MultiPolygon", "coordinates": [ [ [ [ -61.03076, -51.8659 ], [ -60.89084, -51.82584 ], [ -60.86848, -51.90611 ], [ -60.99306, -51.96584 ], [ -61.14806, -51.84639 ], [ -60.93854, -51.80681 ], [ -61.03076, -51.8659 ] ] ], [ [ [ -59.21167, -51.4082 ], [ -60.36806, -52.15917 ], [ -60.62459, -52.2432 ], [ -60.98084, -52.06195 ], [ -60.45972, -51.97084 ], [ -60.44035, -51.78285 ], [ -60.34528, -51.86084 ], [ -60.18285, -51.75785 ], [ -60.63438, -51.725 ], [ -60.16361, -51.67111 ], [ -60.64362, -51.35806 ], [ -60.12722, -51.49473 ], [ -60.0232, -51.38126 ], [ -59.21167, -51.4082 ] ] ], [ [ [ -59.08473, -51.41167 ], [ -58.4125, -51.32341 ], [ -58.32459, -51.41608 ], [ -58.55028, -51.43362 ], [ -58.24139, -51.65014 ], [ -58.1889, -51.58528 ], [ -58.34556, -51.5091 ], [ -58.2748, -51.41376 ], [ -57.91542, -51.37528 ], [ -57.77292, -51.54375 ], [ -58.13896, -51.54986 ], [ -57.73319, -51.69445 ], [ -58.24917, -51.7574 ], [ -58.17362, -51.79667 ], [ -58.42, -51.9007 ], [ -58.93556, -51.80125 ], [ -58.63396, -51.96451 ], [ -58.64695, -52.06722 ], [ -59.25167, -51.99111 ], [ -59.0507, -52.2175 ], [ -59.4498, -52.14674 ], [ -59.34806, -52.34306 ], [ -59.71612, -52.11737 ], [ -59.22125, -51.71709 ], [ -59.05556, -51.69167 ], [ -58.99473, -51.80667 ], [ -59.02389, -51.67695 ], [ -59.16827, -51.58528 ], [ -59.01431, -51.57583 ], [ -59.08473, -51.41167 ] ] ], [ [ [ -60.07944, -51.30083 ], [ -60.26833, -51.39805 ], [ -60.29917, -51.27445 ], [ -60.07944, -51.30083 ] ] ], [ [ [ -59.47306, -51.26779 ], [ -59.57362, -51.33362 ], [ -59.81111, -51.26973 ], [ -59.47306, -51.26779 ] ] ] ] } },
{ "type": "Feature", "properties": { "name": "Paraguay", "iso3": "PRY" }, "geometry": { "type": "Polygon", "coordinates": [ [ [ -54.2439, -24.05361 ], [ -54.6932, -26.42806 ], [ -54.96334, -26.7832 ], [ -55.5475, -27.11222 ], [ -55.73167, -27.43667 ], [ -56.14403, -27.31146 ], [ -56.39805, -27.58445 ], [ -56.55, -27.4525 ], [ -57.12167, -27.49028 ], [ -57.79139, -27.29222 ], [ -58.60462, -27.31692 ], [ -58.65209, -27.15889 ], [ -58.18167, -26.65611 ], [ -58.14473, -26.20695 ], [ -57.57667, -25.54945 ], [ -57.76111, -25.17153 ], [ -58.80792, -24.78153 ], [ -60.03806, -24.00972 ], [ -61.0107, -23.81083 ], [ -61.11133, -23.6084 ], [ -61.99048, -23.00549 ], [ -62.25042, -22.52528 ], [ -62.64377, -22.2389 ], [ -62.2589, -21.05695 ], [ -62.26945, -20.56223 ], [ -61.7425, -19.645 ], [ -59.98181, -19.29681 ], [ -59.09584, -19.34889 ], [ -58.15098, -19.83111 ], [ -58.15584, -20.22861 ], [ -57.81459, -20.97875 ], [ -57.98511, -22.09183 ], [ -56.87751, -22.27417 ], [ -56.39653, -22.06868 ], [ -56.20292, -22.27473 ], [ -55.84972, -22.28889 ], [ -55.60917, -22.63847 ], [ -55.41209, -23.95431 ], [ -55.03139, -23.99445 ], [ -54.6257, -23.80493 ], [ -54.2439, -24.05361 ] ] ] } },
{ "type": "Feature", "properties": { "name": "Bolivia", "iso3": "BOL" }, "geometry": { "type": "Polygon", "coordinates": [ [ [ -58.15889, -20.16806 ], [ -58.15098, -19.83111 ], [ -59.09584, -19.34889 ], [ -59.98181, -19.29681 ], [ -61.7425, -19.645 ], [ -62.26945, -20.56223 ], [ -62.2589, -21.05695 ], [ -62.64377, -22.2389 ], [ -62.81719, -21.99739 ], [ -63.941119999999898, -22.00083 ], [ -64.33827, -22.86979 ], [ -64.59264, -22.2132 ], [ -64.98834, -22.09084 ], [ -65.75001, -22.11007 ], [ -66.22301, -21.78052 ], [ -66.30695, -22.07695 ], [ -66.73668, -22.2275 ], [ -66.77474, -22.42694 ], [ -67.02251, -22.52389 ], [ -67.18362, -22.82167 ], [ -67.8764, -22.82806 ], [ -67.84973, -22.55486 ], [ -68.18861, -21.29695 ], [ -68.56002, -20.89139 ], [ -68.46702, -20.63063 ], [ -68.75223, -20.42403 ], [ -68.77723, -20.08917 ], [ -68.57778, -20.05354 ], [ -68.52334, -19.91639 ], [ -68.68716, -19.70368 ], [ -68.44368, -19.43365 ], [ -68.96583, -18.95306 ], [ -69.1489, -18.1507 ], [ -69.07167, -18.03889 ], [ -69.29125, -17.97945 ], [ -69.50112, -17.37889 ], [ -69.65619, -17.28725 ], [ -68.82424, -16.32632 ], [ -69.21382, -16.15722 ], [ -69.42098, -15.62153 ], [ -69.13709, -15.22764 ], [ -69.38139, -14.96479 ], [ -69.3648, -14.80063 ], [ -68.85789, -14.20014 ], [ -69.06279, -13.70778 ], [ -68.97334, -12.86549 ], [ -68.6739, -12.50115 ], [ -69.56843, -10.95109 ], [ -68.76183, -11.00332 ], [ -68.76671, -11.13712 ], [ -68.62084, -11.11639 ], [ -68.28091, -10.97972 ], [ -68.06111, -10.67639 ], [ -67.70334, -10.69472 ], [ -67.58251, -10.50445 ], [ -66.63048, -9.90576 ], [ -66.07765, -9.77556 ], [ -65.56931, -9.83514 ], [ -65.37695, -9.70333 ], [ -65.28862, -10.19542 ], [ -65.44197, -10.47348 ], [ -65.30265, -10.98556 ], [ -65.390709999999899, -11.27472 ], [ -65.00835, -11.98944 ], [ -64.51653, -12.24222 ], [ -64.37306, -12.46833 ], [ -63.67195, -12.47056 ], [ -63.32487, -12.70421 ], [ -63.0671, -12.65987 ], [ -62.76973, -13.00583 ], [ -62.11367, -13.15371 ], [ -61.84031, -13.53875 ], [ -61.03898, -13.49312 ], [ -60.47681, -13.80347 ], [ -60.25889, -15.09361 ], [ -60.5714, -15.0975 ], [ -60.22723, -15.47861 ], [ -60.16028, -16.26306 ], [ -58.3275, -16.27917 ], [ -58.47577, -16.67463 ], [ -58.39042, -17.25958 ], [ -57.74551, -17.59389 ], [ -57.52112, -18.20389 ], [ -57.77028, -18.90611 ], [ -57.70473, -19.04361 ], [ -58.12111, -19.74139 ], [ -57.85188, -19.97551 ], [ -58.15889, -20.16806 ] ] ] } },
{ "type": "Feature", "properties": { "name": "Angola", "iso3": "AGO" }, "geometry": { "type": "MultiPolygon", "coordinates": [ [ [ [ 23.98621, -10.87046 ], [ 24.05069, -12.39243 ], [ 23.88701, -12.76361 ], [ 24.01944, -12.99945 ], [ 22.00152, -13.00459 ], [ 22.00015, -16.17166 ], [ 22.18833, -16.54111 ], [ 23.47611, -17.62584 ], [ 20.85416, -18.01639 ], [ 20.32132, -17.85722 ], [ 18.91944, -17.81639 ], [ 18.45154, -17.38984 ], [ 13.99322, -17.42395 ], [ 13.47208, -17.01083 ], [ 13.14917, -16.95417 ], [ 12.55722, -17.24333 ], [ 12.08778, -17.13653 ], [ 11.75278, -17.25483 ], [ 11.73125, -15.85069 ], [ 12.015, -15.56944 ], [ 12.33222, -14.105 ], [ 12.50458, -13.84445 ], [ 12.51271, -13.42438 ], [ 12.93833, -12.99417 ], [ 12.97, -12.78444 ], [ 13.37583, -12.59 ], [ 13.6625, -12.16972 ], [ 13.85361, -11.00292 ], [ 12.98458, -9.08125 ], [ 13.3875, -8.74028 ], [ 13.3918, -8.39375 ], [ 12.81778, -6.95028 ], [ 12.28, -6.06333 ], [ 13.17888, -5.85633 ], [ 16.51416, -5.87583 ], [ 16.72522, -6.19744 ], [ 16.68847, -6.405 ], [ 16.93, -6.89222 ], [ 16.94312, -7.19903 ], [ 17.63111, -8.09806 ], [ 18.11542, -8.10711 ], [ 18.52694, -7.93708 ], [ 19.37278, -7.99333 ], [ 19.53895, -6.99661 ], [ 20.62975, -6.91388 ], [ 20.54872, -7.28362 ], [ 21.77786, -7.28125 ], [ 21.85972, -7.47695 ], [ 21.75507, -8.00375 ], [ 21.94, -8.49611 ], [ 21.79153, -9.41139 ], [ 22.31382, -10.375 ], [ 22.31514, -10.7275 ], [ 22.16646, -10.85993 ], [ 22.25389, -11.20972 ], [ 22.5675, -11.03361 ], [ 23.85861, -11.02716 ], [ 23.98621, -10.87046 ] ] ], [ [ [ 12.21455, -5.76856 ], [ 12.22861, -5.47695 ], [ 12.02613, -5.015 ], [ 12.40083, -4.60945 ], [ 12.86972, -4.39958 ], [ 13.09264, -4.64611 ], [ 12.82055, -4.7375 ], [ 12.57222, -5.02181 ], [ 12.52667, -5.72417 ], [ 12.21455, -5.76856 ] ] ] ] } },
{ "type": "Feature", "properties": { "name": "Bahamas", "iso3": "BHS" }, "geometry": { "type": "MultiPolygon", "coordinates": [ [ [ [ -73.03584, 21.14167 ], [ -73.31084, 20.93611 ], [ -73.70223, 20.99972 ], [ -73.53063, 21.18576 ], [ -73.25848, 21.135 ], [ -73.02792, 21.3325 ], [ -73.03584, 21.14167 ] ] ], [ [ [ -73.08168, 22.44361 ], [ -72.7814, 22.28416 ], [ -73.16362, 22.37694 ], [ -73.08168, 22.44361 ] ] ], [ [ [ -73.85153, 22.72833 ], [ -73.83695, 22.55167 ], [ -73.86751, 22.46944 ], [ -74.2814, 22.17305 ], [ -73.86778, 22.51222 ], [ -74.03653, 22.62027 ], [ -73.85153, 22.72833 ] ] ], [ [ [ -74.02236, 22.71312 ], [ -74.2725, 22.71444 ], [ -74.3439, 22.835 ], [ -74.02236, 22.71312 ] ] ], [ [ [ -75.03001, 23.1125 ], [ -74.84889, 23.00208 ], [ -74.82918, 22.86319 ], [ -75.16862, 23.14283 ], [ -75.0707, 23.11069 ], [ -75.30751, 23.66777 ], [ -75.03001, 23.1125 ] ] ], [ [ [ -75.77196, 23.49972 ], [ -75.99112, 23.59944 ], [ -76.02863, 23.6725 ], [ -75.91862, 23.62639 ], [ -75.77196, 23.49972 ] ] ], [ [ [ -74.50876, 24.12236 ], [ -74.49278, 23.95528 ], [ -74.5414, 23.96917 ], [ -74.50876, 24.12236 ] ] ], [ [ [ -77.74167, 24.03028 ], [ -77.60932, 24.215 ], [ -77.51682, 23.92472 ], [ -77.56932, 23.73792 ], [ -77.77375, 23.74486 ], [ -77.66965, 23.76637 ], [ -77.57591, 23.84389 ], [ -77.73029, 23.78694 ], [ -77.87668, 24.07306 ], [ -77.67793, 24.29513 ], [ -77.74167, 24.03028 ] ] ], [ [ [ -75.31473, 24.21389 ], [ -75.51502, 24.13972 ], [ -75.46612, 24.29035 ], [ -75.73557, 24.69652 ], [ -75.31473, 24.21389 ] ] ], [ [ [ -77.34113, 25.01694 ], [ -77.5614, 25.0275 ], [ -77.25959, 25.05194 ], [ -77.34113, 25.01694 ] ] ], [ [ [ -77.98771, 25.15021 ], [ -77.7183, 24.49722 ], [ -78.01966, 24.27465 ], [ -78.44015, 24.61666 ], [ -78.31754, 24.70952 ], [ -78.328299999999899, 24.59399 ], [ -78.19327, 24.60541 ], [ -78.30585, 24.72111 ], [ -78.17723, 24.91722 ], [ -78.205, 25.20194 ], [ -77.98771, 25.15021 ] ] ], [ [ [ -76.73529, 25.55916 ], [ -76.3497, 25.34328 ], [ -76.12028, 25.13319 ], [ -76.16834, 24.69 ], [ -76.33689, 24.8177 ], [ -76.21112, 24.86583 ], [ -76.16334, 25.12778 ], [ -76.71584, 25.44167 ], [ -76.73529, 25.55916 ] ] ], [ [ [ -77.91723, 26.74528 ], [ -77.93806, 26.6425 ], [ -78.70862, 26.48972 ], [ -78.978899999999896, 26.69528 ], [ -78.70112, 26.58444 ], [ -78.51889, 26.73416 ], [ -77.91723, 26.74528 ] ] ], [ [ [ -77.95029, 26.89778 ], [ -77.53695, 26.89139 ], [ -77.04224, 26.50889 ], [ -77.20264, 25.8825 ], [ -77.398049999999898, 26.02639 ], [ -77.22084, 26.14528 ], [ -77.15417, 26.55458 ], [ -77.54279, 26.86555 ], [ -77.95029, 26.89778 ] ] ] ] } },
{ "type": "Feature", "properties": { "name": "Cuba", "iso3": "CUB" }, "geometry": { "type": "MultiPolygon", "coordinates": [ [ [ [ -82.5446, 21.57389 ], [ -82.89723, 21.43278 ], [ -83.07299, 21.46271 ], [ -83.1914, 21.6234 ], [ -82.93508, 21.5866 ], [ -83.08944, 21.78555 ], [ -82.97446, 21.94278 ], [ -82.71584, 21.89027 ], [ -82.5446, 21.57389 ] ] ], [ [ [ -77.91505, 22.09469 ], [ -77.65257, 22.06861 ], [ -77.63834, 21.95305 ], [ -77.70557, 21.90861 ], [ -77.91505, 22.09469 ] ] ], [ [ [ -77.84445, 22.10805 ], [ -78.04403, 22.18833 ], [ -77.99751, 22.28527 ], [ -77.86126, 22.21916 ], [ -77.84445, 22.10805 ] ] ], [ [ [ -78.20528, 22.43708 ], [ -78.01945, 22.26194 ], [ -78.30882, 22.41014 ], [ -78.20528, 22.43708 ] ] ], [ [ [ -78.69639, 22.51167 ], [ -78.27772, 22.44278 ], [ -78.42529, 22.4125 ], [ -78.69639, 22.51167 ] ] ], [ [ [ -79.32417, 22.61722 ], [ -79.51779, 22.71416 ], [ -79.63251, 22.8 ], [ -79.580349999999896, 22.81132 ], [ -79.32417, 22.61722 ] ] ], [ [ [ -75.085279999999898, 19.89304 ], [ -75.09279, 20.05639 ], [ -75.35556, 19.87555 ], [ -76.2489, 19.99083 ], [ -77.72584, 19.83639 ], [ -77.1146, 20.36736 ], [ -77.23639, 20.66306 ], [ -78.07223, 20.71389 ], [ -78.49515, 21.0318 ], [ -78.74028, 21.63472 ], [ -79.23195, 21.54111 ], [ -79.98779, 21.72361 ], [ -80.49196, 22.17722 ], [ -80.59112, 22.05055 ], [ -80.89111, 22.03972 ], [ -81.82306, 22.18361 ], [ -82.16265, 22.39528 ], [ -81.64889, 22.49139 ], [ -81.88501, 22.68083 ], [ -82.76057, 22.70083 ], [ -83.36806, 22.20166 ], [ -83.92904, 22.1625 ], [ -84.02877, 21.91403 ], [ -84.50112, 21.76555 ], [ -84.49848, 21.93472 ], [ -84.95293, 21.86319 ], [ -84.33806, 22.01222 ], [ -84.44, 22.20361 ], [ -84.20056, 22.55305 ], [ -83.229169999999897, 22.99888 ], [ -82.22056, 23.1875 ], [ -81.58543, 23.15638 ], [ -81.50084, 23.05555 ], [ -81.22696, 23.16166 ], [ -81.1314, 23.02333 ], [ -80.63306, 23.09833 ], [ -80.27862, 22.90528 ], [ -80.037639999999897, 22.95125 ], [ -79.25904, 22.37264 ], [ -78.57333, 22.32194 ], [ -77.34049, 21.63729 ], [ -77.6107, 21.88583 ], [ -77.54306, 21.91861 ], [ -77.14001, 21.65277 ], [ -77.36431, 21.6141 ], [ -77.26584, 21.48083 ], [ -77.06195, 21.585 ], [ -76.89861, 21.30931 ], [ -76.79883, 21.38361 ], [ -76.53848, 21.18278 ], [ -76.36445, 21.27444 ], [ -76.02167, 21.08416 ], [ -75.70723, 21.12194 ], [ -75.57973, 21.00694 ], [ -75.76723, 20.82639 ], [ -75.73668, 20.69694 ], [ -74.95557, 20.68528 ], [ -74.49876, 20.35041 ], [ -74.14223, 20.25152 ], [ -74.28432, 20.05653 ], [ -74.76222, 20.04805 ], [ -75.085279999999898, 19.89304 ] ] ] ] } },
{ "type": "Feature", "properties": { "name": "Senegal", "iso3": "SEN" }, "geometry": { "type": "Polygon", "coordinates": [ [ [ -12.24483, 14.76439 ], [ -12.2064, 14.39529 ], [ -11.98222, 14.17278 ], [ -11.9425, 13.85889 ], [ -12.05722, 13.66472 ], [ -11.80951, 13.30927 ], [ -11.63458, 13.39153 ], [ -11.37611, 12.98291 ], [ -11.37306, 12.40777 ], [ -12.3454, 12.30175 ], [ -12.89625, 12.545 ], [ -13.04569, 12.47903 ], [ -13.05632, 12.6341 ], [ -15.21806, 12.68472 ], [ -15.68528, 12.43 ], [ -16.20917, 12.46083 ], [ -16.71777, 12.32243 ], [ -16.80014, 12.48639 ], [ -16.58375, 12.63264 ], [ -16.37438, 12.54541 ], [ -16.02827, 12.63048 ], [ -15.82472, 12.55083 ], [ -15.72972, 12.58666 ], [ -15.63445, 12.53104 ], [ -15.50931, 12.63708 ], [ -15.52986, 12.78208 ], [ -15.39181, 12.83292 ], [ -15.52688, 12.80576 ], [ -15.64563, 12.55708 ], [ -16.02138, 12.72494 ], [ -16.42167, 12.5768 ], [ -16.59396, 12.78333 ], [ -16.75292, 12.56472 ], [ -16.70035, 13.15722 ], [ -15.80972, 13.15972 ], [ -15.80653, 13.33944 ], [ -15.29042, 13.37278 ], [ -15.11167, 13.59583 ], [ -14.35111, 13.23778 ], [ -13.87306, 13.32083 ], [ -13.80375, 13.44319 ], [ -13.98042, 13.58278 ], [ -14.33486, 13.45403 ], [ -14.53569, 13.65069 ], [ -14.71653, 13.61333 ], [ -15.07028, 13.82639 ], [ -15.36444, 13.78139 ], [ -15.4882, 13.59083 ], [ -16.56567, 13.59 ], [ -16.63862, 13.75278 ], [ -16.49084, 13.95805 ], [ -16.69844, 13.77045 ], [ -16.74535, 13.95347 ], [ -16.63889, 13.96167 ], [ -16.36743, 14.16639 ], [ -16.77584, 14.0125 ], [ -17.17556, 14.65444 ], [ -17.53278, 14.75014 ], [ -17.14611, 14.91806 ], [ -16.87938, 15.22431 ], [ -16.54639, 15.75667 ], [ -16.52768, 16.06025 ], [ -16.28528, 16.51708 ], [ -15.67028, 16.48111 ], [ -14.98452, 16.69062 ], [ -14.34361, 16.63611 ], [ -13.81611, 16.13527 ], [ -13.39542, 16.05542 ], [ -12.84972, 15.20805 ], [ -12.24483, 14.76439 ] ] ] } },
{ "type": "Feature", "properties": { "name": "Guinea-Bissau", "iso3": "GNB" }, "geometry": { "type": "MultiPolygon", "coordinates": [ [ [ [ -16.085, 11.02597 ], [ -16.24167, 11.08514 ], [ -16.11056, 11.20444 ], [ -16.05403, 11.18791 ], [ -16.085, 11.02597 ] ] ], [ [ [ -15.74, 11.16694 ], [ -15.75305, 11.26972 ], [ -15.66243, 11.30146 ], [ -15.66111, 11.22507 ], [ -15.74, 11.16694 ] ] ], [ [ [ -16.25056, 11.53666 ], [ -16.31223, 11.47722 ], [ -16.41493, 11.48229 ], [ -16.39097, 11.54667 ], [ -16.25056, 11.53666 ] ] ], [ [ [ -15.9482, 11.42403 ], [ -16.065, 11.44972 ], [ -15.95833, 11.59417 ], [ -15.90306, 11.54222 ], [ -15.9482, 11.42403 ] ] ], [ [ [ -15.46682, 11.56531 ], [ -15.63396, 11.53581 ], [ -15.48789, 11.6243 ], [ -15.46682, 11.56531 ] ] ], [ [ [ -16.02938, 11.75854 ], [ -16.15785, 11.80903 ], [ -16.15715, 11.87111 ], [ -15.98111, 11.90569 ], [ -16.02938, 11.75854 ] ] ], [ [ [ -13.71314, 12.67722 ], [ -13.66931, 12.31861 ], [ -13.96398, 12.15349 ], [ -13.71407, 12.01618 ], [ -13.7082, 11.71764 ], [ -14.67813, 11.51264 ], [ -15.08639, 10.9251 ], [ -15.02278, 11.19528 ], [ -15.23292, 10.9959 ], [ -15.20882, 11.22976 ], [ -15.35347, 11.1418 ], [ -15.42667, 11.28743 ], [ -15.26528, 11.42591 ], [ -15.50115, 11.33281 ], [ -15.28208, 11.61931 ], [ -15.02722, 11.59417 ], [ -15.33903, 11.68146 ], [ -15.44434, 11.55312 ], [ -15.42353, 11.68367 ], [ -15.55611, 11.72542 ], [ -15.38195, 11.885 ], [ -15.13083, 11.89333 ], [ -15.06653, 11.80264 ], [ -14.97556, 11.75125 ], [ -14.93056, 11.75479 ], [ -15.06563, 11.84708 ], [ -15.00827, 11.9763 ], [ -15.43083, 11.95889 ], [ -15.95944, 11.73528 ], [ -15.86292, 11.96708 ], [ -15.72389, 11.9675 ], [ -15.70581, 12.0099 ], [ -16.24917, 11.92819 ], [ -16.34972, 12.10583 ], [ -16.11528, 12.33333 ], [ -16.45528, 12.1718 ], [ -16.71777, 12.32243 ], [ -16.20917, 12.46083 ], [ -15.68528, 12.43 ], [ -15.21806, 12.68472 ], [ -13.71314, 12.67722 ] ] ] ] } },
{ "type": "Feature", "properties": { "name": "British Indian Ocean Territory", "iso3": "IOT" }, "geometry": { "type": "Polygon", "coordinates": [ [ [ 72.4872, -7.38194 ], [ 72.43254, -7.43474 ], [ 72.3579, -7.26965 ], [ 72.43435, -7.4266 ], [ 72.44469, -7.23347 ], [ 72.4872, -7.38194 ] ] ] } },
{ "type": "Feature", "properties": { "name": "Saint Kitts and Nevis", "iso3": "KNA" }, "geometry": { "type": "Polygon", "coordinates": [ [ [ -62.81514, 17.41014 ], [ -62.6232, 17.22437 ], [ -62.86278, 17.36861 ], [ -62.81514, 17.41014 ] ] ] } },
{ "type": "Feature", "properties": { "name": "Solomon Islands", "iso3": "SLB" }, "geometry": { "type": "MultiPolygon", "coordinates": [ [ [ [ 166.92108, -11.64778 ], [ 166.78943, -11.67389 ], [ 166.75971, -11.58111 ], [ 166.92108, -11.64778 ] ] ], [ [ [ 159.96219, -11.52639 ], [ 160.43706, -11.68 ], [ 160.52747, -11.80805 ], [ 159.96219, -11.52639 ] ] ], [ [ [ 166.15735, -10.67806 ], [ 165.88303, -10.87361 ], [ 165.77747, -10.805 ], [ 165.9058, -10.67368 ], [ 166.15735, -10.67806 ] ] ], [ [ [ 161.34579, -10.20333 ], [ 162.10649, -10.4493 ], [ 162.382930000000101, -10.82946 ], [ 161.77832, -10.72083 ], [ 161.49857, -10.36778 ], [ 161.27969, -10.30333 ], [ 161.34579, -10.20333 ] ] ], [ [ [ 161.56912, -9.72417 ], [ 161.39721, -9.66945 ], [ 161.40517, -9.47231 ], [ 161.3519, -9.3416 ], [ 161.56912, -9.72417 ] ] ], [ [ [ 159.93344, -9.43153 ], [ 160.38639, -9.42667 ], [ 160.82525, -9.8666 ], [ 159.83433, -9.79917 ], [ 159.61691, -9.5375 ], [ 159.60183, -9.32056 ], [ 159.723, -9.255 ], [ 159.93344, -9.43153 ] ] ], [ [ [ 160.32205, -9.06028 ], [ 160.3511400000001, -9.19014 ], [ 160.21344, -9.17292 ], [ 160.27142, -9.15422 ], [ 160.32205, -9.06028 ] ] ], [ [ [ 160.19011, -8.99694 ], [ 160.26444, -9.13194 ], [ 160.07706, -9.04431 ], [ 160.19011, -8.99694 ] ] ], [ [ [ 159.13512, -8.99375 ], [ 159.09939, -9.11972 ], [ 159.03179, -9.06292 ], [ 159.13512, -8.99375 ] ] ], [ [ [ 157.559, -8.69319 ], [ 157.61996, -8.80083 ], [ 157.44748, -8.71139 ], [ 157.559, -8.69319 ] ] ], [ [ [ 158.00306, -8.77111 ], [ 157.87552, -8.61 ], [ 158.007480000000101, -8.50778 ], [ 158.14053, -8.57014 ], [ 158.00306, -8.77111 ] ] ], [ [ [ 157.34302, -8.41389 ], [ 157.32704, -8.64417 ], [ 157.38443, -8.73444 ], [ 157.19885, -8.56889 ], [ 157.34302, -8.41389 ] ] ], [ [ [ 159.68499, -8.54528 ], [ 159.54901, -8.48055 ], [ 159.53943, -8.40389 ], [ 159.64429, -8.39639 ], [ 159.68499, -8.54528 ] ] ], [ [ [ 160.94429, -8.81653 ], [ 161.16316, -8.96972 ], [ 161.37899, -9.63187 ], [ 160.80817, -9.06264 ], [ 160.58024, -8.335 ], [ 160.75512, -8.315 ], [ 160.9835700000001, -8.59056 ], [ 160.94429, -8.81653 ] ] ], [ [ [ 157.48577, -7.96778 ], [ 157.90616, -8.48312 ], [ 157.8119200000001, -8.62083 ], [ 157.58024, -8.4425 ], [ 157.55554, -8.26889 ], [ 157.29359, -8.34 ], [ 157.21497, -8.25611 ], [ 157.48577, -7.96778 ] ] ], [ [ [ 156.60079, -8.19993 ], [ 156.53289, -8.09431 ], [ 156.54553, -7.94431 ], [ 156.60385, -8.04833 ], [ 156.60079, -8.19993 ] ] ], [ [ [ 157.15983, -8.14722 ], [ 156.96775, -8.04639 ], [ 157.02768, -7.86535 ], [ 157.18359, -7.93167 ], [ 157.15983, -8.14722 ] ] ], [ [ [ 156.70664, -7.89722 ], [ 156.50027, -7.69833 ], [ 156.55441, -7.57861 ], [ 156.80831, -7.72875 ], [ 156.70664, -7.89722 ] ] ], [ [ [ 158.5277, -7.65042 ], [ 158.3594, -7.64056 ], [ 158.31414, -7.57944 ], [ 158.37746, -7.56722 ], [ 158.5277, -7.65042 ] ] ], [ [ [ 159.85121, -8.33194 ], [ 159.89002, -8.55757 ], [ 159.62246, -8.36056 ], [ 158.84218, -7.97146 ], [ 158.48746, -7.55417 ], [ 159.85121, -8.33194 ] ] ], [ [ [ 155.868970000000104, -7.06271 ], [ 155.76913, -7.12944 ], [ 155.67129, -7.09153 ], [ 155.72994, -6.9675 ], [ 155.868970000000104, -7.06271 ] ] ], [ [ [ 157.31927, -7.28375 ], [ 157.53511, -7.35917 ], [ 157.44385, -7.43389 ], [ 156.93207, -7.21639 ], [ 156.44163, -6.63986 ], [ 157.04249, -6.90167 ], [ 157.31927, -7.28375 ] ] ] ] } },
{ "type": "Feature", "properties": { "name": "Papua New Guinea", "iso3": "PNG" }, "geometry": { "type": "MultiPolygon", "coordinates": [ [ [ [ 153.7731, -11.61347 ], [ 153.37607, -11.56722 ], [ 153.19942, -11.32208 ], [ 153.68664, -11.52695 ], [ 153.7731, -11.61347 ] ] ], [ [ [ 154.29776, -11.39194 ], [ 154.10663, -11.43972 ], [ 154.00499, -11.38556 ], [ 154.15387, -11.31417 ], [ 154.29776, -11.39194 ] ] ], [ [ [ 152.8719, -10.66014 ], [ 152.74441, -10.71667 ], [ 152.5424, -10.63257 ], [ 152.78761, -10.62042 ], [ 152.8719, -10.66014 ] ] ], [ [ [ 150.89624, -10.55042 ], [ 150.78525, -10.63472 ], [ 150.79309, -10.54167 ], [ 150.89624, -10.55042 ] ] ], [ [ [ 151.07303, -10.02444 ], [ 151.298590000000104, -9.95083 ], [ 151.22913, -10.20111 ], [ 150.95859, -10.11028 ], [ 150.76262, -9.70785 ], [ 151.07303, -10.02444 ] ] ], [ [ [ 150.4219, -9.38944 ], [ 150.80442, -9.43278 ], [ 150.92163, -9.67083 ], [ 150.51443, -9.62333 ], [ 150.4219, -9.38944 ] ] ], [ [ [ 150.34192, -9.52069 ], [ 150.10954, -9.37069 ], [ 150.19359, -9.20944 ], [ 150.33095, -9.27361 ], [ 150.34192, -9.52069 ] ] ], [ [ [ 143.23471, -9.10711 ], [ 143.24102, -9.16222 ], [ 143.195790000000102, -9.13507 ], [ 143.23471, -9.10711 ] ] ], [ [ [ 152.81122, -8.97146 ], [ 152.99999, -9.16903 ], [ 152.83551, -9.23556 ], [ 152.49872, -9.02334 ], [ 152.81122, -8.97146 ] ] ], [ [ [ 151.10718, -8.76445 ], [ 150.99753, -8.52708 ], [ 151.12329, -8.42278 ], [ 151.12384, -8.62472 ], [ 151.10718, -8.76445 ] ] ], [ [ [ 143.6397, -8.73139 ], [ 143.24051, -8.48722 ], [ 143.18254, -8.42347 ], [ 143.46719, -8.52778 ], [ 143.6397, -8.73139 ] ] ], [ [ [ 143.57276, -8.49389 ], [ 143.35495, -8.41806 ], [ 143.31442, -8.38014 ], [ 143.57851, -8.37549 ], [ 143.57276, -8.49389 ] ] ], [ [ [ 148.000770000000102, -5.8527 ], [ 147.79327, -5.66138 ], [ 147.78207, -5.4925 ], [ 148.0653, -5.62758 ], [ 148.000770000000102, -5.8527 ] ] ], [ [ [ 154.7536, -5.51806 ], [ 155.07357, -5.56167 ], [ 155.47717, -6.16917 ], [ 155.83273, -6.39861 ], [ 155.94427, -6.78222 ], [ 155.70849, -6.8809 ], [ 155.33989, -6.74146 ], [ 155.19275, -6.56056 ], [ 155.21649, -6.32472 ], [ 154.75058, -5.94916 ], [ 154.7536, -5.51806 ] ] ], [ [ [ 147.1561, -5.44903 ], [ 147.009010000000103, -5.35264 ], [ 147.10941, -5.19333 ], [ 147.211640000000102, -5.26917 ], [ 147.1561, -5.44903 ] ] ], [ [ [ 154.67553, -5.44083 ], [ 154.53028, -5.13389 ], [ 154.62051, -5.01861 ], [ 154.7276, -5.2 ], [ 154.67553, -5.44083 ] ] ], [ [ [ 145.95135, -4.76444 ], [ 145.87316, -4.66972 ], [ 145.97844, -4.52792 ], [ 146.05414, -4.66139 ], [ 145.95135, -4.76444 ] ] ], [ [ [ 152.16872, -4.14486 ], [ 152.17212, -4.29014 ], [ 152.3558, -4.34306 ], [ 152.40583, -4.68889 ], [ 152.23732, -4.98722 ], [ 151.9708, -4.99333 ], [ 152.09607, -5.45722 ], [ 151.82206, -5.60111 ], [ 151.47052, -5.53097 ], [ 151.38471, -5.8072 ], [ 150.46856, -6.27611 ], [ 149.6347, -6.30806 ], [ 149.31193, -6.05722 ], [ 149.06622, -6.16458 ], [ 149.05555, -6.04444 ], [ 148.33078, -5.69515 ], [ 148.42858, -5.45111 ], [ 148.98578, -5.47306 ], [ 149.22076, -5.60611 ], [ 149.87802, -5.53569 ], [ 150.09234, -5.00778 ], [ 150.20391, -5.07181 ], [ 150.04248, -5.30861 ], [ 150.16443, -5.55139 ], [ 150.92441, -5.48722 ], [ 151.2643, -4.98514 ], [ 151.67608, -4.90805 ], [ 151.510000000000105, -4.20611 ], [ 151.97081, -4.3366 ], [ 152.16872, -4.14486 ] ] ], [ [ [ 152.64637, -3.22861 ], [ 152.53817, -3.10333 ], [ 152.60289, -3.04764 ], [ 152.66776, -3.12944 ], [ 152.64637, -3.22861 ] ] ], [ [ [ 150.87495, -2.91069 ], [ 151.02199, -2.96854 ], [ 150.76706, -2.98194 ], [ 150.87495, -2.91069 ] ] ], [ [ [ 141.00702, -9.12847 ], [ 141.00614, -6.89328 ], [ 140.85886, -6.67833 ], [ 141.00613, -6.33292 ], [ 141.0429, -2.59 ], [ 142.55191, -3.21833 ], [ 143.51845, -3.43556 ], [ 144.01694, -3.81056 ], [ 144.51374, -3.82222 ], [ 144.57135, -3.99194 ], [ 144.85428, -4.09569 ], [ 145.09233, -4.37278 ], [ 145.33594, -4.39083 ], [ 145.73551, -4.80278 ], [ 145.76639, -5.48528 ], [ 146.4709, -5.60757 ], [ 147.10743, -5.96639 ], [ 147.48062, -5.97725 ], [ 147.82635, -6.33722 ], [ 147.86968, -6.65778 ], [ 146.961370000000102, -6.74722 ], [ 147.17859, -7.46389 ], [ 147.45773, -7.59778 ], [ 147.73163, -7.94 ], [ 148.13526, -8.06611 ], [ 148.23053, -8.55972 ], [ 148.44441, -8.67694 ], [ 148.60412, -9.0825 ], [ 149.31448, -9.01979 ], [ 149.219970000000103, -9.47472 ], [ 149.4544, -9.60305 ], [ 150.00888, -9.63139 ], [ 150.05372, -9.72236 ], [ 149.71719, -9.83347 ], [ 149.91415, -10.04889 ], [ 150.61565, -10.27653 ], [ 150.87802, -10.23 ], [ 150.36911, -10.32195 ], [ 150.68995, -10.5632 ], [ 150.20969, -10.70055 ], [ 149.85164, -10.54861 ], [ 150.078850000000102, -10.46278 ], [ 149.74775, -10.34278 ], [ 148.40332, -10.20055 ], [ 148.15599, -10.07644 ], [ 147.95245, -10.14583 ], [ 147.60135, -9.97528 ], [ 147.2966, -9.53412 ], [ 147.05871, -9.47 ], [ 146.89582, -9.27847 ], [ 146.97127, -9.02993 ], [ 146.586640000000102, -8.99917 ], [ 146.08969, -8.09111 ], [ 144.87967, -7.7825 ], [ 144.86246, -7.61056 ], [ 144.59939, -7.66028 ], [ 144.52291, -7.50292 ], [ 144.50833, -7.61806 ], [ 144.40858, -7.51986 ], [ 144.46774, -7.74306 ], [ 144.31412, -7.61792 ], [ 144.21738, -7.79465 ], [ 143.66482, -7.46765 ], [ 143.95801, -7.97862 ], [ 143.75277, -8.04 ], [ 143.36038, -7.90111 ], [ 143.611900000000105, -8.24389 ], [ 142.97663, -8.34417 ], [ 142.69635, -8.2675 ], [ 142.44011, -8.33208 ], [ 142.3826, -8.18931 ], [ 142.32776, -8.16389 ], [ 142.13901, -8.22389 ], [ 142.32441, -8.18333 ], [ 142.43942, -8.37139 ], [ 142.73468, -8.3225 ], [ 143.11023, -8.47028 ], [ 143.39277, -8.77028 ], [ 143.33163, -9.02833 ], [ 142.63889, -9.33472 ], [ 142.2065, -9.165 ], [ 141.1608, -9.2375 ], [ 141.00702, -9.12847 ] ] ], [ [ [ 150.81059, -2.56229 ], [ 152.055120000000102, -3.25389 ], [ 152.57704, -3.82354 ], [ 153.00693, -4.09361 ], [ 153.12808, -4.3916 ], [ 152.97746, -4.76361 ], [ 152.90095, -4.82292 ], [ 152.73898, -4.66576 ], [ 152.69351, -4.18715 ], [ 152.28595, -3.57611 ], [ 151.00206, -2.78819 ], [ 150.7301, -2.7375 ], [ 150.88379, -2.70934 ], [ 150.81059, -2.56229 ] ] ], [ [ [ 150.459, -2.65097 ], [ 150.18734, -2.68556 ], [ 149.95011, -2.47076 ], [ 150.21637, -2.37778 ], [ 150.44468, -2.47778 ], [ 150.459, -2.65097 ] ] ], [ [ [ 146.63858, -1.97861 ], [ 147.44671, -2.01299 ], [ 147.20843, -2.18951 ], [ 146.525, -2.19083 ], [ 146.63858, -1.97861 ] ] ], [ [ [ 149.57996, -1.35528 ], [ 149.7319, -1.60333 ], [ 149.52818, -1.45139 ], [ 149.57996, -1.35528 ] ] ] ] } },
{ "type": "Feature", "properties": { "name": "Pitcairn Island", "iso3": "PCN" }, "geometry": { "type": "MultiPolygon", "coordinates": [ [ [ [ -130.06384, -25.06826 ], [ -130.10263, -25.07445 ], [ -130.10506, -25.06146 ], [ -130.06384, -25.06826 ] ] ], [ [ [ -128.30168, -24.33445 ], [ -128.34308, -24.36722 ], [ -128.33694, -24.32917 ], [ -128.30168, -24.33445 ] ] ] ] } },
{ "type": "Feature", "properties": { "name": "Saint Lucia", "iso3": "LCA" }, "geometry": { "type": "Polygon", "coordinates": [ [ [ -60.90028, 13.77833 ], [ -61.07473, 13.805 ], [ -60.93334, 14.1093 ], [ -60.878619999999898, 13.97583 ], [ -60.90028, 13.77833 ] ] ] } },
{ "type": "Feature", "properties": { "name": "Pakistan", "iso3": "PAK" }, "geometry": { "type": "Polygon", "coordinates": [ [ [ 75.05763, 32.47513 ], [ 75.39129, 32.24156 ], [ 75.25653, 32.09287 ], [ 74.89744, 32.04731 ], [ 74.48873, 31.72159 ], [ 74.6328, 31.46211 ], [ 74.53899, 31.11873 ], [ 74.69759, 31.05909 ], [ 74.30748, 30.84888 ], [ 73.87041, 30.38741 ], [ 73.9334, 30.136 ], [ 73.39749, 29.94277 ], [ 72.95026, 29.04 ], [ 72.38971, 28.785 ], [ 71.89694, 27.96194 ], [ 70.82944, 27.70638 ], [ 70.58736, 28.00319 ], [ 70.36651, 28.01875 ], [ 69.58353, 27.17798 ], [ 69.51131, 26.74875 ], [ 70.16797, 26.55625 ], [ 70.12289, 25.91069 ], [ 70.28485, 25.70555 ], [ 70.67567, 25.68013 ], [ 70.67769, 25.40312 ], [ 71.07742, 24.68046 ], [ 70.98012, 24.55791 ], [ 71.10498, 24.4193 ], [ 70.88123, 24.27319 ], [ 70.64512, 24.24409 ], [ 70.55998, 24.43583 ], [ 70.02026, 24.17069 ], [ 68.78874, 24.33361 ], [ 68.74721, 23.96999 ], [ 68.28471, 23.9393 ], [ 68.16692, 23.75482 ], [ 68.15738, 23.89187 ], [ 68.15082, 23.68805 ], [ 68.01562, 23.93521 ], [ 68.01944, 23.76646 ], [ 67.85512, 23.9018 ], [ 67.63255, 23.80236 ], [ 67.30247, 24.17611 ], [ 67.1511, 24.61305 ], [ 67.2354, 24.77291 ], [ 66.65138, 24.82854 ], [ 66.73276, 25.19749 ], [ 66.53984, 25.5093 ], [ 66.35942, 25.61361 ], [ 66.14414, 25.50727 ], [ 66.33193, 25.55409 ], [ 66.50005, 25.40382 ], [ 64.76291, 25.32055 ], [ 64.64873, 25.16249 ], [ 64.09367, 25.32847 ], [ 64.11735, 25.45319 ], [ 63.98055, 25.4184 ], [ 64.0686, 25.33937 ], [ 63.65638, 25.37888 ], [ 63.42916, 25.215 ], [ 62.13388, 25.21083 ], [ 61.84485, 25.03736 ], [ 61.61103, 25.19765 ], [ 61.85486, 26.23055 ], [ 62.27489, 26.3566 ], [ 62.43791, 26.56653 ], [ 63.18513, 26.63916 ], [ 63.33027, 27.14888 ], [ 63.20193, 27.26764 ], [ 62.78027, 27.2668 ], [ 62.78222, 28.26375 ], [ 62.59249, 28.2336 ], [ 62.39985, 28.41944 ], [ 61.90555, 28.555 ], [ 60.8663, 29.86366 ], [ 62.48444, 29.40611 ], [ 63.58721, 29.50389 ], [ 64.05914, 29.41444 ], [ 66.25665, 29.85194 ], [ 66.36206, 29.95979 ], [ 66.24067, 30.06534 ], [ 66.40026, 30.94347 ], [ 66.57902, 30.98666 ], [ 66.72158, 31.20735 ], [ 66.96555, 31.32 ], [ 67.38472, 31.21527 ], [ 67.79055, 31.34341 ], [ 67.58138, 31.52927 ], [ 67.96874, 31.63388 ], [ 68.16363, 31.82934 ], [ 68.53457, 31.7268 ], [ 68.4463, 31.78017 ], [ 68.5761, 31.82347 ], [ 68.82777, 31.60583 ], [ 69.32825, 31.94036 ], [ 69.2479, 32.4411 ], [ 69.4561, 32.67423 ], [ 69.50708, 33.03611 ], [ 70.02887, 33.13583 ], [ 70.32478, 33.3327 ], [ 69.90096, 34.02916 ], [ 70.55832, 33.94443 ], [ 71.08117, 34.05617 ], [ 71.15491, 34.35562 ], [ 70.98228, 34.53791 ], [ 71.4938, 34.9577 ], [ 71.64832, 35.42818 ], [ 71.44275, 35.86693 ], [ 71.18971, 36.05211 ], [ 71.64418, 36.46597 ], [ 71.74501, 36.41612 ], [ 72.5786, 36.82543 ], [ 73.82478, 36.89698 ], [ 73.8547, 36.7138 ], [ 73.04997, 36.68192 ], [ 73.0383, 36.54059 ], [ 72.55276, 36.23132 ], [ 72.51389, 35.91054 ], [ 73.10637, 35.85333 ], [ 73.28109, 35.61385 ], [ 73.80676, 35.50409 ], [ 73.72665, 35.22138 ], [ 74.12747, 35.12471 ], [ 73.98638, 34.87054 ], [ 73.7397, 34.78722 ], [ 73.6411, 34.56694 ], [ 73.44832, 34.56305 ], [ 73.40082, 34.40471 ], [ 73.5836, 33.89441 ], [ 73.62831, 33.09471 ], [ 74.36338, 32.77506 ], [ 74.64193, 32.77707 ], [ 74.71068, 32.48069 ], [ 75.05763, 32.47513 ] ] ] } },
{ "type": "Feature", "properties": { "name": "French Southern and Antarctic Territories", "iso3": "ATF" }, "geometry": { "type": "MultiPolygon", "coordinates": [ [ [ [ 69.26471, -49.09112 ], [ 69.21639, -48.96722 ], [ 69.36888, -48.88639 ], [ 69.40527, -48.94458 ], [ 69.26471, -49.09112 ] ] ], [ [ [ 69.0011, -48.7975 ], [ 69.18693, -48.77278 ], [ 69.00236, -49.03389 ], [ 69.06631, -49.11806 ], [ 69.11763, -48.99473 ], [ 69.21721, -49.12556 ], [ 69.62193, -48.97806 ], [ 69.64103, -49.12257 ], [ 69.36188, -49.13252 ], [ 69.28641, -49.19215 ], [ 69.46639, -49.16612 ], [ 69.58276, -49.30445 ], [ 70.32916, -49.05083 ], [ 70.52847, -49.09681 ], [ 70.56416, -49.25181 ], [ 70.30902, -49.38125 ], [ 70.45915, -49.44417 ], [ 70.17722, -49.34334 ], [ 69.77472, -49.39417 ], [ 69.84082, -49.55195 ], [ 70.32263, -49.54139 ], [ 70.25624, -49.68931 ], [ 69.87319, -49.69944 ], [ 69.75289, -49.53386 ], [ 69.63707, -49.50723 ], [ 69.72166, -49.58431 ], [ 69.64139, -49.66806 ], [ 69.25471, -49.51278 ], [ 69.08047, -49.54216 ], [ 69.07721, -49.69056 ], [ 68.79208, -49.71875 ], [ 68.88082, -49.40362 ], [ 68.74027, -49.06889 ], [ 68.95666, -48.66667 ], [ 69.06659, -48.65861 ], [ 69.0011, -48.7975 ] ] ], [ [ [ 52.25722, -46.37806 ], [ 52.19138, -46.46362 ], [ 52.08985, -46.41292 ], [ 52.25722, -46.37806 ] ] ], [ [ [ 51.82222, -46.45209 ], [ 51.72139, -46.45278 ], [ 51.65374, -46.37195 ], [ 51.78222, -46.34237 ], [ 51.82222, -46.45209 ] ] ] ] } },
{ "type": "Feature", "properties": { "name": "El Salvador", "iso3": "SLV" }, "geometry": { "type": "Polygon", "coordinates": [ [ [ -89.57098, 14.41472 ], [ -89.02473, 14.32764 ], [ -88.46793, 13.85472 ], [ -88.12195, 13.99056 ], [ -87.75029, 13.86417 ], [ -87.71335, 13.47111 ], [ -87.87015, 13.38271 ], [ -87.79799, 13.26208 ], [ -87.93779, 13.15639 ], [ -88.75889, 13.23555 ], [ -89.29716, 13.48271 ], [ -89.81854, 13.5358 ], [ -90.09639, 13.74583 ], [ -90.02056, 13.93861 ], [ -89.51817, 14.23385 ], [ -89.57098, 14.41472 ] ] ] } },
{ "type": "Feature", "properties": { "name": "Cook Islands", "iso3": "COK" }, "geometry": { "type": "MultiPolygon", "coordinates": [ [ [ [ -157.92174, -21.88146 ], [ -157.94696, -21.93958 ], [ -157.95752, -21.89528 ], [ -157.92174, -21.88146 ] ] ], [ [ [ -159.75614, -21.19236 ], [ -159.83251, -21.24847 ], [ -159.83471, -21.19931 ], [ -159.75614, -21.19236 ] ] ], [ [ [ -158.08363, -19.98444 ], [ -158.12668, -20.00944 ], [ -158.11153, -19.97132 ], [ -158.08363, -19.98444 ] ] ], [ [ [ -157.70377, -19.83681 ], [ -157.74082, -19.81764 ], [ -157.7123, -19.77313 ], [ -157.70377, -19.83681 ] ] ], [ [ [ -163.15726, -18.08056 ], [ -163.17128, -18.08417 ], [ -163.15472, -18.06146 ], [ -163.15726, -18.08056 ] ] ], [ [ [ -165.82765, -10.88132 ], [ -165.84168, -10.89084 ], [ -165.84834, -10.88424 ], [ -165.82765, -10.88132 ] ] ] ] } },
{ "type": "Feature", "properties": { "name": "Kuwait", "iso3": "KWT" }, "geometry": { "type": "MultiPolygon", "coordinates": [ [ [ [ 48.22832, 29.59528 ], [ 48.07999, 29.77333 ], [ 48.15583, 29.99236 ], [ 48.35944, 29.745 ], [ 48.22832, 29.59528 ] ] ], [ [ [ 48.41658, 28.54528 ], [ 47.68888, 28.53888 ], [ 47.45999, 28.99944 ], [ 46.54694, 29.1042 ], [ 47.16999, 30.01527 ], [ 47.72346, 30.08416 ], [ 47.94347, 30.01756 ], [ 48.16687, 29.56514 ], [ 47.95596, 29.62375 ], [ 47.70722, 29.37583 ], [ 48.0286, 29.34499 ], [ 48.41658, 28.54528 ] ] ] ] } },
{ "type": "Feature", "properties": { "name": "Brunei Darussalam", "iso3": "BRN" }, "geometry": { "type": "MultiPolygon", "coordinates": [ [ [ [ 115.02913, 4.82021 ], [ 115.14578, 4.90324 ], [ 115.22304, 4.805 ], [ 115.35208, 4.3175 ], [ 115.10235, 4.38055 ], [ 115.02913, 4.82021 ] ] ], [ [ [ 115.09804, 5.0475 ], [ 114.77986, 4.73583 ], [ 114.86693, 4.35528 ], [ 114.63804, 4.01819 ], [ 114.09508, 4.59054 ], [ 114.52027, 4.69111 ], [ 115.09804, 5.0475 ] ] ] ] } },
{ "type": "Feature", "properties": { "name": "Cape Verde", "iso3": "CPV" }, "geometry": { "type": "MultiPolygon", "coordinates": [ [ [ [ -24.36556, 14.81292 ], [ -24.52445, 14.91833 ], [ -24.38257, 15.04618 ], [ -24.29583, 14.9275 ], [ -24.36556, 14.81292 ] ] ], [ [ [ -23.44917, 14.98048 ], [ -23.68139, 14.93556 ], [ -23.76667, 15.25305 ], [ -23.695, 15.295 ], [ -23.44917, 14.98048 ] ] ], [ [ [ -23.12625, 15.14819 ], [ -23.25389, 15.16417 ], [ -23.19945, 15.32653 ], [ -23.12528, 15.30736 ], [ -23.12625, 15.14819 ] ] ], [ [ [ -22.70611, 16.03639 ], [ -22.87611, 15.98055 ], [ -22.95709, 16.09222 ], [ -22.76445, 16.22778 ], [ -22.70611, 16.03639 ] ] ], [ [ [ -24.03417, 16.59417 ], [ -24.32139, 16.48278 ], [ -24.43076, 16.64784 ], [ -24.35459, 16.68402 ], [ -24.03417, 16.59417 ] ] ], [ [ [ -22.8775, 16.67194 ], [ -22.99431, 16.80319 ], [ -22.92153, 16.85319 ], [ -22.8775, 16.67194 ] ] ], [ [ [ -24.93028, 16.92069 ], [ -24.99334, 16.77972 ], [ -25.09229, 16.82958 ], [ -24.93028, 16.92069 ] ] ], [ [ [ -25.20542, 16.91639 ], [ -25.35056, 17.07458 ], [ -25.03444, 17.17555 ], [ -24.97861, 17.08305 ], [ -25.20542, 16.91639 ] ] ] ] } },
{ "type": "Feature", "properties": { "name": "Bahrain", "iso3": "BHR" }, "geometry": { "type": "MultiPolygon", "coordinates": [ [ [ [ 50.76361, 25.655 ], [ 50.74166, 25.68305 ], [ 50.79471, 25.72736 ], [ 50.76361, 25.655 ] ] ], [ [ [ 50.53222, 26.23444 ], [ 50.6093, 26.20666 ], [ 50.57333, 25.80972 ], [ 50.46166, 25.96527 ], [ 50.53222, 26.23444 ] ] ], [ [ [ 50.62722, 26.28889 ], [ 50.61305, 26.24694 ], [ 50.60395, 26.26319 ], [ 50.62722, 26.28889 ] ] ] ] } },
{ "type": "Feature", "properties": { "name": "Qatar", "iso3": "QAT" }, "geometry": { "type": "Polygon", "coordinates": [ [ [ 51.43555, 24.66111 ], [ 51.09976, 24.47333 ], [ 50.92945, 24.54829 ], [ 50.75194, 25.43139 ], [ 50.97305, 25.64194 ], [ 50.88993, 25.7177 ], [ 51.03694, 26.04243 ], [ 51.24486, 26.1525 ], [ 51.56722, 25.9077 ], [ 51.47538, 25.52177 ], [ 51.61583, 25.17861 ], [ 51.43555, 24.66111 ] ] ] } },
{ "type": "Feature", "properties": { "name": "British Virgin Islands", "iso3": "VGB" }, "geometry": { "type": "MultiPolygon", "coordinates": [ [ [ [ -64.56514, 18.42097 ], [ -64.65251, 18.44111 ], [ -64.56028, 18.45361 ], [ -64.56514, 18.42097 ] ] ], [ [ [ -64.33057, 18.49416 ], [ -64.41389, 18.50486 ], [ -64.32452, 18.50368 ], [ -64.33057, 18.49416 ] ] ] ] } },
{ "type": "Feature", "properties": { "name": "United States Virgin Islands", "iso3": "VIR" }, "geometry": { "type": "MultiPolygon", "coordinates": [ [ [ [ -64.89612, 17.67667 ], [ -64.6932, 17.74514 ], [ -64.56258, 17.75118 ], [ -64.89612, 17.67667 ] ] ], [ [ [ -64.93832, 18.38767 ], [ -64.90333, 18.31922 ], [ -65.02351, 18.36637 ], [ -64.93832, 18.38767 ] ] ] ] } },
{ "type": "Feature", "properties": { "name": "Sri Lanka", "iso3": "LKA" }, "geometry": { "type": "MultiPolygon", "coordinates": [ [ [ [ 79.82639, 9.08389 ], [ 79.85054, 9.00111 ], [ 79.69609, 9.09347 ], [ 79.82639, 9.08389 ] ] ], [ [ [ 80.2747, 9.775 ], [ 80.82443, 9.26194 ], [ 80.91776, 8.9393 ], [ 81.23207, 8.64861 ], [ 81.13929, 8.49153 ], [ 81.35832, 8.49111 ], [ 81.39194, 8.14944 ], [ 81.88165, 7.28805 ], [ 81.83221, 6.76583 ], [ 81.6611, 6.44 ], [ 80.58957, 5.91805 ], [ 80.18442, 6.03472 ], [ 80.0461, 6.23972 ], [ 79.85138, 6.83639 ], [ 79.70248, 8.07944 ], [ 79.74915, 8.26555 ], [ 79.72943, 8.01778 ], [ 79.82458, 7.9918 ], [ 79.91908, 8.93764 ], [ 80.19498, 9.47028 ], [ 80.05109, 9.5925 ], [ 80.61033, 9.44472 ], [ 79.92581, 9.74472 ], [ 80.11365, 9.803 ], [ 80.44192, 9.57701 ], [ 80.14055, 9.79222 ], [ 80.2747, 9.775 ] ] ] ] } },
{ "type": "Feature", "properties": { "name": "Mayotte", "iso3": "MYT" }, "geometry": { "type": "MultiPolygon", "coordinates": [ [ [ [ 45.29334, -12.78523 ], [ 45.26312, -12.76828 ], [ 45.28376, -12.7469 ], [ 45.29334, -12.78523 ] ] ], [ [ [ 45.22277, -12.73944 ], [ 45.09749, -12.98583 ], [ 45.07889, -12.6625 ], [ 45.22277, -12.73944 ] ] ] ] } },
{ "type": "Feature", "properties": { "name": "Madagascar", "iso3": "MDG" }, "geometry": { "type": "MultiPolygon", "coordinates": [ [ [ [ 49.83361, -17.08973 ], [ 49.86055, -16.91389 ], [ 50.01055, -16.72556 ], [ 49.93972, -16.9075 ], [ 49.83361, -17.08973 ] ] ], [ [ [ 48.3425, -13.41805 ], [ 48.19805, -13.36417 ], [ 48.28416, -13.19597 ], [ 48.325, -13.21111 ], [ 48.3425, -13.41805 ] ] ], [ [ [ 49.25833, -11.94556 ], [ 49.36736, -12.20584 ], [ 49.2325, -12.225 ], [ 49.51833, -12.34583 ], [ 49.57062, -12.64877 ], [ 49.94333, -13.03944 ], [ 50.2, -14.57028 ], [ 50.49678, -15.24945 ], [ 50.43361, -15.58 ], [ 50.17278, -15.97972 ], [ 49.8661, -15.4325 ], [ 49.63361, -15.5575 ], [ 49.68139, -16.055 ], [ 49.85402, -16.23139 ], [ 49.84583, -16.56583 ], [ 49.71722, -16.72834 ], [ 49.7886, -16.83028 ], [ 49.59694, -16.90861 ], [ 49.42278, -17.31583 ], [ 49.51028, -17.71139 ], [ 49.36833, -18.35139 ], [ 47.13305, -24.92806 ], [ 46.71945, -25.17139 ], [ 46.29083, -25.18611 ], [ 45.55028, -25.56223 ], [ 45.21472, -25.58834 ], [ 44.78249, -25.32111 ], [ 44.35583, -25.25556 ], [ 44.01708, -24.98084 ], [ 43.66416, -24.31139 ], [ 43.63638, -23.65778 ], [ 43.75999, -23.46806 ], [ 43.36194, -22.85278 ], [ 43.23888, -22.2825 ], [ 43.50055, -21.33389 ], [ 43.80861, -21.22528 ], [ 43.91166, -20.85 ], [ 44.48277, -19.96584 ], [ 44.37083, -19.77709 ], [ 44.46916, -19.43834 ], [ 44.23138, -19.08111 ], [ 44.25694, -18.82056 ], [ 44.03569, -18.40806 ], [ 43.93722, -17.47945 ], [ 44.43777, -16.69222 ], [ 44.46027, -16.18389 ], [ 44.8736, -16.21028 ], [ 45.265, -15.9275 ], [ 45.30264, -16.11778 ], [ 45.39055, -15.97333 ], [ 45.57249, -15.94917 ], [ 45.61778, -16.0575 ], [ 45.71666, -15.79167 ], [ 46.06361, -15.87195 ], [ 46.00486, -15.80889 ], [ 46.15138, -15.70361 ], [ 46.30221, -15.96111 ], [ 46.47778, -15.96139 ], [ 46.33833, -15.62472 ], [ 46.94722, -15.19889 ], [ 47.07638, -15.33445 ], [ 46.95944, -15.55806 ], [ 47.22362, -15.44847 ], [ 47.05833, -15.185 ], [ 47.45499, -14.66528 ], [ 47.42721, -15.11056 ], [ 47.81127, -14.60389 ], [ 47.97861, -14.62583 ], [ 47.99708, -14.76722 ], [ 48.00694, -14.62278 ], [ 47.91917, -14.56917 ], [ 47.75097, -14.6032 ], [ 47.69944, -14.42056 ], [ 47.77889, -14.26139 ], [ 47.92777, -14.25389 ], [ 47.91416, -14.08889 ], [ 47.99305, -14.32695 ], [ 48.04833, -14.15556 ], [ 47.90527, -13.59639 ], [ 48.06333, -13.51806 ], [ 48.28722, -13.80805 ], [ 48.33763, -13.55083 ], [ 48.79277, -13.36778 ], [ 48.95944, -12.82222 ], [ 48.73361, -12.43764 ], [ 48.94417, -12.48583 ], [ 49.25833, -11.94556 ] ] ] ] } },
{ "type": "Feature", "properties": { "name": "Hong Kong", "iso3": "HKG" }, "geometry": { "type": "MultiPolygon", "coordinates": [ [ [ [ 114.19778, 22.2912 ], [ 114.20079, 22.19474 ], [ 114.12342, 22.27613 ], [ 114.19778, 22.2912 ] ] ], [ [ [ 113.9922, 22.23638 ], [ 113.82527, 22.23222 ], [ 114.047960000000103, 22.33798 ], [ 113.9922, 22.23638 ] ] ], [ [ [ 113.90561, 22.36736 ], [ 114.222255687000029, 22.549657639000088 ], [ 114.382480000000101, 22.37138 ], [ 114.26208, 22.35959 ], [ 114.2961, 22.26056 ], [ 114.19802, 22.31806 ], [ 113.90561, 22.36736 ] ] ] ] } },
{ "type": "Feature", "properties": { "name": "Tokelau", "iso3": "TKL" }, "geometry": { "type": "Polygon", "coordinates": [ [ [ -171.84419, -9.19111 ], [ -171.85886, -9.20965 ], [ -171.85243, -9.17063 ], [ -171.84419, -9.19111 ] ] ] } },
{ "type": "Feature", "properties": { "name": "Cayman Islands", "iso3": "CYM" }, "geometry": { "type": "Polygon", "coordinates": [ [ [ -81.0957, 19.31264 ], [ -81.26362, 19.265 ], [ -81.40084, 19.28527 ], [ -81.25446, 19.35389 ], [ -81.0957, 19.31264 ] ] ] } },
{ "type": "Feature", "properties": { "name": "Dominican Republic", "iso3": "DOM" }, "geometry": { "type": "MultiPolygon", "coordinates": [ [ [ [ -68.59778, 18.16139 ], [ -68.73195, 18.12 ], [ -68.78, 18.19771 ], [ -68.59778, 18.16139 ] ] ], [ [ [ -71.76787, 18.0385 ], [ -71.69473, 18.32222 ], [ -72.00306, 18.60083 ], [ -71.72514, 18.71875 ], [ -71.77751, 18.95597 ], [ -71.62918, 19.21972 ], [ -71.74473, 19.28583 ], [ -71.77599, 19.77055 ], [ -71.59529, 19.90639 ], [ -71.26083, 19.82306 ], [ -70.99445, 19.93069 ], [ -70.29085, 19.64916 ], [ -69.94932, 19.67681 ], [ -69.75598, 19.29083 ], [ -69.15793, 19.295 ], [ -69.23001, 19.18027 ], [ -69.61577, 19.22437 ], [ -69.62015, 19.08847 ], [ -68.92389, 19.02986 ], [ -68.32556, 18.61666 ], [ -68.64605, 18.20562 ], [ -68.89528, 18.39639 ], [ -69.88473, 18.46903 ], [ -70.15418, 18.23305 ], [ -70.50751, 18.19472 ], [ -70.69195, 18.43236 ], [ -70.93584, 18.25389 ], [ -71.081249999999898, 18.29916 ], [ -71.09001, 18.07777 ], [ -71.42389, 17.60416 ], [ -71.76787, 18.0385 ] ] ] ] } },
{ "type": "Feature", "properties": { "name": "Guantanamo", "iso3": null }, "geometry": { "type": "MultiPolygon", "coordinates": [ [ [ [ -75.17029, 19.93139 ], [ -75.19321, 19.96097 ], [ -75.15918, 19.96305 ], [ -75.17029, 19.93139 ] ] ], [ [ [ -75.15973, 19.89048 ], [ -75.08724, 19.96555 ], [ -75.085279999999898, 19.89304 ], [ -75.15973, 19.89048 ] ] ] ] } },
{ "type": "Feature", "properties": { "name": "Bermuda", "iso3": "BMU" }, "geometry": { "type": "Polygon", "coordinates": [ [ [ -64.72139, 32.32027 ], [ -64.82306, 32.26055 ], [ -64.67681, 32.37951 ], [ -64.72139, 32.32027 ] ] ] } },
{ "type": "Feature", "properties": { "name": "Arunachal Pradesh", "iso3": null }, "geometry": { "type": "Polygon", "coordinates": [ [ [ 97.34888, 28.22277 ], [ 97.36109, 27.94083 ], [ 97.07421, 27.76553 ], [ 96.28733, 28.2226 ], [ 95.84743, 28.30078 ], [ 95.38188, 28.16117 ], [ 95.30593, 27.94897 ], [ 94.27816, 27.57481 ], [ 93.85164, 27.1839 ], [ 93.86819, 27.04988 ], [ 93.47731, 26.93261 ], [ 92.08151, 26.86905 ], [ 92.07804, 27.36861 ], [ 91.99366, 27.47558 ], [ 91.77083, 27.43166 ], [ 91.60026, 27.61542 ], [ 91.65776, 27.76472 ], [ 91.97832, 27.72861 ], [ 92.64373, 27.91625 ], [ 92.71044, 28.1419 ], [ 93.22205, 28.3193 ], [ 93.35194, 28.61876 ], [ 93.96172, 28.6692 ], [ 94.23456, 29.07348 ], [ 94.64751, 29.33346 ], [ 95.38777, 29.03527 ], [ 96.08315, 29.46444 ], [ 96.23317, 29.25597 ], [ 96.39172, 29.25757 ], [ 96.14888, 29.05972 ], [ 96.17532, 28.90139 ], [ 96.47083, 29.05666 ], [ 96.61373, 28.79569 ], [ 96.34027, 28.525 ], [ 96.40193, 28.35111 ], [ 96.65387, 28.46749 ], [ 97.34888, 28.22277 ] ] ] } },
{ "type": "Feature", "properties": { "name": "Aksai Chin", "iso3": null }, "geometry": { "type": "Polygon", "coordinates": [ [ [ 78.94845, 33.37895 ], [ 78.73987, 33.54533 ], [ 78.7427, 34.00833 ], [ 78.63952, 34.02498 ], [ 78.97873, 34.19746 ], [ 78.98535, 34.35001 ], [ 78.33708, 34.6118 ], [ 78.02305, 35.28069 ], [ 78.08553, 35.47379 ], [ 77.88883, 35.44156 ], [ 78.62531, 35.91654 ], [ 79.36835, 35.9768 ], [ 80.03006, 35.42959 ], [ 80.24037, 35.55502 ], [ 80.36568, 35.45579 ], [ 80.07789, 34.68748 ], [ 79.72615, 34.52443 ], [ 79.73997, 34.41514 ], [ 79.52887, 34.45641 ], [ 79.37968, 34.02498 ], [ 78.92444, 34.02211 ], [ 79.08741, 33.62366 ], [ 78.89293, 33.59669 ], [ 78.94845, 33.37895 ] ] ] } },
{ "type": "Feature", "properties": { "name": "Midway Is.", "iso3": null }, "geometry": { "type": "Polygon", "coordinates": [ [ [ -177.36458, 28.20402 ], [ -177.38797, 28.21458 ], [ -177.36055, 28.22041 ], [ -177.36458, 28.20402 ] ] ] } },
{ "type": "Feature", "properties": { "name": "Taiwan", "iso3": "TWN" }, "geometry": { "type": "MultiPolygon", "coordinates": [ [ [ [ 118.42095, 24.39763 ], [ 118.28713, 24.39034 ], [ 118.27859, 24.40548 ], [ 118.40374, 24.52069 ], [ 118.42095, 24.39763 ] ] ], [ [ [ 121.5152700000001, 25.28222 ], [ 122.0004, 25.00722 ], [ 121.81819, 24.85027 ], [ 121.839700000000107, 24.47638 ], [ 121.60623, 24.08319 ], [ 121.355550000000108, 23.0875 ], [ 120.96971, 22.56833 ], [ 120.82416, 21.92777 ], [ 120.71957, 21.92791 ], [ 120.61026, 22.31277 ], [ 120.30708, 22.54044 ], [ 120.05394, 23.04437 ], [ 120.11554, 23.63139 ], [ 121.00916, 25.00889 ], [ 121.44111, 25.1291 ], [ 121.5152700000001, 25.28222 ] ] ] ] } },
{ "type": "Feature", "properties": { "name": "Haiti", "iso3": "HTI" }, "geometry": { "type": "MultiPolygon", "coordinates": [ [ [ [ -72.81557, 18.69889 ], [ -73.21806, 18.83416 ], [ -73.299999999999898, 18.92722 ], [ -72.85722, 18.835 ], [ -72.81557, 18.69889 ] ] ], [ [ [ -71.75418, 19.70583 ], [ -71.74473, 19.28583 ], [ -71.62918, 19.21972 ], [ -71.77751, 18.95597 ], [ -71.71584, 18.74972 ], [ -72.00306, 18.60083 ], [ -71.69473, 18.32222 ], [ -71.76787, 18.0385 ], [ -72.07237, 18.24 ], [ -72.81583, 18.13847 ], [ -73.3864, 18.26194 ], [ -73.78612, 18.17167 ], [ -73.88167, 18.02278 ], [ -74.09807, 18.245 ], [ -74.44667, 18.34194 ], [ -74.42236, 18.61014 ], [ -74.27098, 18.66528 ], [ -72.73667, 18.42458 ], [ -72.62473, 18.55556 ], [ -72.346739999999897, 18.53597 ], [ -72.32973, 18.68347 ], [ -72.80029, 19.03305 ], [ -72.72334, 19.455 ], [ -73.40765, 19.6343 ], [ -73.40515, 19.83181 ], [ -72.78445, 19.94222 ], [ -71.75418, 19.70583 ] ] ], [ [ [ -72.62577, 19.98972 ], [ -72.87611, 20.025 ], [ -72.95459, 20.05861 ], [ -72.81042, 20.09146 ], [ -72.62577, 19.98972 ] ] ] ] } },
{ "type": "Feature", "properties": { "name": "Bhutan", "iso3": "BTN" }, "geometry": { "type": "Polygon", "coordinates": [ [ [ 91.66277, 27.945 ], [ 91.67582, 27.48708 ], [ 91.99366, 27.47558 ], [ 92.08916, 27.34944 ], [ 92.06443, 26.85972 ], [ 90.7086, 26.7725 ], [ 90.38874, 26.90347 ], [ 89.76985, 26.70361 ], [ 89.12608, 26.82361 ], [ 88.75194, 27.14861 ], [ 89.48749, 28.05777 ], [ 89.99819, 28.32369 ], [ 90.38898, 28.24256 ], [ 90.3765, 28.07958 ], [ 91.08693, 27.96999 ], [ 91.30138, 28.08111 ], [ 91.66277, 27.945 ] ] ] } },
{ "type": "Feature", "properties": { "name": "Vietnam", "iso3": "VNM" }, "geometry": { "type": "MultiPolygon", "coordinates": [ [ [ [ 104.08288, 10.36486 ], [ 104.08663, 10.24736 ], [ 104.02639, 10.08028 ], [ 103.83837, 10.36771 ], [ 104.08288, 10.36486 ] ] ], [ [ [ 106.85734, 10.40674 ], [ 106.75554, 10.48139 ], [ 106.78467, 10.57461 ], [ 106.7523, 10.65897 ], [ 106.85734, 10.40674 ] ] ], [ [ [ 107.03338, 20.85569 ], [ 106.9918, 20.73375 ], [ 106.91059, 20.8344 ], [ 107.03338, 20.85569 ] ] ], [ [ [ 107.46304, 21.08944 ], [ 107.47195, 21.27142 ], [ 107.60408, 21.21694 ], [ 107.46304, 21.08944 ] ] ], [ [ [ 107.78305, 21.66694 ], [ 108.06429, 21.48666 ], [ 107.85485, 21.52555 ], [ 107.59478, 21.29278 ], [ 107.41651, 21.32597 ], [ 107.37067, 21.02569 ], [ 107.15443, 20.92499 ], [ 107.1465, 21.03614 ], [ 106.87673, 20.98821 ], [ 106.86263, 20.87118 ], [ 106.79137, 21.02611 ], [ 106.64666, 21.02166 ], [ 106.77693, 20.69916 ], [ 106.59721, 20.63259 ], [ 106.52763, 20.24013 ], [ 105.95679, 19.92305 ], [ 105.61387, 18.97722 ], [ 105.88361, 18.49916 ], [ 106.50992, 17.95611 ], [ 106.42499, 17.74166 ], [ 106.69886, 17.39972 ], [ 107.81151, 16.31201 ], [ 108.18858, 16.19916 ], [ 108.20117, 15.99944 ], [ 108.24658, 16.15437 ], [ 108.33082, 16.15041 ], [ 108.30582, 15.94833 ], [ 108.62498, 15.48222 ], [ 108.82917, 15.42194 ], [ 109.30443, 13.86444 ], [ 109.22887, 13.40861 ], [ 109.46485, 12.90055 ], [ 109.19733, 12.63153 ], [ 109.33638, 12.37264 ], [ 109.147, 12.43208 ], [ 109.26999, 11.8925 ], [ 109.18311, 12.11694 ], [ 109.12337, 11.84823 ], [ 109.2211, 11.75611 ], [ 109.03749, 11.57805 ], [ 109.02168, 11.36225 ], [ 108.11317, 10.91597 ], [ 107.9997, 10.70423 ], [ 107.26619, 10.37613 ], [ 106.99858, 10.65506 ], [ 106.96715, 10.47462 ], [ 106.76303, 10.68055 ], [ 106.59155, 10.42969 ], [ 106.73246, 10.47048 ], [ 106.78424, 10.27979 ], [ 106.42432, 10.31138 ], [ 106.77803, 10.08236 ], [ 106.60386, 9.97409 ], [ 106.29663, 10.255 ], [ 106.6744, 9.84222 ], [ 106.11481, 10.23407 ], [ 106.57067, 9.74139 ], [ 106.54303, 9.58361 ], [ 106.39845, 9.53236 ], [ 105.82371, 10.00422 ], [ 106.18579, 9.55833 ], [ 106.19455, 9.36847 ], [ 105.53387, 9.12944 ], [ 105.3054, 8.77542 ], [ 104.86464, 8.55923 ], [ 104.74275, 8.605 ], [ 104.92255, 8.74521 ], [ 104.79894, 8.79222 ], [ 104.83722, 9.5618 ], [ 104.89921, 9.81069 ], [ 105.10747, 9.94528 ], [ 104.8015, 10.20743 ], [ 104.61024, 10.16889 ], [ 104.44533, 10.42274 ], [ 104.87788, 10.53042 ], [ 105.09415, 10.71319 ], [ 105.1008, 10.9543 ], [ 105.3619, 10.88069 ], [ 105.78135, 11.02097 ], [ 106.20331, 10.77055 ], [ 106.1894, 11.05368 ], [ 105.87114, 11.29673 ], [ 105.85315, 11.66194 ], [ 106.04337, 11.77625 ], [ 106.45821, 11.66586 ], [ 106.41955, 11.97264 ], [ 106.69858, 11.96278 ], [ 107.18998, 12.28722 ], [ 107.43894, 12.25455 ], [ 107.54991, 12.3593 ], [ 107.48332, 13.02055 ], [ 107.62925, 13.53804 ], [ 107.34408, 14.1284 ], [ 107.55845, 14.65708 ], [ 107.46804, 15.02319 ], [ 107.61582, 15.06361 ], [ 107.69525, 15.27083 ], [ 107.18304, 15.76542 ], [ 107.46081, 16.08048 ], [ 106.9872, 16.29972 ], [ 106.87511, 16.53687 ], [ 106.6847, 16.4593 ], [ 106.5611, 16.99694 ], [ 106.44123, 16.99249 ], [ 105.7543, 17.67041 ], [ 105.50444, 18.16833 ], [ 105.18332, 18.33444 ], [ 105.10387, 18.47027 ], [ 105.19317, 18.63673 ], [ 103.87768, 19.30951 ], [ 104.10387, 19.47861 ], [ 104.03882, 19.69373 ], [ 104.64423, 19.61666 ], [ 104.97783, 20.00395 ], [ 104.93929, 20.18347 ], [ 104.38151, 20.45458 ], [ 104.6419, 20.65236 ], [ 104.10395, 20.9759 ], [ 103.68706, 20.65958 ], [ 103.17713, 20.84389 ], [ 102.88859, 21.25222 ], [ 102.97054, 21.74513 ], [ 102.6752, 21.65854 ], [ 102.60442, 21.92847 ], [ 102.14074, 22.39629 ], [ 102.47444, 22.77187 ], [ 103.03041, 22.43652 ], [ 103.33368, 22.79451 ], [ 103.52242, 22.58436 ], [ 103.65381, 22.78287 ], [ 103.96866, 22.50387 ], [ 104.11129, 22.79812 ], [ 104.25916, 22.82788 ], [ 104.37471, 22.6875 ], [ 104.73193, 22.81805 ], [ 104.9075, 23.18027 ], [ 105.35872, 23.32416 ], [ 105.87707, 22.91253 ], [ 106.13472, 22.98861 ], [ 106.29429, 22.85708 ], [ 106.70289, 22.86694 ], [ 106.78749, 22.76389 ], [ 106.55171, 22.45682 ], [ 106.69332, 22.03083 ], [ 107.0211, 21.93916 ], [ 107.02402, 21.82062 ], [ 107.36273, 21.60526 ], [ 107.78305, 21.66694 ] ] ] ] } },
{ "type": "Feature", "properties": { "name": "Thailand", "iso3": "THA" }, "geometry": { "type": "MultiPolygon", "coordinates": [ [ [ [ 99.70228, 6.5425 ], [ 99.59665, 6.58528 ], [ 99.66281, 6.703 ], [ 99.70228, 6.5425 ] ] ], [ [ [ 98.61082, 8.05111 ], [ 98.57492, 7.91354 ], [ 98.52818, 8.12 ], [ 98.61082, 8.05111 ] ] ], [ [ [ 98.40193, 8.08139 ], [ 98.30908, 7.75722 ], [ 98.28207, 8.18333 ], [ 98.40193, 8.08139 ] ] ], [ [ [ 100.06903, 9.47083 ], [ 99.93221, 9.54694 ], [ 100.07763, 9.58833 ], [ 100.06903, 9.47083 ] ] ], [ [ [ 102.60469, 11.69694 ], [ 102.53177, 11.60271 ], [ 102.54913, 11.75194 ], [ 102.60469, 11.69694 ] ] ], [ [ [ 102.4469, 11.97326 ], [ 102.29135, 11.97444 ], [ 102.25194, 12.15069 ], [ 102.354, 12.11264 ], [ 102.4469, 11.97326 ] ] ], [ [ [ 100.09136, 20.34861 ], [ 100.3211, 20.39152 ], [ 100.58045, 20.15777 ], [ 100.40499, 19.74903 ], [ 100.51638, 19.51889 ], [ 101.27908, 19.56625 ], [ 101.20248, 19.35389 ], [ 101.35346, 19.04437 ], [ 101.26797, 18.68458 ], [ 101.05782, 18.44159 ], [ 101.17082, 18.08722 ], [ 100.92217, 17.56895 ], [ 101.1597, 17.46076 ], [ 102.08939, 18.21498 ], [ 102.68359, 17.82 ], [ 103.04712, 17.99701 ], [ 103.30109, 18.41902 ], [ 103.97616, 18.32687 ], [ 104.26639, 17.865 ], [ 104.80554, 17.38194 ], [ 104.74957, 16.52444 ], [ 105.08067, 16.09499 ], [ 105.42272, 16.00937 ], [ 105.4011, 15.80722 ], [ 105.63929, 15.63944 ], [ 105.4747, 15.17472 ], [ 105.59055, 15.00056 ], [ 105.5354, 14.56389 ], [ 105.12137, 14.23083 ], [ 104.80901, 14.44764 ], [ 103.92221, 14.33916 ], [ 103.65915, 14.44778 ], [ 102.96276, 14.20639 ], [ 102.59902, 13.61514 ], [ 102.3772, 13.57389 ], [ 102.5036, 12.68548 ], [ 102.77943, 12.45194 ], [ 102.71727, 12.16632 ], [ 102.91539, 11.74569 ], [ 102.91609, 11.63585 ], [ 102.64151, 12.175 ], [ 102.33776, 12.19528 ], [ 102.35575, 12.35868 ], [ 102.24346, 12.30652 ], [ 102.06068, 12.56625 ], [ 101.94663, 12.525 ], [ 101.75658, 12.705 ], [ 101.38193, 12.60916 ], [ 100.85387, 12.68277 ], [ 100.97635, 13.46281 ], [ 100.22221, 13.46833 ], [ 99.95679, 13.29108 ], [ 100.10401, 13.04472 ], [ 99.96165, 12.67444 ], [ 100.02082, 12.19465 ], [ 99.15082, 10.36472 ], [ 99.14749, 9.76333 ], [ 99.26846, 9.21861 ], [ 99.8454, 9.30041 ], [ 99.95861, 8.62527 ], [ 100.23802, 8.40667 ], [ 100.57809, 7.22014 ], [ 100.20762, 7.77736 ], [ 100.18288, 7.51555 ], [ 100.42483, 7.15778 ], [ 100.59054, 7.20912 ], [ 101.02553, 6.84722 ], [ 101.35818, 6.87594 ], [ 101.29455, 6.93555 ], [ 101.54554, 6.84847 ], [ 102.09523, 6.23614 ], [ 101.82609, 5.74097 ], [ 101.57102, 5.91521 ], [ 101.14233, 5.63347 ], [ 100.99115, 5.7943 ], [ 101.11204, 6.25069 ], [ 100.85323, 6.24389 ], [ 100.75136, 6.50278 ], [ 100.38748, 6.53611 ], [ 100.26414, 6.70667 ], [ 100.12712, 6.42495 ], [ 99.68387, 6.88278 ], [ 99.74569, 7.11792 ], [ 99.39082, 7.30167 ], [ 99.25981, 7.6558 ], [ 99.03707, 7.70722 ], [ 99.03638, 7.895 ], [ 98.77193, 8.01847 ], [ 98.65588, 8.37993 ], [ 98.44373, 8.29805 ], [ 98.38554, 8.13722 ], [ 98.22943, 8.42167 ], [ 98.32804, 9.2075 ], [ 98.82429, 10.51986 ], [ 98.78498, 10.6775 ], [ 99.21331, 11.09916 ], [ 99.65735, 11.82646 ], [ 99.43623, 12.57443 ], [ 99.11241, 13.06111 ], [ 99.21389, 13.23472 ], [ 99.17397, 13.72778 ], [ 98.32541, 14.715 ], [ 98.2011, 15.075 ], [ 98.20548, 15.22678 ], [ 98.5818, 15.35791 ], [ 98.63165, 16.04611 ], [ 98.85776, 16.14104 ], [ 98.92119, 16.39534 ], [ 98.69122, 16.28305 ], [ 98.48002, 16.73895 ], [ 98.51111, 16.9411 ], [ 97.77832, 17.70333 ], [ 97.64336, 18.28048 ], [ 97.49791, 18.27916 ], [ 97.34727, 18.54222 ], [ 97.77568, 18.57236 ], [ 97.67984, 18.93215 ], [ 98.04936, 19.80479 ], [ 98.2422, 19.68999 ], [ 99.00047, 19.78444 ], [ 99.07909, 20.09847 ], [ 99.45207, 20.09694 ], [ 99.52845, 20.35014 ], [ 99.78832, 20.32972 ], [ 99.96262, 20.45458 ], [ 100.09136, 20.34861 ] ] ] ] } },
{ "type": "Feature", "properties": { "name": "Philippines", "iso3": "PHL" }, "geometry": { "type": "MultiPolygon", "coordinates": [ [ [ [ 120.17567, 5.3425 ], [ 120.2256, 5.12673 ], [ 120.05094, 5.18347 ], [ 119.83235, 5.05694 ], [ 120.17567, 5.3425 ] ] ], [ [ [ 121.42637, 5.9543 ], [ 121.28804, 5.85417 ], [ 120.868880000000104, 5.94361 ], [ 121.11748, 6.08833 ], [ 121.42637, 5.9543 ] ] ], [ [ [ 120.5786, 6.25222 ], [ 120.479920000000106, 6.25729 ], [ 120.6004, 6.39465 ], [ 120.5786, 6.25222 ] ] ], [ [ [ 122.23027, 6.66083 ], [ 122.03568, 6.41153 ], [ 121.79414, 6.59778 ], [ 122.02125, 6.75056 ], [ 122.23027, 6.66083 ] ] ], [ [ [ 125.79498, 6.93278 ], [ 125.66998, 7.075 ], [ 125.69845, 7.19028 ], [ 125.796790000000101, 7.11944 ], [ 125.79498, 6.93278 ] ] ], [ [ [ 122.84999, 7.30555 ], [ 122.80615, 7.42236 ], [ 122.92997, 7.42278 ], [ 122.97561, 7.36514 ], [ 122.84999, 7.30555 ] ] ], [ [ [ 117.02222, 7.80889 ], [ 116.94999, 8.03222 ], [ 117.06679, 8.07792 ], [ 117.09331, 7.90708 ], [ 117.02222, 7.80889 ] ] ], [ [ [ 117.29887, 8.18222 ], [ 117.26805, 8.30611 ], [ 117.31854, 8.33062 ], [ 117.35472, 8.28611 ], [ 117.29887, 8.18222 ] ] ], [ [ [ 124.78012, 9.07611 ], [ 124.643600000000106, 9.15528 ], [ 124.67276, 9.25305 ], [ 124.77692, 9.20944 ], [ 124.78012, 9.07611 ] ] ], [ [ [ 123.59888, 9.29652 ], [ 123.60942, 9.09222 ], [ 123.4572, 9.19055 ], [ 123.59888, 9.29652 ] ] ], [ [ [ 125.99109, 9.66194 ], [ 125.90179, 9.61236 ], [ 125.94081, 9.75569 ], [ 125.99109, 9.66194 ] ] ], [ [ [ 126.01749, 9.26583 ], [ 126.1861, 9.24277 ], [ 126.32485, 8.91861 ], [ 126.08443, 8.60972 ], [ 126.39221, 8.5075 ], [ 126.32611, 8.23639 ], [ 126.46582, 8.22527 ], [ 126.36581, 7.8825 ], [ 126.55193, 7.69222 ], [ 126.58186, 7.2843 ], [ 126.28069, 6.92125 ], [ 126.34831, 6.80048 ], [ 126.16527, 6.88167 ], [ 126.25862, 6.75083 ], [ 126.19165, 6.27222 ], [ 125.85609, 7.34528 ], [ 125.65152, 7.23458 ], [ 125.37762, 6.72361 ], [ 125.59332, 6.47667 ], [ 125.70276, 6.025 ], [ 125.40555, 5.56333 ], [ 125.19165, 5.76722 ], [ 125.25943, 6.09333 ], [ 124.95694, 5.85139 ], [ 124.18344, 6.21389 ], [ 123.9486, 6.82333 ], [ 124.268600000000106, 7.37444 ], [ 123.67665, 7.8125 ], [ 123.45888, 7.81055 ], [ 123.46887, 7.64167 ], [ 123.33472, 7.55778 ], [ 123.41304, 7.35611 ], [ 123.29914, 7.52569 ], [ 123.1111, 7.52 ], [ 123.19483, 7.58569 ], [ 123.11721, 7.72889 ], [ 122.99276, 7.45549 ], [ 122.81276, 7.43694 ], [ 122.80998, 7.74653 ], [ 122.62387, 7.77305 ], [ 122.35915, 7.47056 ], [ 122.14999, 6.90528 ], [ 121.92109, 6.99417 ], [ 122.2254, 7.96417 ], [ 122.92303, 8.15083 ], [ 123.02568, 8.48875 ], [ 123.3047, 8.52305 ], [ 123.3786, 8.72528 ], [ 123.81805, 8.47694 ], [ 123.86637, 8.16042 ], [ 123.6672, 7.95444 ], [ 124.22401, 8.2125 ], [ 124.43221, 8.61527 ], [ 124.72748, 8.48639 ], [ 124.80081, 8.99958 ], [ 125.09055, 8.82528 ], [ 125.51471, 9.00667 ], [ 125.44026, 9.80916 ], [ 125.922150000000101, 9.48726 ], [ 126.01749, 9.26583 ] ] ], [ [ [ 126.1747, 9.80514 ], [ 125.94554, 9.83083 ], [ 126.05817, 10.05333 ], [ 126.1747, 9.80514 ] ] ], [ [ [ 125.28693, 9.90916 ], [ 125.13833, 10.06042 ], [ 125.12852, 10.15555 ], [ 125.21596, 10.12402 ], [ 125.28693, 9.90916 ] ] ], [ [ [ 124.46721, 10.05833 ], [ 124.59922, 9.76173 ], [ 124.35721, 9.62361 ], [ 123.95694, 9.59861 ], [ 123.7918, 9.73333 ], [ 124.15249, 10.14805 ], [ 124.46721, 10.05833 ] ] ], [ [ [ 125.66261, 9.82583 ], [ 125.47527, 10.13111 ], [ 125.63665, 10.46667 ], [ 125.71166, 9.89236 ], [ 125.66261, 9.82583 ] ] ], [ [ [ 119.82721, 10.43972 ], [ 119.76083, 10.55875 ], [ 119.99706, 10.59534 ], [ 119.99331, 10.5275 ], [ 119.82721, 10.43972 ] ] ], [ [ [ 122.635270000000105, 10.44361 ], [ 122.47971, 10.48778 ], [ 122.65664, 10.7468 ], [ 122.73108, 10.61778 ], [ 122.635270000000105, 10.44361 ] ] ], [ [ [ 125.81469, 10.73028 ], [ 125.67138, 10.74277 ], [ 125.68109, 10.81278 ], [ 125.81469, 10.73028 ] ] ], [ [ [ 123.56388, 10.83222 ], [ 123.10706, 9.62763 ], [ 123.31276, 9.29639 ], [ 123.01471, 9.03389 ], [ 122.86637, 9.32403 ], [ 122.57721, 9.44583 ], [ 122.39638, 9.72861 ], [ 122.45388, 9.97486 ], [ 122.85694, 10.09514 ], [ 122.95247, 10.89444 ], [ 123.19929, 11.00042 ], [ 123.56388, 10.83222 ] ] ], [ [ [ 123.35206, 9.41673 ], [ 123.374, 9.99069 ], [ 124.05026, 11.2775 ], [ 124.01999, 10.38701 ], [ 123.63651, 10.06986 ], [ 123.35206, 9.41673 ] ] ], [ [ [ 119.47193, 11.42424 ], [ 119.4840200000001, 10.8793 ], [ 119.71585, 10.51094 ], [ 119.3286, 10.30944 ], [ 119.20194, 10.04847 ], [ 118.75333, 9.925 ], [ 118.75336, 9.65451 ], [ 118.3486, 9.18861 ], [ 118.14248, 9.14611 ], [ 117.99891, 8.87746 ], [ 117.17859, 8.33298 ], [ 117.25916, 8.60944 ], [ 117.6622, 9.07694 ], [ 118.02721, 9.25916 ], [ 118.75551, 10.12385 ], [ 118.80109, 10.03472 ], [ 119.00651, 10.4393 ], [ 119.13158, 10.38368 ], [ 119.31344, 10.58416 ], [ 119.21664, 10.95548 ], [ 119.45555, 10.72396 ], [ 119.30275, 11.00611 ], [ 119.32853, 11.09958 ], [ 119.4204, 11.03083 ], [ 119.47193, 11.42424 ] ] ], [ [ [ 119.87317, 11.50486 ], [ 119.7652700000001, 11.40111 ], [ 119.714430000000107, 11.47215 ], [ 119.87317, 11.50486 ] ] ], [ [ [ 124.581730000000107, 11.30958 ], [ 124.972760000000108, 11.38722 ], [ 125.01506, 10.7434 ], [ 125.27165, 10.2975 ], [ 125.12053, 10.17694 ], [ 124.97832, 10.37458 ], [ 125.01138, 10.02944 ], [ 124.76471, 10.19639 ], [ 124.79845, 10.72652 ], [ 124.68915, 10.93028 ], [ 124.57443, 11.01417 ], [ 124.52152, 10.87125 ], [ 124.42137, 10.91333 ], [ 124.31639, 11.56694 ], [ 124.581730000000107, 11.30958 ] ] ], [ [ [ 124.58472, 11.4725 ], [ 124.45721, 11.47444 ], [ 124.33776, 11.67757 ], [ 124.53137, 11.67972 ], [ 124.58472, 11.4725 ] ] ], [ [ [ 124.84276, 11.59166 ], [ 124.76999, 11.56555 ], [ 124.72555, 11.72798 ], [ 124.84276, 11.59166 ] ] ], [ [ [ 121.95444, 11.9275 ], [ 122.58665, 11.52111 ], [ 122.83084, 11.60861 ], [ 122.88025, 11.43028 ], [ 123.14695, 11.59861 ], [ 123.12359, 11.16569 ], [ 122.73108, 10.94465 ], [ 122.72916, 10.80083 ], [ 121.94332, 10.41639 ], [ 122.10138, 11.64833 ], [ 121.84942, 11.75847 ], [ 121.95444, 11.9275 ] ] ], [ [ [ 119.96527, 11.65694 ], [ 119.87249, 11.89278 ], [ 119.88373, 11.97514 ], [ 120.07054, 11.865 ], [ 119.96527, 11.65694 ] ] ], [ [ [ 120.16705, 12.1193 ], [ 120.24471, 12.17972 ], [ 120.33999, 11.99278 ], [ 120.01777, 11.98528 ], [ 119.87262, 12.31222 ], [ 120.16705, 12.1193 ] ] ], [ [ [ 122.66944, 12.48361 ], [ 122.6402700000001, 12.26445 ], [ 122.43053, 12.45694 ], [ 122.66944, 12.48361 ] ] ], [ [ [ 125.17831, 12.56111 ], [ 125.29655, 12.2935 ], [ 125.50471, 12.205 ], [ 125.45027, 11.59027 ], [ 125.64061, 11.35145 ], [ 125.54207, 11.18951 ], [ 125.66457, 11.19444 ], [ 125.7511, 11.00889 ], [ 125.66443, 11.1343 ], [ 125.26944, 11.12805 ], [ 124.97124, 11.44625 ], [ 124.84908, 11.46479 ], [ 125.03707, 11.75291 ], [ 124.46999, 12.10417 ], [ 124.25776, 12.55111 ], [ 125.17831, 12.56111 ] ] ], [ [ [ 123.87831, 12.21694 ], [ 124.06526, 11.71611 ], [ 123.53693, 12.20541 ], [ 123.14415, 11.93486 ], [ 123.30165, 12.24472 ], [ 123.24575, 12.60576 ], [ 123.87831, 12.21694 ] ] ], [ [ [ 123.79359, 12.34653 ], [ 123.69026, 12.455 ], [ 123.5843, 12.65861 ], [ 123.72221, 12.61 ], [ 123.79359, 12.34653 ] ] ], [ [ [ 122.12276, 12.67694 ], [ 122.01805, 12.09416 ], [ 121.91777, 12.30291 ], [ 122.12276, 12.67694 ] ] ], [ [ [ 123.38353, 12.69562 ], [ 122.95027, 13.03111 ], [ 122.93123, 13.10916 ], [ 123.04526, 13.13667 ], [ 123.38353, 12.69562 ] ] ], [ [ [ 120.3038, 13.44417 ], [ 120.99032, 13.5184 ], [ 121.50222, 13.14889 ], [ 121.5579, 12.60146 ], [ 121.43969, 12.35166 ], [ 121.22054, 12.23055 ], [ 120.93304, 12.50111 ], [ 120.64832, 13.18986 ], [ 120.3038, 13.44417 ] ] ], [ [ [ 122.12344, 13.4041 ], [ 121.99957, 13.20333 ], [ 121.81484, 13.45284 ], [ 122.01082, 13.54472 ], [ 122.12344, 13.4041 ] ] ], [ [ [ 120.22331, 13.81806 ], [ 120.2747, 13.66833 ], [ 120.08193, 13.85236 ], [ 120.22331, 13.81806 ] ] ], [ [ [ 124.12997, 14.06042 ], [ 124.418050000000108, 13.79319 ], [ 124.20804, 13.51528 ], [ 124.03055, 13.66389 ], [ 124.12997, 14.06042 ] ] ], [ [ [ 122.1711, 13.99861 ], [ 121.99553, 14.10472 ], [ 121.91748, 14.18528 ], [ 122.12581, 14.08764 ], [ 122.1711, 13.99861 ] ] ], [ [ [ 122.25569, 14.72444 ], [ 122.11721, 14.79667 ], [ 122.09819, 14.83667 ], [ 122.21152, 14.83972 ], [ 122.25569, 14.72444 ] ] ], [ [ [ 122.05082, 14.99666 ], [ 122.03159, 14.71208 ], [ 121.93081, 14.62916 ], [ 121.81915, 14.99167 ], [ 122.05082, 14.99666 ] ] ], [ [ [ 120.87498, 18.61083 ], [ 121.9366500000001, 18.26944 ], [ 122.23888, 18.515 ], [ 122.34249, 18.31055 ], [ 122.17318, 18.07514 ], [ 122.17026, 17.60722 ], [ 122.53304, 17.10139 ], [ 122.20638, 16.23416 ], [ 122.00215, 16.02889 ], [ 122.13985, 16.25229 ], [ 121.56331, 15.90305 ], [ 121.643060000000105, 15.71305 ], [ 121.37886, 15.33222 ], [ 121.69526, 14.69666 ], [ 121.61, 14.62027 ], [ 121.73553, 14.16847 ], [ 122.23332, 13.89722 ], [ 122.30942, 14.01528 ], [ 122.16513, 14.15132 ], [ 122.25679, 14.24 ], [ 122.30359, 14.10111 ], [ 122.47331, 14.34055 ], [ 122.71332, 14.33833 ], [ 123.03889, 14.06944 ], [ 123.09999, 13.6675 ], [ 123.31846, 13.7893 ], [ 123.22972, 14.00222 ], [ 123.34305, 14.08694 ], [ 123.92499, 13.78916 ], [ 123.97165, 13.70722 ], [ 123.57998, 13.71833 ], [ 123.53317, 13.57125 ], [ 123.86974, 13.23212 ], [ 123.761800000000108, 13.06347 ], [ 124.19094, 13.065 ], [ 124.08312, 12.54166 ], [ 123.85012, 12.72736 ], [ 124.02637, 12.96375 ], [ 123.72915, 12.85361 ], [ 123.32388, 13.00861 ], [ 123.20151, 13.41798 ], [ 122.56099, 13.93657 ], [ 122.48539, 13.69333 ], [ 122.70248, 13.23194 ], [ 122.60748, 13.16389 ], [ 122.40358, 13.51916 ], [ 121.74991, 13.96479 ], [ 121.27943, 13.59389 ], [ 121.05554, 13.66222 ], [ 120.87944, 13.9025 ], [ 120.71666, 13.92528 ], [ 120.66241, 13.76889 ], [ 120.59221, 14.23111 ], [ 120.98554, 14.49055 ], [ 120.95665, 14.63694 ], [ 120.54867, 14.82326 ], [ 120.61041, 14.48805 ], [ 120.49332, 14.42972 ], [ 120.24524, 14.84778 ], [ 120.08735, 14.78347 ], [ 119.89943, 15.42555 ], [ 119.90915, 15.85611 ], [ 119.75277, 15.96041 ], [ 119.78567, 16.31847 ], [ 119.92928, 16.38361 ], [ 120.15665, 16.03611 ], [ 120.42192, 16.15583 ], [ 120.3172, 16.63111 ], [ 120.45999, 17.41166 ], [ 120.33859, 17.57166 ], [ 120.57166, 18.49319 ], [ 120.87498, 18.61083 ] ] ], [ [ [ 121.98804, 18.94472 ], [ 121.83305, 18.88055 ], [ 121.9488, 19.00305 ], [ 121.98804, 18.94472 ] ] ], [ [ [ 121.5397, 19.26667 ], [ 121.42138, 19.28694 ], [ 121.37275, 19.36444 ], [ 121.52888, 19.39027 ], [ 121.5397, 19.26667 ] ] ] ] } },
{ "type": "Feature", "properties": { "name": "Lao People's Democratic Republic", "iso3": "LAO" }, "geometry": { "type": "Polygon", "coordinates": [ [ [ 102.14074, 22.39629 ], [ 102.60442, 21.92847 ], [ 102.6752, 21.65854 ], [ 102.97054, 21.74513 ], [ 102.88859, 21.25222 ], [ 103.17713, 20.84389 ], [ 103.68706, 20.65958 ], [ 103.85664, 20.8525 ], [ 104.19443, 20.94333 ], [ 104.6419, 20.65236 ], [ 104.39374, 20.43527 ], [ 104.93929, 20.18347 ], [ 104.97783, 20.00395 ], [ 104.64423, 19.61666 ], [ 104.03882, 19.69373 ], [ 104.10387, 19.47861 ], [ 103.87768, 19.30951 ], [ 105.19317, 18.63673 ], [ 105.10387, 18.47027 ], [ 105.18332, 18.33444 ], [ 105.50444, 18.16833 ], [ 105.7543, 17.67041 ], [ 106.44123, 16.99249 ], [ 106.5611, 16.99694 ], [ 106.6847, 16.4593 ], [ 106.87511, 16.53687 ], [ 106.9872, 16.29972 ], [ 107.46081, 16.08048 ], [ 107.18304, 15.76542 ], [ 107.69525, 15.27083 ], [ 107.61582, 15.06361 ], [ 107.46804, 15.02319 ], [ 107.5466, 14.70862 ], [ 107.11844, 14.40389 ], [ 106.85026, 14.30389 ], [ 106.5345, 14.59739 ], [ 106.40873, 14.45805 ], [ 106.25193, 14.48889 ], [ 106.22193, 14.38167 ], [ 106.00082, 14.36722 ], [ 106.17421, 14.05861 ], [ 106.05664, 13.93 ], [ 105.28298, 14.17826 ], [ 105.2106, 14.34965 ], [ 105.5354, 14.56389 ], [ 105.59055, 15.00056 ], [ 105.4747, 15.17472 ], [ 105.63513, 15.66917 ], [ 105.4011, 15.80722 ], [ 105.42272, 16.00937 ], [ 105.08067, 16.09499 ], [ 104.74957, 16.52444 ], [ 104.80554, 17.38194 ], [ 104.26639, 17.865 ], [ 103.97616, 18.32687 ], [ 103.30109, 18.41902 ], [ 103.04712, 17.99701 ], [ 102.68359, 17.82 ], [ 102.08939, 18.21498 ], [ 101.1597, 17.46076 ], [ 100.92217, 17.56895 ], [ 101.17082, 18.08722 ], [ 101.05782, 18.44159 ], [ 101.26797, 18.68458 ], [ 101.35346, 19.04437 ], [ 101.20248, 19.35389 ], [ 101.27908, 19.56625 ], [ 100.51638, 19.51889 ], [ 100.40499, 19.74903 ], [ 100.58045, 20.15777 ], [ 100.3211, 20.39152 ], [ 100.09136, 20.34861 ], [ 100.25874, 20.74903 ], [ 100.64055, 20.86173 ], [ 100.52069, 20.95194 ], [ 100.72721, 21.30781 ], [ 101.14824, 21.57263 ], [ 101.29193, 21.17687 ], [ 101.57054, 21.24722 ], [ 101.78595, 21.14451 ], [ 101.76527, 21.83444 ], [ 101.57443, 22.20916 ], [ 101.74151, 22.49777 ], [ 102.14074, 22.39629 ] ] ] } },
{ "type": "Feature", "properties": { "name": "Macao", "iso3": "MAC" }, "geometry": { "type": "MultiPolygon", "coordinates": [ [ [ [ 113.55938, 22.15011 ], [ 113.56047, 22.16186 ], [ 113.5775000000001, 22.1545 ], [ 113.55938, 22.15011 ] ] ], [ [ [ 113.55268, 22.18701 ], [ 113.53225, 22.20337 ], [ 113.554470265000077, 22.212789802000088 ], [ 113.55268, 22.18701 ] ] ] ] } },
{ "type": "Feature", "properties": { "name": "Jammu-Kashmir", "iso3": null }, "geometry": { "type": "Polygon", "coordinates": [ [ [ 76.89526, 35.6125 ], [ 78.08553, 35.47379 ], [ 78.02305, 35.28069 ], [ 78.33708, 34.6118 ], [ 78.98535, 34.35001 ], [ 78.97873, 34.19746 ], [ 78.65395, 34.07914 ], [ 78.77273, 33.73294 ], [ 78.68337, 33.66524 ], [ 79.15359, 33.18172 ], [ 79.25465, 32.52413 ], [ 78.92261, 32.36482 ], [ 78.74677, 32.71145 ], [ 78.28533, 32.45401 ], [ 78.38248, 32.74666 ], [ 78.00527, 32.61805 ], [ 77.75694, 32.98082 ], [ 77.44656, 32.81399 ], [ 76.48415, 33.17083 ], [ 75.84027, 32.87332 ], [ 75.94525, 32.71999 ], [ 75.86749, 32.53745 ], [ 75.49637, 32.25944 ], [ 75.05763, 32.47513 ], [ 74.71068, 32.48069 ], [ 74.64193, 32.77707 ], [ 74.36338, 32.77506 ], [ 73.62831, 33.09471 ], [ 73.5836, 33.89441 ], [ 73.40082, 34.40471 ], [ 73.44832, 34.56305 ], [ 73.6411, 34.56694 ], [ 73.7397, 34.78722 ], [ 73.98638, 34.87054 ], [ 74.12747, 35.12471 ], [ 73.72665, 35.22138 ], [ 73.80676, 35.50409 ], [ 73.28109, 35.61385 ], [ 73.10637, 35.85333 ], [ 72.5971, 35.841 ], [ 72.51859, 36.09055 ], [ 72.55276, 36.23132 ], [ 73.0383, 36.54059 ], [ 73.04997, 36.68192 ], [ 73.8547, 36.7138 ], [ 73.82478, 36.89698 ], [ 74.03526, 36.81538 ], [ 74.6965, 37.06076 ], [ 75.37636, 36.92486 ], [ 75.45178, 36.73166 ], [ 75.85983, 36.66339 ], [ 76.04165, 36.23749 ], [ 75.92887, 36.07082 ], [ 76.18061, 35.81458 ], [ 76.55304, 35.90665 ], [ 76.59414, 35.75722 ], [ 76.89526, 35.6125 ] ] ] } },
{ "type": "Feature", "properties": { "name": "Turks and Caicos Islands", "iso3": "TCA" }, "geometry": { "type": "MultiPolygon", "coordinates": [ [ [ [ -71.12757, 21.44263 ], [ -71.14605, 21.42992 ], [ -71.13219, 21.50922 ], [ -71.12757, 21.44263 ] ] ], [ [ [ -71.84778, 21.85472 ], [ -71.65889, 21.73972 ], [ -71.85057, 21.84278 ], [ -71.84778, 21.85472 ] ] ], [ [ [ -71.88417, 21.84722 ], [ -72.02917, 21.905 ], [ -72.03146, 21.94417 ], [ -71.91487, 21.94458 ], [ -71.88417, 21.84722 ] ] ] ] } },
{ "type": "Feature", "properties": { "name": "Grenada", "iso3": "GRD" }, "geometry": { "type": "Polygon", "coordinates": [ [ [ -61.7175, 12.00389 ], [ -61.72473, 12.17222 ], [ -61.61472, 12.23194 ], [ -61.61112, 12.07944 ], [ -61.7175, 12.00389 ] ] ] } },
{ "type": "Feature", "properties": { "name": "Timor-Leste", "iso3": "TLS" }, "geometry": { "type": "MultiPolygon", "coordinates": [ [ [ [ 124.0461, -9.34 ], [ 124.18304, -9.26167 ], [ 124.4628, -9.18441 ], [ 124.3404, -9.46166 ], [ 124.0461, -9.34 ] ] ], [ [ [ 125.12941, -9.43529 ], [ 124.9663, -9.22131 ], [ 125.1597, -9.0681 ], [ 124.94629, -9.00895 ], [ 125.14527, -8.63472 ], [ 126.56303, -8.48639 ], [ 127.00499, -8.32444 ], [ 127.30339, -8.39695 ], [ 126.47457, -8.95111 ], [ 125.12941, -9.43529 ] ] ], [ [ [ 125.597490000000107, -8.29861 ], [ 125.49874, -8.26542 ], [ 125.6454, -8.14028 ], [ 125.597490000000107, -8.29861 ] ] ] ] } },
{ "type": "Feature", "properties": { "name": "Christmas Island", "iso3": "CXR" }, "geometry": { "type": "Polygon", "coordinates": [ [ [ 105.73661, -10.38408 ], [ 105.70141, -10.51097 ], [ 105.62899, -10.43731 ], [ 105.73661, -10.38408 ] ] ] } },
{ "type": "Feature", "properties": { "name": "Suriname", "iso3": "SUR" }, "geometry": { "type": "Polygon", "coordinates": [ [ [ -53.99021, 5.74694 ], [ -54.44806, 5.02417 ], [ -54.47778, 4.75417 ], [ -54.36077, 4.04243 ], [ -53.98612, 3.60153 ], [ -54.3659, 2.4966 ], [ -54.63472, 2.32007 ], [ -54.96945, 2.55056 ], [ -55.71369, 2.40014 ], [ -55.96278, 2.53306 ], [ -56.11584, 2.24917 ], [ -55.90396, 2.04778 ], [ -55.94264, 1.85611 ], [ -56.68209, 2.02677 ], [ -57.20084, 2.82285 ], [ -57.30417, 3.38042 ], [ -57.64223, 3.35639 ], [ -58.04376, 4.00153 ], [ -57.84695, 4.62889 ], [ -57.90139, 4.85556 ], [ -57.19104, 5.17201 ], [ -57.324449999999899, 5.30361 ], [ -56.96445, 5.99708 ], [ -56.01779, 5.81833 ], [ -55.89956, 5.67191 ], [ -55.92272, 5.87608 ], [ -55.76806, 5.96722 ], [ -55.12797, 5.82217 ], [ -54.86445, 5.85514 ], [ -55.14472, 5.93417 ], [ -55.04737, 6.0018 ], [ -54.20473, 5.87972 ], [ -53.99021, 5.74694 ] ] ] } },
{ "type": "Feature", "properties": { "name": "Somalia", "iso3": "SOM" }, "geometry": { "type": "Polygon", "coordinates": [ [ [ 41.55816, -1.67487 ], [ 40.99833, -0.86611 ], [ 40.99135, 2.83553 ], [ 42.07388, 4.17615 ], [ 42.85569, 4.30472 ], [ 43.15819, 4.66639 ], [ 43.68639, 4.89194 ], [ 44.95083, 4.9025 ], [ 47.98824, 8.00411 ], [ 46.99472, 8.00611 ], [ 44.01055, 9.00722 ], [ 43.44166, 9.41764 ], [ 42.66479, 10.63291 ], [ 43.24922, 11.46953 ], [ 44.27833, 10.44778 ], [ 44.89208, 10.42153 ], [ 45.75888, 10.87299 ], [ 46.45333, 10.69 ], [ 47.39666, 11.17896 ], [ 47.69166, 11.09916 ], [ 48.52139, 11.31555 ], [ 48.95694, 11.24278 ], [ 49.42417, 11.34083 ], [ 50.28139, 11.59528 ], [ 50.76944, 11.97916 ], [ 51.27277, 11.83944 ], [ 51.07639, 11.32806 ], [ 51.14556, 10.63361 ], [ 51.01722, 10.44667 ], [ 51.18944, 10.53806 ], [ 51.39125, 10.39736 ], [ 50.89583, 10.31222 ], [ 50.83854, 9.43787 ], [ 50.10902, 8.18569 ], [ 49.8293, 7.94611 ], [ 49.7325, 7.57444 ], [ 49.21944, 6.75833 ], [ 49.04083, 6.14972 ], [ 48.00055, 4.52305 ], [ 46.02555, 2.43722 ], [ 44.545, 1.55194 ], [ 43.48861, 0.65 ], [ 42.06667, -0.89611 ], [ 41.55816, -1.67487 ] ] ] } },
{ "type": "Feature", "properties": { "name": "Maldives", "iso3": "MDV" }, "geometry": { "type": "MultiPolygon", "coordinates": [ [ [ [ 73.10193, -0.58431 ], [ 73.11519, -0.64167 ], [ 73.09061, -0.58535 ], [ 73.10193, -0.58431 ] ] ], [ [ [ 73.44247, -0.28632 ], [ 73.44602, -0.305 ], [ 73.42977, -0.2859 ], [ 73.44247, -0.28632 ] ] ], [ [ [ 73.10124, 0.22917 ], [ 73.10679, 0.21417 ], [ 73.09575, 0.22111 ], [ 73.10124, 0.22917 ] ] ], [ [ [ 73.51361, 0.38778 ], [ 73.51013, 0.38049 ], [ 73.50797, 0.39042 ], [ 73.51361, 0.38778 ] ] ], [ [ [ 73.55415, 1.91972 ], [ 73.54192, 1.89125 ], [ 73.55151, 1.93667 ], [ 73.55415, 1.91972 ] ] ], [ [ [ 73.3636, 2.42306 ], [ 73.36526, 2.38417 ], [ 73.35068, 2.43805 ], [ 73.3636, 2.42306 ] ] ], [ [ [ 73.58611, 2.96167 ], [ 73.57763, 2.95101 ], [ 73.5854, 2.96562 ], [ 73.58611, 2.96167 ] ] ], [ [ [ 72.87026, 2.96917 ], [ 72.87231, 2.95854 ], [ 72.86339, 2.9666 ], [ 72.87026, 2.96917 ] ] ], [ [ [ 72.98276, 3.11083 ], [ 72.97499, 3.1025 ], [ 72.97388, 3.10806 ], [ 72.98276, 3.11083 ] ] ], [ [ [ 73.59137, 3.37278 ], [ 73.58167, 3.37222 ], [ 73.59082, 3.37694 ], [ 73.59137, 3.37278 ] ] ], [ [ [ 73.49748, 4.17833 ], [ 73.50499, 4.165 ], [ 73.49192, 4.16924 ], [ 73.49748, 4.17833 ] ] ], [ [ [ 72.94984, 4.43972 ], [ 72.95624, 4.4193 ], [ 72.94254, 4.4259 ], [ 72.94984, 4.43972 ] ] ], [ [ [ 72.97943, 4.89555 ], [ 72.96818, 4.87833 ], [ 72.97582, 4.9 ], [ 72.97943, 4.89555 ] ] ], [ [ [ 73.63728, 5.40944 ], [ 73.63248, 5.38764 ], [ 73.62227, 5.41833 ], [ 73.63728, 5.40944 ] ] ], [ [ [ 73.39235, 5.7268 ], [ 73.38074, 5.70924 ], [ 73.38937, 5.74055 ], [ 73.39235, 5.7268 ] ] ], [ [ [ 72.93193, 5.96917 ], [ 72.92984, 5.9568 ], [ 72.92783, 5.97146 ], [ 72.93193, 5.96917 ] ] ], [ [ [ 73.04915, 6.44167 ], [ 73.04398, 6.43107 ], [ 73.0431, 6.44382 ], [ 73.04915, 6.44167 ] ] ], [ [ [ 73.15721, 6.7575 ], [ 73.13127, 6.73108 ], [ 73.16206, 6.78215 ], [ 73.15721, 6.7575 ] ] ], [ [ [ 72.97998, 7.02778 ], [ 72.98272, 7.01299 ], [ 72.97422, 7.02757 ], [ 72.97998, 7.02778 ] ] ] ] } },
{ "type": "Feature", "properties": { "name": "Sao Tome and Principe", "iso3": "STP" }, "geometry": { "type": "MultiPolygon", "coordinates": [ [ [ [ 6.56167, 0.02722 ], [ 6.46722, 0.25972 ], [ 6.68778, 0.40222 ], [ 6.75153, 0.22681 ], [ 6.56167, 0.02722 ] ] ], [ [ [ 7.42305, 1.55611 ], [ 7.32792, 1.61 ], [ 7.40458, 1.70125 ], [ 7.46347, 1.67618 ], [ 7.42305, 1.55611 ] ] ] ] } },
{ "type": "Feature", "properties": { "name": "Guyana", "iso3": "GUY" }, "geometry": { "type": "Polygon", "coordinates": [ [ [ -57.13576, 5.9541 ], [ -57.324449999999899, 5.30361 ], [ -57.19104, 5.17201 ], [ -57.32722, 5.02611 ], [ -57.67625, 5.01153 ], [ -57.92334, 4.82194 ], [ -57.84035, 4.66903 ], [ -58.04376, 4.00153 ], [ -57.64223, 3.35639 ], [ -57.30417, 3.38042 ], [ -57.20084, 2.82285 ], [ -56.68209, 2.02677 ], [ -56.47063, 1.9445 ], [ -57.33195, 1.97222 ], [ -57.52806, 1.71583 ], [ -57.75945, 1.71785 ], [ -58.00716, 1.51569 ], [ -58.29722, 1.58278 ], [ -58.50229, 1.45467 ], [ -58.51962, 1.26962 ], [ -58.83639, 1.19028 ], [ -59.24396, 1.38653 ], [ -59.74903, 1.86139 ], [ -59.73549, 2.28472 ], [ -59.89326, 2.3641 ], [ -59.98278, 2.86028 ], [ -59.83195, 3.52417 ], [ -59.56861, 3.89945 ], [ -59.73111, 4.21917 ], [ -59.67444, 4.38514 ], [ -60.14848, 4.52 ], [ -60.01389, 5.11 ], [ -60.20236, 5.27271 ], [ -60.73037, 5.2048 ], [ -61.38973, 5.94 ], [ -61.160139999999899, 6.1825 ], [ -61.12511, 6.71477 ], [ -60.69778, 6.76667 ], [ -60.29125, 7.0566 ], [ -60.36049, 7.17625 ], [ -60.6175, 7.19444 ], [ -60.71667, 7.54 ], [ -60.53334, 7.80389 ], [ -59.83285, 8.23153 ], [ -59.99028, 8.53528 ], [ -59.1293, 8.04 ], [ -58.48528, 7.36861 ], [ -58.63709, 6.42194 ], [ -58.3166, 6.89424 ], [ -57.98639, 6.79055 ], [ -57.51919, 6.27077 ], [ -57.46972, 6.34028 ], [ -57.22029, 6.16917 ], [ -57.13576, 5.9541 ] ] ] } },
{ "type": "Feature", "properties": { "name": "Niue", "iso3": "NIU" }, "geometry": { "type": "Polygon", "coordinates": [ [ [ -169.88807, -19.14445 ], [ -169.93028, -19.01361 ], [ -169.81514, -18.97028 ], [ -169.78155, -19.06528 ], [ -169.88807, -19.14445 ] ] ] } },
{ "type": "Feature", "properties": { "name": "French Polynesia", "iso3": "PYF" }, "geometry": { "type": "MultiPolygon", "coordinates": [ [ [ [ -149.37363, -17.52695 ], [ -149.17416, -17.86917 ], [ -149.59058, -17.71139 ], [ -149.63251, -17.55 ], [ -149.37363, -17.52695 ] ] ], [ [ [ -149.7853, -17.47125 ], [ -149.92505, -17.52528 ], [ -149.93725, -17.48417 ], [ -149.7853, -17.47125 ] ] ], [ [ [ -151.35112, -16.84584 ], [ -151.47513, -16.8975 ], [ -151.47252, -16.73972 ], [ -151.35112, -16.84584 ] ] ], [ [ [ -139.16879, -9.79375 ], [ -138.80976, -9.74806 ], [ -139.054749999999899, -9.86 ], [ -139.16879, -9.79375 ] ] ], [ [ [ -140.042819999999892, -8.83028 ], [ -140.225839999999891, -8.93042 ], [ -140.245019999999897, -8.79389 ], [ -140.042819999999892, -8.83028 ] ] ] ] } },
{ "type": "Feature", "properties": { "name": "Tonga", "iso3": "TON" }, "geometry": { "type": "MultiPolygon", "coordinates": [ [ [ [ -175.36, -21.10084 ], [ -175.14903, -21.17681 ], [ -175.04599, -21.14917 ], [ -175.14529, -21.26806 ], [ -175.36, -21.10084 ] ] ], [ [ [ -173.96753, -18.56806 ], [ -173.98697, -18.68417 ], [ -174.07032, -18.63597 ], [ -173.96753, -18.56806 ] ] ] ] } },
{ "type": "Feature", "properties": { "name": "Vanuatu", "iso3": "VUT" }, "geometry": { "type": "MultiPolygon", "coordinates": [ [ [ [ 169.88881, -20.17361 ], [ 169.76193, -20.23444 ], [ 169.74495, -20.15076 ], [ 169.88881, -20.17361 ] ] ], [ [ [ 169.49829, -19.545 ], [ 169.3497, -19.63694 ], [ 169.23225, -19.35208 ], [ 169.33579, -19.32 ], [ 169.49829, -19.545 ] ] ], [ [ [ 169.30524, -18.97889 ], [ 168.98649, -18.87667 ], [ 169.01859, -18.64 ], [ 169.14664, -18.63979 ], [ 169.30524, -18.97889 ] ] ], [ [ [ 168.57468, -17.69277 ], [ 168.38416, -17.83 ], [ 168.14845, -17.71667 ], [ 168.3111, -17.53139 ], [ 168.57468, -17.69277 ] ] ], [ [ [ 168.14832, -16.58056 ], [ 168.47496, -16.84389 ], [ 168.17067, -16.80681 ], [ 168.14832, -16.58056 ] ] ], [ [ [ 168.140810000000101, -16.09056 ], [ 168.30607, -16.33778 ], [ 167.91873, -16.26278 ], [ 168.140810000000101, -16.09056 ] ] ], [ [ [ 167.32955, -15.91319 ], [ 167.82401, -16.42611 ], [ 167.77249, -16.535 ], [ 167.41748, -16.53222 ], [ 167.37607, -16.19056 ], [ 167.14664, -16.08583 ], [ 167.18469, -15.89194 ], [ 167.32955, -15.91319 ] ] ], [ [ [ 167.20913, -15.75556 ], [ 167.09164, -15.70722 ], [ 167.07745, -15.64028 ], [ 167.2251, -15.63625 ], [ 167.20913, -15.75556 ] ] ], [ [ [ 168.21079, -15.99806 ], [ 168.11205, -15.67875 ], [ 168.15332, -15.49222 ], [ 168.26666, -15.87083 ], [ 168.21079, -15.99806 ] ] ], [ [ [ 167.93054, -15.41889 ], [ 167.66928, -15.44431 ], [ 168.00345, -15.29222 ], [ 167.93054, -15.41889 ] ] ], [ [ [ 168.19024, -15.21472 ], [ 168.13581, -15.39667 ], [ 168.10288, -14.92056 ], [ 168.19024, -15.21472 ] ] ], [ [ [ 166.80277, -15.1575 ], [ 166.92247, -15.15937 ], [ 167.04081, -14.93278 ], [ 167.23337, -15.52535 ], [ 166.76359, -15.64458 ], [ 166.52526, -14.85431 ], [ 166.59918, -14.62604 ], [ 166.80277, -15.1575 ] ] ], [ [ [ 167.52746, -14.32666 ], [ 167.39442, -14.30042 ], [ 167.44635, -14.15931 ], [ 167.59857, -14.19417 ], [ 167.52746, -14.32666 ] ] ], [ [ [ 167.48198, -13.94583 ], [ 167.38672, -13.83118 ], [ 167.47204, -13.70722 ], [ 167.57776, -13.84722 ], [ 167.48198, -13.94583 ] ] ] ] } },
{ "type": "Feature", "properties": { "name": "Glorioso Islands", "iso3": null }, "geometry": { "type": "Polygon", "coordinates": [ [ [ 47.29715, -11.5541 ], [ 47.28208, -11.57458 ], [ 47.27909, -11.55757 ], [ 47.29715, -11.5541 ] ] ] } },
{ "type": "Feature", "properties": { "name": "Paracel Islands", "iso3": null }, "geometry": { "type": "MultiPolygon", "coordinates": [ [ [ [ 111.71652, 16.45152 ], [ 111.71388, 16.44749 ], [ 111.70584, 16.46072 ], [ 111.71652, 16.45152 ] ] ], [ [ [ 112.74713, 16.66055 ], [ 112.74193, 16.65527 ], [ 112.73533, 16.66687 ], [ 112.74713, 16.66055 ] ] ], [ [ [ 112.33749, 16.95 ], [ 112.33388, 16.94361 ], [ 112.330830000000105, 16.94916 ], [ 112.33749, 16.95 ] ] ] ] } },
{ "type": "Feature", "properties": { "name": "Palau", "iso3": "PLW" }, "geometry": { "type": "MultiPolygon", "coordinates": [ [ [ [ 134.46009, 7.36321 ], [ 134.5133, 7.30526 ], [ 134.45249, 7.32711 ], [ 134.46009, 7.36321 ] ] ], [ [ [ 134.56137, 7.37194 ], [ 134.48523, 7.43805 ], [ 134.63066, 7.72944 ], [ 134.65469, 7.60028 ], [ 134.56137, 7.37194 ] ] ] ] } },
{ "type": "Feature", "properties": { "name": "Ilemi Triangle", "iso3": null }, "geometry": { "type": "Polygon", "coordinates": [ [ [ 35.544335191000073, 4.660475658000053 ], [ 35.94826, 4.61154 ], [ 34.38032, 4.61129 ], [ 35.247185408000064, 5.050619386000051 ], [ 35.503712826000083, 4.933576452000068 ], [ 35.544335191000073, 4.660475658000053 ] ] ] } },
{ "type": "Feature", "properties": { "name": "Comoros", "iso3": "COM" }, "geometry": { "type": "MultiPolygon", "coordinates": [ [ [ [ 43.85708, -12.35278 ], [ 43.66861, -12.3575 ], [ 43.62555, -12.25445 ], [ 43.725, -12.26778 ], [ 43.85708, -12.35278 ] ] ], [ [ [ 44.4875, -12.09306 ], [ 44.51833, -12.21361 ], [ 44.51361, -12.38028 ], [ 44.21222, -12.16354 ], [ 44.4875, -12.09306 ] ] ], [ [ [ 43.46208, -11.93445 ], [ 43.22014, -11.76347 ], [ 43.28694, -11.37833 ], [ 43.39527, -11.40611 ], [ 43.46208, -11.93445 ] ] ] ] } },
{ "type": "Feature", "properties": { "name": "French Guiana", "iso3": "GUF" }, "geometry": { "type": "Polygon", "coordinates": [ [ [ -51.68407, 4.03416 ], [ -52.34494, 3.1574 ], [ -52.59445, 2.47389 ], [ -52.89646, 2.20681 ], [ -53.74611, 2.37097 ], [ -54.10965, 2.11347 ], [ -54.60378, 2.32919 ], [ -54.20459, 2.775 ], [ -54.20612, 3.14528 ], [ -54.00111, 3.44833 ], [ -53.99778, 3.62694 ], [ -54.36077, 4.04243 ], [ -54.47611, 4.86778 ], [ -53.93973, 5.74472 ], [ -52.88653, 5.42028 ], [ -52.02347, 4.68569 ], [ -51.95083, 4.42389 ], [ -52.04069, 4.33458 ], [ -51.92819, 4.40083 ], [ -51.86161, 4.6593 ], [ -51.68407, 4.03416 ] ] ] } },
{ "type": "Feature", "properties": { "name": "Spratly Islands", "iso3": null }, "geometry": { "type": "MultiPolygon", "coordinates": [ [ [ [ 114.3736, 9.70833 ], [ 114.372210000000109, 9.69972 ], [ 114.36832, 9.705 ], [ 114.3736, 9.70833 ] ] ], [ [ [ 115.84081, 10.72111 ], [ 115.81442, 10.72444 ], [ 115.822770000000105, 10.73153 ], [ 115.84081, 10.72111 ] ] ] ] } },
{ "type": "Feature", "properties": { "name": "Barbados", "iso3": "BRB" }, "geometry": { "type": "Polygon", "coordinates": [ [ [ -59.42917, 13.165 ], [ -59.62708, 13.10153 ], [ -59.64292, 13.32972 ], [ -59.42917, 13.165 ] ] ] } },
{ "type": "Feature", "properties": { "name": "Puerto Rico", "iso3": "PRI" }, "geometry": { "type": "MultiPolygon", "coordinates": [ [ [ [ -65.33778, 18.11694 ], [ -65.57896, 18.11542 ], [ -65.30112, 18.14778 ], [ -65.33778, 18.11694 ] ] ], [ [ [ -66.99668, 18.505 ], [ -65.89056, 18.45222 ], [ -65.62695, 18.365 ], [ -65.60279, 18.23458 ], [ -65.93722, 17.96666 ], [ -67.18473, 17.9325 ], [ -67.2664, 18.36542 ], [ -66.99668, 18.505 ] ] ] ] } },
{ "type": "Feature", "properties": { "name": "Seychelles", "iso3": "SYC" }, "geometry": { "type": "MultiPolygon", "coordinates": [ [ [ [ 46.44972, -9.34646 ], [ 46.26917, -9.46306 ], [ 46.20611, -9.41917 ], [ 46.44972, -9.34646 ] ] ], [ [ [ 55.53527, -4.76306 ], [ 55.37541, -4.62514 ], [ 55.44527, -4.55806 ], [ 55.53819, -4.66375 ], [ 55.53527, -4.76306 ] ] ] ] } },
{ "type": "Feature", "properties": { "name": "Gambia", "iso3": "GMB" }, "geometry": { "type": "Polygon", "coordinates": [ [ [ -16.75087, 13.05998 ], [ -16.81712, 13.37065 ], [ -16.68431, 13.48944 ], [ -16.55472, 13.29507 ], [ -16.19473, 13.25264 ], [ -16.1559, 13.42486 ], [ -15.32833, 13.43861 ], [ -15.29458, 13.48597 ], [ -16.14049, 13.45354 ], [ -16.40354, 13.33208 ], [ -16.56567, 13.59 ], [ -15.4882, 13.59083 ], [ -15.36444, 13.78139 ], [ -15.07028, 13.82639 ], [ -14.71653, 13.61333 ], [ -14.53569, 13.65069 ], [ -14.33486, 13.45403 ], [ -13.98042, 13.58278 ], [ -13.79861, 13.41306 ], [ -14.35111, 13.23778 ], [ -15.11167, 13.59583 ], [ -15.29042, 13.37278 ], [ -15.80653, 13.33944 ], [ -15.80972, 13.15972 ], [ -16.70035, 13.15722 ], [ -16.75087, 13.05998 ] ] ] } },
{ "type": "Feature", "properties": { "name": "Norfolk Island", "iso3": "NFK" }, "geometry": { "type": "Polygon", "coordinates": [ [ [ 167.99887, -29.0275 ], [ 167.92358, -29.05667 ], [ 167.91095, -29.00736 ], [ 167.99887, -29.0275 ] ] ] } },
{ "type": "Feature", "properties": { "name": "Reunion", "iso3": "REU" }, "geometry": { "type": "Polygon", "coordinates": [ [ [ 55.72194, -21.36444 ], [ 55.34333, -21.26861 ], [ 55.22555, -21.06139 ], [ 55.29444, -20.92167 ], [ 55.68777, -20.92806 ], [ 55.85305, -21.16861 ], [ 55.72194, -21.36444 ] ] ] } },
{ "type": "Feature", "properties": { "name": "Guadeloupe", "iso3": "GLP" }, "geometry": { "type": "MultiPolygon", "coordinates": [ [ [ [ -61.18708, 15.91417 ], [ -61.32959, 15.93153 ], [ -61.26417, 16.01389 ], [ -61.18708, 15.91417 ] ] ], [ [ [ -61.26, 16.31278 ], [ -61.56593, 16.22686 ], [ -61.56098, 16.03166 ], [ -61.68889, 15.94778 ], [ -61.78362, 16.33305 ], [ -61.54187, 16.29025 ], [ -61.46333, 16.51291 ], [ -61.26, 16.31278 ] ] ] ] } },
{ "type": "Feature", "properties": { "name": "Trinidad and Tobago", "iso3": "TTO" }, "geometry": { "type": "MultiPolygon", "coordinates": [ [ [ [ -60.92306, 10.79722 ], [ -61.03417, 10.67819 ], [ -61.00445, 10.14958 ], [ -61.90951, 10.04035 ], [ -61.45376, 10.29416 ], [ -61.47361, 10.59778 ], [ -61.66202, 10.7084 ], [ -60.92306, 10.79722 ] ] ], [ [ [ -60.52958, 11.34555 ], [ -60.7975, 11.14167 ], [ -60.84493, 11.15722 ], [ -60.52958, 11.34555 ] ] ] ] } },
{ "type": "Feature", "properties": { "name": "Dominica", "iso3": "DMA" }, "geometry": { "type": "Polygon", "coordinates": [ [ [ -61.26723, 15.51667 ], [ -61.3741, 15.20417 ], [ -61.46805, 15.62805 ], [ -61.26723, 15.51667 ] ] ] } },
{ "type": "Feature", "properties": { "name": "Jarvis Island", "iso3": null }, "geometry": { "type": "Polygon", "coordinates": [ [ [ -160.01779, -0.37472 ], [ -160.04348, -0.39222 ], [ -160.04517, -0.38014 ], [ -160.01779, -0.37472 ] ] ] } },
{ "type": "Feature", "properties": { "name": "Cambodia", "iso3": "KHM" }, "geometry": { "type": "Polygon", "coordinates": [ [ [ 104.44533, 10.42274 ], [ 104.25129, 10.56618 ], [ 103.63499, 10.49021 ], [ 103.51609, 10.63805 ], [ 103.71942, 10.8875 ], [ 103.55565, 11.15535 ], [ 103.34886, 10.88472 ], [ 103.1297, 10.88305 ], [ 103.10136, 11.34861 ], [ 102.96025, 11.54417 ], [ 103.07639, 11.71274 ], [ 102.89588, 11.82677 ], [ 102.9665, 11.71958 ], [ 102.93565, 11.59139 ], [ 102.71727, 12.16632 ], [ 102.77943, 12.45194 ], [ 102.5036, 12.68548 ], [ 102.3772, 13.57389 ], [ 102.59902, 13.61514 ], [ 102.96276, 14.20639 ], [ 103.65915, 14.44778 ], [ 103.92221, 14.33916 ], [ 104.80901, 14.44764 ], [ 105.08214, 14.21895 ], [ 105.2106, 14.34965 ], [ 105.37478, 14.10653 ], [ 105.55913, 14.16833 ], [ 106.05664, 13.93 ], [ 106.17421, 14.05861 ], [ 106.00082, 14.36722 ], [ 106.5345, 14.59739 ], [ 106.85026, 14.30389 ], [ 107.5466, 14.70862 ], [ 107.34408, 14.1284 ], [ 107.62925, 13.53804 ], [ 107.48332, 13.02055 ], [ 107.54991, 12.3593 ], [ 107.43894, 12.25455 ], [ 107.18998, 12.28722 ], [ 106.69858, 11.96278 ], [ 106.41955, 11.97264 ], [ 106.45821, 11.66586 ], [ 106.04337, 11.77625 ], [ 105.85315, 11.66194 ], [ 105.87114, 11.29673 ], [ 106.1894, 11.05368 ], [ 106.20331, 10.77055 ], [ 105.78135, 11.02097 ], [ 105.3619, 10.88069 ], [ 105.1008, 10.9543 ], [ 105.09415, 10.71319 ], [ 104.87788, 10.53042 ], [ 104.44533, 10.42274 ] ] ] } },
{ "type": "Feature", "properties": { "name": "Tuvalu", "iso3": "TUV" }, "geometry": { "type": "MultiPolygon", "coordinates": [ [ [ [ 179.23109, -8.50492 ], [ 179.21322, -8.56129 ], [ 179.2024100000001, -8.46542 ], [ 179.23109, -8.50492 ] ] ], [ [ [ 178.70179, -7.47521 ], [ 178.68885, -7.48083 ], [ 178.68878, -7.46757 ], [ 178.70179, -7.47521 ] ] ], [ [ [ 176.31198, -6.28215 ], [ 176.29526, -6.27458 ], [ 176.30601, -6.26014 ], [ 176.31198, -6.28215 ] ] ], [ [ [ 177.30553, -6.10597 ], [ 177.28137, -6.10986 ], [ 177.28137, -6.08944 ], [ 177.30553, -6.10597 ] ] ] ] } },
{ "type": "Feature", "properties": { "name": "Saint Vincent and the Grenadines", "iso3": "VCT" }, "geometry": { "type": "Polygon", "coordinates": [ [ [ -61.16979, 13.13444 ], [ -61.28014, 13.2057 ], [ -61.17986, 13.38319 ], [ -61.12028, 13.3075 ], [ -61.16979, 13.13444 ] ] ] } },
{ "type": "Feature", "properties": { "name": "New Caledonia", "iso3": "NCL" }, "geometry": { "type": "MultiPolygon", "coordinates": [ [ [ [ 167.5547, -22.615 ], [ 167.41913, -22.64639 ], [ 167.43733, -22.54208 ], [ 167.5547, -22.615 ] ] ], [ [ [ 167.8097, -21.38389 ], [ 168.09524, -21.45555 ], [ 168.12024, -21.63111 ], [ 167.97024, -21.64861 ], [ 167.8097, -21.38389 ] ] ], [ [ [ 167.28984, -20.75556 ], [ 167.27755, -20.89958 ], [ 167.46358, -21.05736 ], [ 167.39499, -21.17833 ], [ 167.05969, -20.98861 ], [ 167.18997, -20.81042 ], [ 167.05136, -20.72014 ], [ 167.28984, -20.75556 ] ] ], [ [ [ 166.56317, -20.39951 ], [ 166.6244, -20.60278 ], [ 166.49912, -20.71778 ], [ 166.56317, -20.39951 ] ] ], [ [ [ 164.25247, -20.29583 ], [ 164.50986, -20.30917 ], [ 165.22329, -20.76528 ], [ 165.6308, -21.27972 ], [ 166.95094, -22.09361 ], [ 167.0163, -22.3175 ], [ 166.91693, -22.39889 ], [ 166.50547, -22.2408 ], [ 166.45191, -22.31667 ], [ 166.1163600000001, -21.94639 ], [ 165.25998, -21.55806 ], [ 164.3851, -20.77181 ], [ 163.99552, -20.08792 ], [ 164.25247, -20.29583 ] ] ] ] } },
{ "type": "Feature", "properties": { "name": "Lesotho", "iso3": "LSO" }, "geometry": { "type": "Polygon", "coordinates": [ [ [ 28.68639, -28.59611 ], [ 29.32694, -29.0875 ], [ 29.42187, -29.42799 ], [ 29.17292, -29.66389 ], [ 29.16653, -29.91542 ], [ 28.37778, -30.16028 ], [ 28.07994, -30.65053 ], [ 27.73736, -30.5966 ], [ 27.37892, -30.31733 ], [ 27.01397, -29.62714 ], [ 27.30055, -29.52584 ], [ 27.7975, -28.91806 ], [ 28.68639, -28.59611 ] ] ] } },
{ "type": "Feature", "properties": { "name": "Bouvet Island", "iso3": "BVT" }, "geometry": { "type": "Polygon", "coordinates": [ [ [ 3.44389, -54.38417 ], [ 3.36139, -54.46278 ], [ 3.34236, -54.43174 ], [ 3.44389, -54.38417 ] ] ] } },
{ "type": "Feature", "properties": { "name": "Nauru", "iso3": "NRU" }, "geometry": { "type": "Polygon", "coordinates": [ [ [ 166.945266150000066, -0.518120263999947 ], [ 166.899017978000074, -0.539632117999929 ], [ 166.932038289000047, -0.50429717499992 ], [ 166.945266150000066, -0.518120263999947 ] ] ] } },
{ "type": "Feature", "properties": { "name": "American Samoa", "iso3": "ASM" }, "geometry": { "type": "Polygon", "coordinates": [ [ [ -170.56187, -14.27 ], [ -170.74389, -14.37556 ], [ -170.82323, -14.32375 ], [ -170.56187, -14.27 ] ] ] } },
{ "type": "Feature", "properties": { "name": "Mauritius", "iso3": "MUS" }, "geometry": { "type": "MultiPolygon", "coordinates": [ [ [ [ 57.57249, -20.51417 ], [ 57.30708, -20.43403 ], [ 57.62444, -19.98639 ], [ 57.79194, -20.27084 ], [ 57.57249, -20.51417 ] ] ], [ [ [ 63.43444, -19.67417 ], [ 63.36611, -19.76639 ], [ 63.33201, -19.74299 ], [ 63.43444, -19.67417 ] ] ] ] } },
{ "type": "Feature", "properties": { "name": "Cocos (Keeling) Islands", "iso3": "CCK" }, "geometry": { "type": "Polygon", "coordinates": [ [ [ 96.86484, -12.19208 ], [ 96.81944, -12.17806 ], [ 96.8236, -12.13042 ], [ 96.86484, -12.19208 ] ] ] } },
{ "type": "Feature", "properties": { "name": "South Georgia & the South Sandwich Islands", "iso3": null }, "geometry": { "type": "MultiPolygon", "coordinates": [ [ [ [ -26.24361, -58.49473 ], [ -26.42, -58.45667 ], [ -26.4582, -58.4307 ], [ -26.2657, -58.39418 ], [ -26.24361, -58.49473 ] ] ], [ [ [ -38.02257, -54.05473 ], [ -36.6564, -54.10778 ], [ -36.66265, -54.27514 ], [ -36.47889, -54.2389 ], [ -36.37, -54.355 ], [ -36.3948, -54.24917 ], [ -36.29021, -54.26584 ], [ -35.79396, -54.76021 ], [ -36.09531, -54.76993 ], [ -35.92361, -54.85042 ], [ -36.10472, -54.88924 ], [ -36.52591, -54.49709 ], [ -37.40833, -54.26493 ], [ -37.25208, -54.15229 ], [ -38.02257, -54.05473 ] ] ] ] } },
{ "type": "Feature", "properties": { "name": "Heard Island and McDonald Islands", "iso3": "HMD" }, "geometry": { "type": "Polygon", "coordinates": [ [ [ 73.23471, -52.9925 ], [ 73.57889, -53.02444 ], [ 73.77388, -53.12503 ], [ 73.47444, -53.19417 ], [ 73.23471, -52.9925 ] ] ] } },
{ "type": "Feature", "properties": { "name": "Martinique", "iso3": "MTQ" }, "geometry": { "type": "Polygon", "coordinates": [ [ [ -60.81695, 14.47333 ], [ -61.03389, 14.46583 ], [ -61.226669999999899, 14.83222 ], [ -61.03708, 14.83055 ], [ -60.81695, 14.47333 ] ] ] } }
]
}
